spolka,sekcja,nazwa_oryginalna,standard_key,znak,waga,pewnosc,zrodlo,uwagi
,*,Pozycja,POMIN,1,1,PEWNE,NEU Q1 2026,wiersz naglowkowy
,RZIS,Przychody ze sprzedaży,revenues,1,1,PEWNE,NEU Q1 2026,
,RZIS,Koszt własny sprzedaży,cost_of_sales,-1,1,PEWNE,NEU Q1 2026,standard trzyma koszty ze znakiem dodatnim
,RZIS,Zysk brutto ze sprzedaży,POMIN,1,1,PEWNE,NEU Q1 2026,PULAPKA: to marza brutto (przychody-KWS). Standardowy gross_profit = po kosztach sprzedazy i zarzadu -> liczony regula
,RZIS,Koszty sprzedaży,distribution_expenses,-1,1,PEWNE,NEU Q1 2026,
,RZIS,Koszty ogólnego zarządu,administrative_expenses,-1,1,PEWNE,NEU Q1 2026,
,RZIS,Pozostałe przychody operacyjne,other_operating_income,1,1,PEWNE,NEU Q1 2026,
,RZIS,Pozostałe koszty operacyjne,other_operating_costs,-1,1,PEWNE,NEU Q1 2026,
,RZIS,Zmiana stanu odpisów aktualizujących należności i pożyczki,other_operating_income,1,1,PEWNE,NEU Q1 2026,"POTWIERDZONE wzorcem: 5024-4157=867 = other_operating_income; odpisy netuja sie z PRZYCHODAMI, nie kosztami"
,RZIS,Zysk z działalności operacyjnej,ebit,1,1,PEWNE,NEU Q1 2026,
,RZIS,Przychody finansowe,finance_income,1,1,PEWNE,NEU Q1 2026,
,RZIS,Koszty finansowe,finance_costs,-1,1,PEWNE,NEU Q1 2026,
,RZIS,Udział w zyskach/stratach jednostek stowarzyszonych,other_income,1,1,WYSOKA,NEU Q1 2026,
,RZIS,Pozostałe zyski/straty z inwestycji,other_income,1,1,WYSOKA,NEU Q1 2026,
,RZIS,Zysk przed opodatkowaniem,before_tax_profit,1,1,PEWNE,NEU Q1 2026,
,RZIS,Zysk przed opodatkowaniem,net_gross_profit,1,1,PEWNE,NEU Q1 2026,standard duplikuje: zysk z dzial. gospodarczej = przed opodatkowaniem
,RZIS,Podatek dochodowy,POMIN,1,1,WYSOKA,NEU Q1 2026,standard nie ma klucza na podatek - wynika z roznicy before_tax_profit - net_profit
,RZIS,Zysk netto,net_profit,1,1,PEWNE,NEU Q1 2026,
,RZIS,Zysk przypadający akcjonariuszom jednostki dominującej,shareholder_net_profit,1,1,PEWNE,NEU Q1 2026,"NIE zasila year_profit: u spolek MSSF year_profit zostaje pusty, bo caly wynik siedzi w retained_earnings"
,RZIS,Zysk (strata) przypadający akcjonariuszom niekontrolującym,POMIN,1,1,PEWNE,NEU Q1 2026,zawarte w nonshare_capital w bilansie
,RZIS,Średnia ważona liczba akcji zwykłych,POMIN,1,1,DO_WERYFIKACJI,NEU Q1 2026,"srednia wazona; u Neuki rozni sie od liczby akcji na dzien bilansowy, ale u Alior wzorzec potwierdza ta sama wartosc - sprawdzaj per spolka"
,RZIS,"Pozycje, które nie mogą być przeniesione do wyniku:",POMIN,1,1,PEWNE,NEU Q1 2026,sekcja innych calkowitych dochodow / EPS - poza zakresem standardu
,RZIS,Zysk (strata) z wyceny inwestycji w instrumenty kapitałowe,POMIN,1,1,PEWNE,NEU Q1 2026,sekcja innych calkowitych dochodow / EPS - poza zakresem standardu
,RZIS,"Pozycje, które nie mogą być przeniesione do wyniku, przed opodatkowaniem",POMIN,1,1,PEWNE,NEU Q1 2026,sekcja innych calkowitych dochodow / EPS - poza zakresem standardu
,RZIS,"Pozycje, które mogą być przeniesione do wyniku:",POMIN,1,1,PEWNE,NEU Q1 2026,sekcja innych calkowitych dochodow / EPS - poza zakresem standardu
,RZIS,Zabezpieczenie przepływów pieniężnych,POMIN,1,1,PEWNE,NEU Q1 2026,sekcja innych calkowitych dochodow / EPS - poza zakresem standardu
,RZIS,Różnice kursowe z przeliczenia jednostek działających za granicą,POMIN,1,1,PEWNE,NEU Q1 2026,sekcja innych calkowitych dochodow / EPS - poza zakresem standardu
,RZIS,Wycena aktywów finansowych wycenianych przez inne całkowite dochody,POMIN,1,1,PEWNE,NEU Q1 2026,sekcja innych calkowitych dochodow / EPS - poza zakresem standardu
,RZIS,"Pozycje, które mogą być przeniesione do wyniku, przed opodatkowaniem",POMIN,1,1,PEWNE,NEU Q1 2026,sekcja innych calkowitych dochodow / EPS - poza zakresem standardu
,RZIS,"Inne całkowite dochody, przed opodatkowaniem",POMIN,1,1,PEWNE,NEU Q1 2026,sekcja innych calkowitych dochodow / EPS - poza zakresem standardu
,RZIS,"Podatek dochodowy dotyczący składników innych całkowitych dochodów, które mogą być przeniesione do wyniku",POMIN,1,1,PEWNE,NEU Q1 2026,sekcja innych calkowitych dochodow / EPS - poza zakresem standardu
,RZIS,Inne całkowite dochody netto,POMIN,1,1,PEWNE,NEU Q1 2026,sekcja innych calkowitych dochodow / EPS - poza zakresem standardu
,RZIS,Całkowite dochody ogółem,POMIN,1,1,PEWNE,NEU Q1 2026,sekcja innych calkowitych dochodow / EPS - poza zakresem standardu
,RZIS,Całkowite dochody ogółem przypisane akcjonariuszom jednostki dominującej,POMIN,1,1,PEWNE,NEU Q1 2026,sekcja innych calkowitych dochodow / EPS - poza zakresem standardu
,RZIS,Całkowite dochody ogółem przypisane akcjonariuszom niekontrolującym,POMIN,1,1,PEWNE,NEU Q1 2026,sekcja innych calkowitych dochodow / EPS - poza zakresem standardu
,RZIS,Zysk na 1 akcję podstawowy (w PLN),POMIN,1,1,PEWNE,NEU Q1 2026,sekcja innych calkowitych dochodow / EPS - poza zakresem standardu
,RZIS,Zysk na 1 akcję rozwodniony (w PLN),POMIN,1,1,PEWNE,NEU Q1 2026,sekcja innych calkowitych dochodow / EPS - poza zakresem standardu
,RZIS,Średnia ważona rozwodniona liczba akcji zwykłych,POMIN,1,1,PEWNE,NEU Q1 2026,sekcja innych calkowitych dochodow / EPS - poza zakresem standardu
,CF,Zysk przed opodatkowaniem za rok obrotowy,POMIN,1,1,PEWNE,NEU Q1 2026,duplikat z RZiS
,CF,Korekty:,POMIN,1,1,PEWNE,NEU Q1 2026,
,CF,Zmiany w kapitale obrotowym:,POMIN,1,1,PEWNE,NEU Q1 2026,
,CF,Zyski/straty z tytułu różnic kursowych,change_in_other_assets,1,1,WYSOKA,NEU Q1 2026,korekta zbiorcza -> 'Zmiana rezerw i pozostale'
,CF,Odsetki netto,change_in_other_assets,1,1,WYSOKA,NEU Q1 2026,korekta zbiorcza -> 'Zmiana rezerw i pozostale'
,CF,Odpisy aktualizujące aktywa ujęte w wyniku finansowym,change_in_other_assets,1,1,WYSOKA,NEU Q1 2026,korekta zbiorcza -> 'Zmiana rezerw i pozostale'
,CF,Zysk z działalności inwestycyjnej,change_in_other_assets,1,1,WYSOKA,NEU Q1 2026,korekta zbiorcza -> 'Zmiana rezerw i pozostale'
,CF,Koszt programu motywacyjnego,change_in_other_assets,1,1,WYSOKA,NEU Q1 2026,korekta zbiorcza -> 'Zmiana rezerw i pozostale'
,CF,Zmiana stanu rezerw i odpisów aktualizujących zapasy i należności,change_in_other_assets,1,1,WYSOKA,NEU Q1 2026,korekta zbiorcza -> 'Zmiana rezerw i pozostale'
,CF,Udział w stratach jednostek stowarzyszonych,change_in_other_assets,1,1,WYSOKA,NEU Q1 2026,korekta zbiorcza -> 'Zmiana rezerw i pozostale'
,CF,Inne korekty,change_in_other_assets,1,1,WYSOKA,NEU Q1 2026,korekta zbiorcza -> 'Zmiana rezerw i pozostale'
,CF,Korekty z tytułu aktywów netto nabytych jednostek zależnych,change_in_other_assets,1,1,WYSOKA,NEU Q1 2026,korekta zbiorcza -> 'Zmiana rezerw i pozostale'
,CF,Zmiana stanu aktywów ubezpieczeniowych,change_in_other_assets,1,1,WYSOKA,NEU Q1 2026,korekta zbiorcza -> 'Zmiana rezerw i pozostale'
,CF,Amortyzacja,amortization,1,1,PEWNE,NEU Q1 2026,
,CF,Zmiana stanu zapasów brutto,change_in_inventories,1,1,PEWNE,NEU Q1 2026,
,CF,Zmiana stanu należności handlowych oraz pozostałych brutto,change_in_receivables,1,1,PEWNE,NEU Q1 2026,
,CF,Zmiana stanu zobowiązań handlowych oraz innych operacyjnych,change_in_payables,1,1,PEWNE,NEU Q1 2026,
,CF,Zmiana stanu zobowiązań ubezpieczeniowych,change_in_payables,1,1,WYSOKA,NEU Q1 2026,
,CF,Zmiana stanu rozliczeń z tytułu faktoringu należności,change_in_receivables,1,1,DO_WERYFIKACJI,NEU Q1 2026,faktoring - decyzja czy do naleznosci czy do dlugu
,CF,Zmiana stanu rozliczeń z tytułu faktoringu zobowiązań,change_in_payables,1,1,DO_WERYFIKACJI,NEU Q1 2026,j.w.
,CF,Zapłacony podatek dochodowy,change_in_other_assets,1,1,DO_WERYFIKACJI,NEU Q1 2026,brak klucza na podatek zaplacony w standardzie
,CF,Przepływy z działalności operacyjnej przed zmianami w kapitale obrotowym,POMIN,1,1,PEWNE,NEU Q1 2026,suma posrednia
,CF,Łącznie korekty zysku oraz zmiany kapitału obrotowego,POMIN,1,1,PEWNE,NEU Q1 2026,suma posrednia
,CF,Środki pieniężne wygenerowane w toku działalności operacyjnej,POMIN,1,1,PEWNE,NEU Q1 2026,suma posrednia (przed podatkiem)
,CF,Środki pieniężne z działalności operacyjnej (wykorzystane w działalności operacyjnej),operating_cashflow,1,1,PEWNE,NEU Q1 2026,
,CF_INW,Wydatki na nabycie wartości niematerialnych oraz rzeczowych aktywów trwałych,capex,-1,1,PEWNE,NEU Q1 2026,
,CF_INW,Wydatki na nabycie udziałów w jednostkach zależnych (pomniejszone o przejęte środki pieniężne),outflows_for_acquisitions,-1,1,PEWNE,NEU Q1 2026,
,CF_INW,Otrzymane odsetki,proceed_bank_loans,1,1,WYSOKA,NEU Q1 2026,"UWAGA: klucz nazywa sie proceed_bank_loans, ale etykieta w standardzie to 'Odsetki otrzymane'"
,CF_INW,Środki pieniężne z działalności inwestycyjnej (wykorzystane w działalności inwestycyjnej),investing_cashflow,1,1,PEWNE,NEU Q1 2026,
,CF_INW,Wpływy ze sprzedaży wartości niematerialnych oraz rzeczowych aktywów trwałych,POMIN,1,1,PEWNE,NEU Q1 2026,brak odpowiednika - zawarte w investing_cashflow
,CF_INW,Wpływy ze sprzedaży nieruchomości inwestycyjnych,POMIN,1,1,PEWNE,NEU Q1 2026,brak odpowiednika - zawarte w investing_cashflow
,CF_INW,Wpływy ze sprzedaży instrumentów kapitałowych oraz instrumentów dłużnych,POMIN,1,1,PEWNE,NEU Q1 2026,brak odpowiednika - zawarte w investing_cashflow
,CF_INW,Wydatki na nabycie instrumentów kapitałowych oraz instrumentów dłużnych,POMIN,1,1,PEWNE,NEU Q1 2026,brak odpowiednika - zawarte w investing_cashflow
,CF_INW,Pożyczki udzielone jednostkom niepowiązanym,POMIN,1,1,PEWNE,NEU Q1 2026,brak odpowiednika - zawarte w investing_cashflow
,CF_INW,Otrzymane spłaty pożyczek udzielonych od jednostek niepowiązanych,POMIN,1,1,PEWNE,NEU Q1 2026,brak odpowiednika - zawarte w investing_cashflow
,CF_FIN,Wpływy netto z tytułu emisji akcji,share_capital_cash,1,1,PEWNE,NEU Q1 2026,
,CF_FIN,Nabycie akcji własnych,change_in_bank_loans,-1,1,WYSOKA,NEU Q1 2026,UWAGA: klucz change_in_bank_loans ma w standardzie etykiete 'Skup akcji wlasnych'
,CF_FIN,Spłata zobowiązań z tytułu praw do użytkowania,lease_liab_payments,-1,1,PEWNE,NEU Q1 2026,
,CF_FIN,Odsetki zapłacone,repaid_bank_loans,-1,1,WYSOKA,NEU Q1 2026,klucz repaid_bank_loans = etykieta 'Odsetki zaplacone'
,CF_FIN,Środki pieniężne z działalności finansowej (wykorzystane w działalności finansowej),financing_cashflow,1,1,PEWNE,NEU Q1 2026,
,CF_FIN,Zmiana netto stanu środków pieniężnych i ich ekwiwalentów,net_cashflow,1,1,PEWNE,NEU Q1 2026,
,CF_FIN,Wpływy z otrzymanych dotacji,POMIN,1,1,PEWNE,NEU Q1 2026,brak odpowiednika w standardzie
,CF_FIN,Wpływy z tytułu zaciągnięcia kredytów i pożyczek,POMIN,1,1,PEWNE,NEU Q1 2026,brak odpowiednika w standardzie
,CF_FIN,Spłaty kredytów i pożyczek,POMIN,1,1,PEWNE,NEU Q1 2026,brak odpowiednika w standardzie
,CF_FIN,"Różnice kursowe otrzymane/(zapłacone) z instrumentów pochodnych ekonomicznie zabezpieczających zobowiązania finansowe, netto",POMIN,1,1,PEWNE,NEU Q1 2026,brak odpowiednika w standardzie
,CF_FIN,Pozostałe wpływy/wydatki,POMIN,1,1,PEWNE,NEU Q1 2026,brak odpowiednika w standardzie
,CF_FIN,Zmiana stanu środków pieniężnych i ich ekwiwalentów przed skutkami zmian kursów wymiany,POMIN,1,1,PEWNE,NEU Q1 2026,brak odpowiednika w standardzie
,CF_FIN,"Skutki zmian kursów wymiany, które dotyczą środków pieniężnych i ekwiwalentów środków pieniężnych",POMIN,1,1,PEWNE,NEU Q1 2026,brak odpowiednika w standardzie
,CF_FIN,Środki pieniężne i ich ekwiwalenty na początek okresu,POMIN,1,1,PEWNE,NEU Q1 2026,brak odpowiednika w standardzie
,CF_FIN,Środki pieniężne i ich ekwiwalenty na koniec okresu,POMIN,1,1,PEWNE,NEU Q1 2026,brak odpowiednika w standardzie
,CF_FIN,- o ograniczonej możliwości dysponowania,POMIN,1,1,PEWNE,NEU Q1 2026,brak odpowiednika w standardzie
,AKT_TRW,Rzeczowe aktywa trwałe,property,1,1,PEWNE,NEU Q1 2026,
,AKT_TRW,Aktywa z tytułu prawa do użytkowania,property,1,1,PEWNE,NEU Q1 2026,POTWIERDZONE wzorcem: 553250+188778=742028 = property
,AKT_TRW,Aktywa z tytułu prawa do użytkowania,right_to_use_assets,1,1,PEWNE,NEU Q1 2026,right_to_use_assets to pozycja 'w tym' - NIE sumuje sie do aktywow trwalych
,AKT_TRW,Wartość firmy,goodwill,1,1,PEWNE,NEU Q1 2026,
,AKT_TRW,Wartości niematerialne,other_intangible_assets,1,1,PEWNE,NEU Q1 2026,
,AKT_TRW,Nieruchomości inwestycyjne,noncurrent_investments,1,1,DO_WERYFIKACJI,NEU Q1 2026,alternatywa: property. Standard nie ma osobnego klucza
,AKT_TRW,Inwestycje długoterminowe w obligacje,noncurrent_investments,1,1,PEWNE,NEU Q1 2026,
,AKT_TRW,Akcje i udziały notowane,noncurrent_investments,1,1,PEWNE,NEU Q1 2026,
,AKT_TRW,Należności długoterminowe,noncurrent_receivables,1,1,PEWNE,NEU Q1 2026,
,AKT_TRW,Udzielone pożyczki,noncurrent_investments,1,1,PEWNE,NEU Q1 2026,
,AKT_TRW,Aktywa z tytułu odroczonego podatku dochodowego,other_noncurrent_assets,1,1,PEWNE,NEU Q1 2026,
,AKT_TRW,Aktywa trwałe razem,noncurrent_assets,1,1,PEWNE,NEU Q1 2026,
,AKT_OBR,Zapasy,inventory,1,1,PEWNE,NEU Q1 2026,
,AKT_OBR,Należności handlowe oraz pozostałe należności,current_receivables,1,1,PEWNE,NEU Q1 2026,
,AKT_OBR,Należności z tytułu bieżącego podatku dochodowego,current_receivables,1,1,PEWNE,NEU Q1 2026,
,AKT_OBR,Udzielone pożyczki,current_investments,1,1,PEWNE,NEU Q1 2026,
,AKT_OBR,Inne krótkoterminowe aktywa finansowe,current_investments,1,1,PEWNE,NEU Q1 2026,
,AKT_OBR,Pozostałe aktywa finansowe,current_investments,1,1,PEWNE,NEU Q1 2026,
,AKT_OBR,Środki pieniężne i ich ekwiwalenty,cash,1,1,PEWNE,NEU Q1 2026,
,AKT_OBR,Środki pieniężne i ich ekwiwalenty,current_investments,1,1,PEWNE,NEU Q1 2026,w standardzie inwestycje krotkoterminowe ZAWIERAJA srodki pieniezne
,AKT_OBR,Instrumenty pochodne niewyznaczone do rachunkowości zabezpieczeń,current_investments,1,1,WYSOKA,NEU Q1 2026,
,AKT_OBR,Aktywa obrotowe bez aktywów trwałych przeznaczonych do sprzedaży,POMIN,1,1,PEWNE,NEU Q1 2026,suma posrednia
,AKT_OBR,Aktywa trwałe zaklasyfikowane jako przeznaczone do sprzedaży,assets_for_sale,1,1,PEWNE,NEU Q1 2026,
,AKT_OBR,Aktywa obrotowe razem,current_assets,1,1,PEWNE,NEU Q1 2026,
,AKTYWA,Aktywa razem,total_assets,1,1,PEWNE,NEU Q1 2026,
,KAPITAL,Kapitał podstawowy,share_capital,1,1,PEWNE,NEU Q1 2026,
,KAPITAL,Akcje własne,own_share,1,1,PEWNE,NEU Q1 2026,juz ze znakiem ujemnym w raporcie - standard tez oczekuje ujemnej
,KAPITAL,Kapitał zapasowy ze sprzedaży akcji powyżej ich wartości nominalnej,reserve,1,1,PEWNE,NEU Q1 2026,
,KAPITAL,Pozostałe kapitały,kapitaly_pozostale_nierozdzielone,1,1,PEWNE,NEU Q1 2026,POTWIERDZONE wzorcem NEU.xlsx: reserve = 426890 = tylko kapital zapasowy ze sprzedazy akcji
,KAPITAL,Niepodzielony wynik finansowy i wynik finansowy roku obrotowego,retained_earnings,1,1,PEWNE,NEU Q1 2026,"POTWIERDZONE wzorcem NEU.xlsx: 768518 = CALA pozycja, bez odejmowania wyniku okresu"
,KAPITAL,Kapitały przypadające akcjonariuszom jednostki dominującej,POMIN,1,1,PEWNE,NEU Q1 2026,suma posrednia
,KAPITAL,Kapitały przypadające akcjonariuszom niekontrolującym,nonshare_capital,1,1,PEWNE,NEU Q1 2026,
,KAPITAL,Kapitał własny razem,capital,1,1,PEWNE,NEU Q1 2026,
,ZOB_DL,Zobowiązania z tytułu prawa do użytkowania,noncurrent_leasing,1,1,PEWNE,NEU Q1 2026,
,ZOB_DL,Inne zobowiązania finansowe,noncurrent_other_liabilities,1,1,PEWNE,NEU Q1 2026,"POTWIERDZONE wzorcem: noncurrent_borrowings = 0, ta pozycja idzie w inne zobowiazania"
,ZOB_DL,Zobowiązania z tytułu zakupu udziałów,noncurrent_other_liabilities,1,1,PEWNE,NEU Q1 2026,
,ZOB_DL,Rezerwy na zobowiązania z tytułu świadczeń pracowniczych,noncurrent_other_liabilities,1,1,PEWNE,NEU Q1 2026,
,ZOB_DL,Inne zobowiązania operacyjne,noncurrent_other_liabilities,1,1,PEWNE,NEU Q1 2026,
,ZOB_DL,Długoterminowe zobowiązania ubezpieczeniowe,noncurrent_other_liabilities,1,1,PEWNE,NEU Q1 2026,
,ZOB_DL,Zobowiązania długoterminowe razem,noncurrent_liabilities,1,1,PEWNE,NEU Q1 2026,
,ZOB_KR,Kredyty i pożyczki,current_borrowings,1,1,PEWNE,NEU Q1 2026,
,ZOB_KR,Zobowiązania z tytułu faktoringu należności,current_other_liabilities,1,1,PEWNE,NEU Q1 2026,POTWIERDZONE wzorcem NEU.xlsx I 2026: faktoring NIE wchodzi do current_borrowings
,ZOB_KR,Zobowiązania z tytułu prawa do użytkowania,current_leasing,1,1,PEWNE,NEU Q1 2026,
,ZOB_KR,Inne zobowiązania finansowe,current_other_liabilities,1,1,PEWNE,NEU Q1 2026,POTWIERDZONE wzorcem: current_borrowings = wylacznie linia Kredyty i pozyczki
,ZOB_KR,Zobowiązania z tytułu zakupu udziałów,current_other_liabilities,1,1,PEWNE,NEU Q1 2026,
,ZOB_KR,Zobowiązania handlowe oraz inne zobowiązania operacyjne,current_trade_payables,1,1,PEWNE,NEU Q1 2026,
,ZOB_KR,Zobowiązania z tytułu bieżącego podatku dochodowego,current_other_liabilities,1,1,PEWNE,NEU Q1 2026,
,ZOB_KR,Rezerwy na zobowiązania z tytułu świadczeń pracowniczych,current_other_liabilities,1,1,PEWNE,NEU Q1 2026,
,ZOB_KR,Instrumenty pochodne niewyznaczone do rachunkowości zabezpieczeń,current_other_liabilities,1,1,WYSOKA,NEU Q1 2026,
,ZOB_KR,Rezerwy na pozostałe zobowiązania,current_other_liabilities,1,1,PEWNE,NEU Q1 2026,
,ZOB_KR,Krótkoterminowe zobowiązania ubezpieczeniowe,current_other_liabilities,1,1,PEWNE,NEU Q1 2026,
,ZOB_KR,Zobowiązania krótkoterminowe bez zobowiązań wchodzących w skład grup przeznaczonych do sprzedaży,POMIN,1,1,PEWNE,NEU Q1 2026,suma posrednia
,ZOB_KR,Zobowiązania wchodzące w skład grup przeznaczonych do sprzedaży,current_other_liabilities,1,1,PEWNE,NEU Q1 2026,
,ZOB_KR,Zobowiązania krótkoterminowe razem,current_liabilities,1,1,PEWNE,NEU Q1 2026,
,PASYWA,Zobowiązania razem,POMIN,1,1,PEWNE,NEU Q1 2026,suma posrednia
,ZOB_KR,Zobowiązania razem,POMIN,1,1,PEWNE,NEU Q1 2026,j.w. - zaleznie od ukladu trafia do ZOB_KR albo PASYWA
,PASYWA,Pasywa razem,total_equity_liabilities,1,1,PEWNE,NEU Q1 2026,
,RZIS,Przychody z umów z klientami,revenues,1,1,PEWNE,KGH Q1 2026,
,RZIS,Koszty sprzedaży i koszty ogólnego zarządu,administrative_expenses,-1,1,DO_WERYFIKACJI,KGH Q1 2026,KGHM nie rozdziela kosztow sprzedazy i zarzadu w raporcie kwartalnym - calosc trafia w koszty zarzadu; rozbicie jest w notach
,RZIS,Zysk netto ze sprzedaży,POMIN,1,1,PEWNE,KGH Q1 2026,"to jest odpowiednik standardowego gross_profit, ale liczymy go regula z pozycji skladowych"
,RZIS,Udział w zysku wspólnego przedsięwzięcia wycenianego metodą praw własności,POMIN,1,1,PEWNE,KGH Q1 2026,skladnik sumy 'Wynik z zaangazowania we wspolne przedsiewziecie'
,RZIS,Zysk z tytułu odwrócenia utraty wartości pożyczek udzielonych wspólnemu przedsięwzięciu,POMIN,1,1,PEWNE,KGH Q1 2026,skladnik sumy jw.
,RZIS,Przychody odsetkowe od pożyczek udzielonych wspólnemu przedsięwzięciu obliczone z zastosowaniem metody efektywnej stopy procentowej,POMIN,1,1,PEWNE,KGH Q1 2026,skladnik sumy jw. - NIE idzie w przychody finansowe
,RZIS,Wynik z zaangażowania we wspólne przedsięwzięcie,other_operating_income,1,1,PEWNE,KGH Q1 2026,POTWIERDZONE wzorcem KGH.xlsx: 657+454=1111 = other_operating_income. Caly wynik z JV idzie w przychody OPERACYJNE
,RZIS,"Pozostałe przychody operacyjne, w tym:",other_operating_income,1,1,PEWNE,KGH Q1 2026,
,RZIS,pozostałe odsetki obliczone z zastosowaniem metody efektywnej stopy procentowej,POMIN,1,1,PEWNE,KGH Q1 2026,"pozycja 'w tym' - zawarta juz w wierszu nadrzednym, NIE liczyc drugi raz"
,RZIS,"Pozostałe koszty operacyjne, w tym:",other_operating_costs,-1,1,PEWNE,KGH Q1 2026,
,RZIS,straty z tytułu utraty wartości instrumentów finansowych,POMIN,1,1,PEWNE,KGH Q1 2026,pozycja 'w tym' - zawarta w wierszu nadrzednym
,RZIS,Zysk netto przypadający: akcjonariuszom Jednostki Dominującej,shareholder_net_profit,1,1,PEWNE,KGH Q1 2026,j.w. - year_profit zostaje pusty
,RZIS,Zysk netto przypadający: na udziały niekontrolujące,POMIN,1,1,PEWNE,KGH Q1 2026,
,RZIS,Średnia ważona liczba akcji zwykłych (mln szt.),POMIN,1,1000,DO_WERYFIKACJI,KGH Q1 2026,raport podaje w mln szt.; waga 1000 przy mnozniku 1000 daje sztuki. Standard chce liczby akcji na dzien bilansowy
,RZIS,Zysk na akcję podstawowy i rozwodniony (w PLN),POMIN,1,1,PEWNE,KGH Q1 2026,
,CF,Zysk przed opodatkowaniem,POMIN,1,1,PEWNE,KGH Q1 2026,duplikat z RZiS - punkt wyjscia rachunku przeplywow
,CF,Amortyzacja ujęta w wyniku finansowym,amortization,1,1,PEWNE,KGH Q1 2026,
,CF,Udział w zysku wspólnego przedsięwzięcia wycenianego metodą praw własności,change_in_other_assets,1,1,WYSOKA,KGH Q1 2026,korekta zbiorcza -> 'Zmiana rezerw i pozostale'
,CF,Odsetki od pożyczek udzielonych wspólnemu przedsięwzięciu,change_in_other_assets,1,1,WYSOKA,KGH Q1 2026,korekta zbiorcza -> 'Zmiana rezerw i pozostale'
,CF,Pozostałe odsetki,change_in_other_assets,1,1,WYSOKA,KGH Q1 2026,korekta zbiorcza -> 'Zmiana rezerw i pozostale'
,CF,Straty z tytułu utraty wartości rzeczowych aktywów trwałych i wartości niematerialnych,change_in_other_assets,1,1,WYSOKA,KGH Q1 2026,korekta zbiorcza -> 'Zmiana rezerw i pozostale'
,CF,Zysk z tytułu odwrócenia utraty wartości pożyczek udzielonych wspólnemu przedsięwzięciu,change_in_other_assets,1,1,WYSOKA,KGH Q1 2026,korekta zbiorcza -> 'Zmiana rezerw i pozostale'
,CF,Zysk ze zbycia jednostek zależnych,change_in_other_assets,1,1,WYSOKA,KGH Q1 2026,korekta zbiorcza -> 'Zmiana rezerw i pozostale'
,CF,"Różnice kursowe, z tego:",change_in_other_assets,1,1,WYSOKA,KGH Q1 2026,korekta zbiorcza -> 'Zmiana rezerw i pozostale'
,CF,"Zmiana stanu rezerw na likwidację kopalń, zobowiązań z tytułu programu przyszłych świadczeń pracowniczych oraz pozostałych rezerw",change_in_other_assets,1,1,WYSOKA,KGH Q1 2026,korekta zbiorcza -> 'Zmiana rezerw i pozostale'
,CF,Zmiana stanu pozostałych należności i zobowiązań innych niż kapitał obrotowy,change_in_other_assets,1,1,WYSOKA,KGH Q1 2026,korekta zbiorcza -> 'Zmiana rezerw i pozostale'
,CF,Zmiana stanu aktywów i zobowiązań z tytułu instrumentów pochodnych,change_in_other_assets,1,1,WYSOKA,KGH Q1 2026,korekta zbiorcza -> 'Zmiana rezerw i pozostale'
,CF,Przekwalifikowanie pozostałych całkowitych dochodów do wyniku w związku z realizacją instrumentów pochodnych zabezpieczających,change_in_other_assets,1,1,WYSOKA,KGH Q1 2026,korekta zbiorcza -> 'Zmiana rezerw i pozostale'
,CF,Pozostałe korekty,change_in_other_assets,1,1,WYSOKA,KGH Q1 2026,korekta zbiorcza -> 'Zmiana rezerw i pozostale'
,CF,z działalności inwestycyjnej i wyceny środków pieniężnych,POMIN,1,1,PEWNE,KGH Q1 2026,rozwiniecie 'z tego' pozycji Roznice kursowe
,CF,z działalności finansowej,POMIN,1,1,PEWNE,KGH Q1 2026,rozwiniecie 'z tego' pozycji Roznice kursowe
,CF,Razem wyłączenia przychodów i kosztów,POMIN,1,1,PEWNE,KGH Q1 2026,suma posrednia korekt (zawiera juz amortyzacje)
,CF,Podatek dochodowy zapłacony,change_in_other_assets,1,1,DO_WERYFIKACJI,KGH Q1 2026,brak klucza na podatek zaplacony w standardzie
,CF,"Zmiana stanu kapitału obrotowego, w tym:",change_in_wc_nierozdzielony,1,1,DO_WERYFIKACJI,KGH Q1 2026,KGHM podaje kapital obrotowy JEDNA kwota - nie da sie rozbic na zapasy/naleznosci/zobowiazania
,CF,zmiana stanu zobowiązań handlowych objętych mechanizmami faktoringu odwrotnego,POMIN,1,1,PEWNE,KGH Q1 2026,pozycja 'w tym'
,CF,Przepływy pieniężne netto z działalności operacyjnej,operating_cashflow,1,1,PEWNE,KGH Q1 2026,
,CF_INW,"Wydatki związane z aktywami górniczymi i hutniczymi, w tym:",capex,-1,1,PEWNE,KGH Q1 2026,
,CF_INW,zapłacone aktywowane odsetki od zadłużenia,POMIN,1,1,PEWNE,KGH Q1 2026,pozycja 'w tym' wewnatrz CAPEX
,CF_INW,Wydatki na pozostałe rzeczowe aktywa trwałe i wartości niematerialne,capex,-1,1,PEWNE,KGH Q1 2026,
,CF_INW,Udzielone zaliczki na rzeczowe aktywa trwałe i wartości niematerialne,POMIN,1,1,PEWNE,KGH Q1 2026,"POTWIERDZONE wzorcem KGH.xlsx: capex 1418 = 1147+271, BEZ zaliczek"
,CF_INW,Odsetki otrzymane z tytułu pożyczek udzielonych wspólnemu przedsięwzięciu,proceed_bank_loans,1,1,WYSOKA,KGH Q1 2026,klucz proceed_bank_loans = etykieta 'Odsetki otrzymane'
,CF_INW,Przepływy pieniężne netto z działalności inwestycyjnej,investing_cashflow,1,1,PEWNE,KGH Q1 2026,
,CF_INW,Wydatki na aktywa finansowe przeznaczone na likwidację kopalń i innych obiektów technologicznych,POMIN,1,1,PEWNE,KGH Q1 2026,brak odpowiednika - zawarte w investing_cashflow
,CF_INW,Wpływy z tytułu spłaty pożyczek udzielonych wspólnemu przedsięwzięciu (kapitał),POMIN,1,1,PEWNE,KGH Q1 2026,brak odpowiednika - zawarte w investing_cashflow
,CF_INW,Wpływy ze zbycia rzeczowych aktywów trwałych i wartości niematerialnych,POMIN,1,1,PEWNE,KGH Q1 2026,brak odpowiednika - zawarte w investing_cashflow
,CF_INW,Wpływy ze zbycia jednostek zależnych,POMIN,1,1,PEWNE,KGH Q1 2026,brak odpowiednika - zawarte w investing_cashflow
,CF_INW,Pozostałe,POMIN,1,1,PEWNE,KGH Q1 2026,brak odpowiednika - zawarte w investing_cashflow
,CF_FIN,Spłata zobowiązań z tytułu leasingu,lease_liab_payments,-1,1,PEWNE,KGH Q1 2026,
,CF_FIN,"Spłata odsetek, z tego:",repaid_bank_loans,-1,1,WYSOKA,KGH Q1 2026,klucz repaid_bank_loans = etykieta 'Odsetki zaplacone'
,CF_FIN,od zobowiązań handlowych objętych mechanizmami faktoringu odwrotnego,POMIN,1,1,PEWNE,KGH Q1 2026,rozwiniecie 'z tego'
,CF_FIN,z tytułu zadłużenia,POMIN,1,1,PEWNE,KGH Q1 2026,rozwiniecie 'z tego'
,CF_FIN,Przepływy pieniężne netto z działalności finansowej,financing_cashflow,1,1,PEWNE,KGH Q1 2026,
,CF_FIN,PRZEPŁYWY PIENIĘŻNE NETTO,net_cashflow,1,1,PEWNE,KGH Q1 2026,
,CF_FIN,Wpływy z tytułu zaciągniętych kredytów i pożyczek,POMIN,1,1,WYSOKA,KGH Q1 2026,brak klucza w standardzie (m.in. zaciagniecie/splata kredytow!)
,CF_FIN,Spłata kredytów i pożyczek,POMIN,1,1,WYSOKA,KGH Q1 2026,brak klucza w standardzie (m.in. zaciagniecie/splata kredytow!)
,CF_FIN,Pozostałe,POMIN,1,1,WYSOKA,KGH Q1 2026,brak klucza w standardzie (m.in. zaciagniecie/splata kredytow!)
,CF_FIN,Różnice kursowe,POMIN,1,1,WYSOKA,KGH Q1 2026,brak klucza w standardzie (m.in. zaciagniecie/splata kredytow!)
,CF_FIN,Stan środków pieniężnych i ich ekwiwalentów na początek okresu,POMIN,1,1,WYSOKA,KGH Q1 2026,brak klucza w standardzie (m.in. zaciagniecie/splata kredytow!)
,CF_FIN,"Stan środków pieniężnych i ich ekwiwalentów na koniec okresu, w tym:",POMIN,1,1,WYSOKA,KGH Q1 2026,brak klucza w standardzie (m.in. zaciagniecie/splata kredytow!)
,CF_FIN,środki pieniężne o ograniczonej możliwości dysponowania,POMIN,1,1,WYSOKA,KGH Q1 2026,brak klucza w standardzie (m.in. zaciagniecie/splata kredytow!)
,AKT_TRW,Rzeczowe aktywa trwałe górnicze i hutnicze,property,1,1,PEWNE,KGH Q1 2026,
,AKT_TRW,Aktywa niematerialne górnicze i hutnicze,other_intangible_assets,1,1,PEWNE,KGH Q1 2026,
,AKT_TRW,Rzeczowe i niematerialne aktywa górnicze i hutnicze,POMIN,1,1,PEWNE,KGH Q1 2026,suma posrednia dwoch pozycji powyzej
,AKT_TRW,Pozostałe rzeczowe aktywa trwałe,property,1,1,PEWNE,KGH Q1 2026,
,AKT_TRW,Pozostałe aktywa niematerialne,property,1,1,PEWNE,KGH Q1 2026,POTWIERDZONE wzorcem KGH.xlsx: intangible_assets = TYLKO aktywa niematerialne gornicze; pozostale ida w property
,AKT_TRW,Pozostałe aktywa rzeczowe i niematerialne,POMIN,1,1,PEWNE,KGH Q1 2026,suma posrednia
,AKT_TRW,Wspólne przedsięwzięcie wyceniane metodą praw własności,other_noncurrent_assets,1,1,PEWNE,KGH Q1 2026,POTWIERDZONE wzorcem KGH.xlsx: udzialy wyceniane metoda praw wlasnosci NIE ida w inwestycje dlugoterminowe
,AKT_TRW,Pożyczki udzielone wspólnemu przedsięwzięciu,noncurrent_receivables,1,1,PEWNE,KGH Q1 2026,"POTWIERDZONE wzorcem KGH.xlsx: pozyczki dla JV = naleznosci dlugoterminowe, nie inwestycje"
,AKT_TRW,Zaangażowanie we wspólne przedsięwzięcie,POMIN,1,1,PEWNE,KGH Q1 2026,suma posrednia
,AKT_TRW,Pochodne instrumenty finansowe,noncurrent_investments,1,1,PEWNE,KGH Q1 2026,
,AKT_TRW,Inne instrumenty finansowe wyceniane w wartości godziwej,noncurrent_investments,1,1,PEWNE,KGH Q1 2026,
,AKT_TRW,Inne instrumenty finansowe wyceniane w zamortyzowanym koszcie,noncurrent_investments,1,1,PEWNE,KGH Q1 2026,
,AKT_TRW,Instrumenty finansowe razem,POMIN,1,1,PEWNE,KGH Q1 2026,suma posrednia
,AKT_TRW,Pozostałe aktywa niefinansowe,other_noncurrent_assets,1,1,PEWNE,KGH Q1 2026,
,AKT_TRW,Aktywa trwałe,noncurrent_assets,1,1,PEWNE,KGH Q1 2026,"u KGHM to SUMA zamykajaca blok, nie naglowek"
,AKT_OBR,"Należności od odbiorców, w tym:",current_receivables,1,1,PEWNE,KGH Q1 2026,
,AKT_OBR,należności od odbiorców wyceniane w wartości godziwej przez wynik finansowy,POMIN,1,1,PEWNE,KGH Q1 2026,pozycja 'w tym'
,AKT_OBR,Należności z tytułu podatków,current_receivables,1,1,PEWNE,KGH Q1 2026,
,AKT_OBR,Pochodne instrumenty finansowe,current_investments,1,1,PEWNE,KGH Q1 2026,
,AKT_OBR,Pozostałe aktywa niefinansowe,other_current_assets,1,1,PEWNE,KGH Q1 2026,
,AKT_OBR,Aktywa obrotowe,current_assets,1,1,PEWNE,KGH Q1 2026,suma zamykajaca blok
,AKTYWA,RAZEM AKTYWA,total_assets,1,1,PEWNE,KGH Q1 2026,
,KAPITAL,Kapitał akcyjny,share_capital,1,1,PEWNE,KGH Q1 2026,
,KAPITAL,Kapitał z tytułu wyceny instrumentów finansowych,kapitaly_pozostale_nierozdzielone,1,1,PEWNE,KGH Q1 2026,POTWIERDZONE wzorcem KGH.xlsx: reserve = 0. Kapitaly z wyceny/OCI NIE sa ujmowane w rozbiciu kapitalu wlasnego
,KAPITAL,Zakumulowane pozostałe całkowite dochody inne niż z tytułu wyceny instrumentów finansowych,kapitaly_pozostale_nierozdzielone,1,1,PEWNE,KGH Q1 2026,j.w. - pozycja OCI poza rozbiciem
,KAPITAL,Zyski zatrzymane,retained_earnings,1,1,PEWNE,KGH Q1 2026,"POTWIERDZONE wzorcem KGH.xlsx: CALA pozycja idzie w retained_earnings, year_profit zostaje pusty"
,KAPITAL,Kapitał własny akcjonariuszy Jednostki Dominującej,POMIN,1,1,PEWNE,KGH Q1 2026,suma posrednia
,KAPITAL,Kapitał własny udziałowców niekontrolujących,nonshare_capital,1,1,PEWNE,KGH Q1 2026,
,KAPITAL,Kapitał własny,capital,1,1,PEWNE,KGH Q1 2026,suma zamykajaca blok
,ZOB_DL,"Zobowiązania z tytułu kredytów, pożyczek oraz leasingu",noncurrent_borrowings,1,1,DO_WERYFIKACJI,KGH Q1 2026,KGHM laczy kredyty z leasingiem; standard ma osobny klucz noncurrent_leasing
,ZOB_DL,Zobowiązania z tytułu dłużnych papierów wartościowych,noncurrent_obligations,1,1,PEWNE,KGH Q1 2026,
,ZOB_DL,Pochodne instrumenty finansowe,noncurrent_other_liabilities,1,1,PEWNE,KGH Q1 2026,
,ZOB_DL,Zobowiązania z tytułu świadczeń pracowniczych,noncurrent_other_liabilities,1,1,PEWNE,KGH Q1 2026,
,ZOB_DL,Rezerwy na koszty likwidacji kopalń i innych obiektów technologicznych,noncurrent_other_liabilities,1,1,PEWNE,KGH Q1 2026,
,ZOB_DL,Zobowiązania z tytułu odroczonego podatku dochodowego,noncurrent_other_liabilities,1,1,PEWNE,KGH Q1 2026,
,ZOB_DL,Pozostałe zobowiązania,noncurrent_other_liabilities,1,1,PEWNE,KGH Q1 2026,
,ZOB_DL,Zobowiązania długoterminowe,noncurrent_liabilities,1,1,PEWNE,KGH Q1 2026,suma zamykajaca blok
,ZOB_KR,"Zobowiązania z tytułu kredytów, pożyczek oraz leasingu",current_borrowings,1,1,DO_WERYFIKACJI,KGH Q1 2026,j.w. - kredyty razem z leasingiem
,ZOB_KR,Zobowiązania z tytułu dłużnych papierów wartościowych,current_obligations,1,1,PEWNE,KGH Q1 2026,
,ZOB_KR,Pochodne instrumenty finansowe,current_other_liabilities,1,1,PEWNE,KGH Q1 2026,
,ZOB_KR,Zobowiązania wobec dostawców i pozostałe,current_trade_payables,1,1,PEWNE,KGH Q1 2026,
,ZOB_KR,Zobowiązania z tytułu podatków,current_other_liabilities,1,1,PEWNE,KGH Q1 2026,
,ZOB_KR,Rezerwy na zobowiązania i inne obciążenia,current_other_liabilities,1,1,PEWNE,KGH Q1 2026,
,ZOB_KR,Pozostałe zobowiązania,current_other_liabilities,1,1,PEWNE,KGH Q1 2026,
,ZOB_KR,Zobowiązania krótkoterminowe,current_liabilities,1,1,PEWNE,KGH Q1 2026,suma zamykajaca blok
,PASYWA,Zobowiązanie długo i krótkoterminowe,POMIN,1,1,PEWNE,KGH Q1 2026,suma posrednia
,PASYWA,RAZEM ZOBOWIĄZANIA I KAPITAŁ WŁASNY,total_equity_liabilities,1,1,PEWNE,KGH Q1 2026,
,*,⚠️ UWAGA: koszty w tym sprawozdaniu mogą być podane jako liczby DODATNIE (bez znaku minus) — sprawdź konwencję znaków przed sumowaniem/analizą tych danych.,POMIN,1,1,PEWNE,AOL Q1 2026,"komentarz w pliku, nie pozycja sprawozdania"
,RZIS,A. Przychody netto ze sprzedaży i zrównane z nimi,revenues,1,1,PEWNE,AOL Q1 2026,
,RZIS,- w tym od jednostek powiązanych nieobjętych metodą konsolidacji pełnej,POMIN,1,1,PEWNE,AOL Q1 2026,pozycja 'w tym'
,RZIS,I. Przychody netto ze sprzedaży produktów,POMIN,1,1,PEWNE,AOL Q1 2026,rozwiniecie pozycji A
,RZIS,B. Koszty działalności operacyjnej,cost_of_sales,1,1,PEWNE,AOL Q1 2026,"POTWIERDZONE wzorcem AOL.xlsx: w wariancie porownawczym CALOSC kosztow operacyjnych idzie w cost_of_sales, a koszty sprzedazy i zarzadu zostaja PUSTE"
,RZIS,I. Amortyzacja,POMIN,1,1,PEWNE,AOL Q1 2026,"uklad rodzajowy - rozwiniecie pozycji B, NIE liczyc osobno"
,RZIS,II. Zużycie materiałów i energii,POMIN,1,1,PEWNE,AOL Q1 2026,"uklad rodzajowy - rozwiniecie pozycji B, NIE liczyc osobno"
,RZIS,III. Usługi obce,POMIN,1,1,PEWNE,AOL Q1 2026,"uklad rodzajowy - rozwiniecie pozycji B, NIE liczyc osobno"
,RZIS,"IV. Podatki i opłaty, w tym:",POMIN,1,1,PEWNE,AOL Q1 2026,"uklad rodzajowy - rozwiniecie pozycji B, NIE liczyc osobno"
,RZIS,- podatek akcyzowy,POMIN,1,1,PEWNE,AOL Q1 2026,"uklad rodzajowy - rozwiniecie pozycji B, NIE liczyc osobno"
,RZIS,V. Wynagrodzenia,POMIN,1,1,PEWNE,AOL Q1 2026,"uklad rodzajowy - rozwiniecie pozycji B, NIE liczyc osobno"
,RZIS,"VI. Ubezpieczenia społeczne i inne świadczenia, w tym:",POMIN,1,1,PEWNE,AOL Q1 2026,"uklad rodzajowy - rozwiniecie pozycji B, NIE liczyc osobno"
,RZIS,- emerytalne,POMIN,1,1,PEWNE,AOL Q1 2026,"uklad rodzajowy - rozwiniecie pozycji B, NIE liczyc osobno"
,RZIS,VII. Pozostałe koszty rodzajowe,POMIN,1,1,PEWNE,AOL Q1 2026,"uklad rodzajowy - rozwiniecie pozycji B, NIE liczyc osobno"
,RZIS,C. Zysk (strata) ze sprzedaży (A-B),POMIN,1,1,PEWNE,AOL Q1 2026,"gross_profit liczony regula z zaokraglonych skladnikow (3458-2661=797, a nie 796)"
,RZIS,D. Pozostałe przychody operacyjne,other_operating_income,1,1,PEWNE,AOL Q1 2026,
,RZIS,I. Zysk z tytułu rozchodu niefinansowych aktywów trwałych,POMIN,1,1,PEWNE,AOL Q1 2026,rozwiniecie D
,RZIS,II. Inne przychody operacyjne,POMIN,1,1,PEWNE,AOL Q1 2026,rozwiniecie D
,RZIS,E. Pozostałe koszty operacyjne,other_operating_costs,1,1,PEWNE,AOL Q1 2026,
,RZIS,I. Strata ze zbycia niefinansowych aktywów trwałych,POMIN,1,1,PEWNE,AOL Q1 2026,rozwiniecie E
,RZIS,II. Inne koszty operacyjne,POMIN,1,1,PEWNE,AOL Q1 2026,rozwiniecie E
,RZIS,F. Zysk (strata) z działalności operacyjnej (C+D-E),ebit,1,1,PEWNE,AOL Q1 2026,
,RZIS,G. Przychody finansowe,finance_income,1,1,PEWNE,AOL Q1 2026,
,RZIS,H. Koszty finansowe,finance_costs,1,1,PEWNE,AOL Q1 2026,
,RZIS,"I. Odsetki, w tym:",POMIN,1,1,PEWNE,AOL Q1 2026,rozwiniecie przychodow/kosztow finansowych
,RZIS,- od jednostek powiązanych,POMIN,1,1,PEWNE,AOL Q1 2026,rozwiniecie przychodow/kosztow finansowych
,RZIS,- dla jednostek powiązanych,POMIN,1,1,PEWNE,AOL Q1 2026,rozwiniecie przychodow/kosztow finansowych
,RZIS,II. Zysk ze zbycia inwestycji,POMIN,1,1,PEWNE,AOL Q1 2026,rozwiniecie przychodow/kosztow finansowych
,RZIS,III. Aktualizacja wartości aktywów finansowych,POMIN,1,1,PEWNE,AOL Q1 2026,rozwiniecie przychodow/kosztow finansowych
,RZIS,IV. Inne,POMIN,1,1,PEWNE,AOL Q1 2026,rozwiniecie przychodow/kosztow finansowych
,RZIS,"II. Strata z tytułu rozchodu aktywów finansowych, w tym:",POMIN,1,1,PEWNE,AOL Q1 2026,rozwiniecie przychodow/kosztow finansowych
,RZIS,- w jednostkach powiązanych,POMIN,1,1,PEWNE,AOL Q1 2026,rozwiniecie przychodow/kosztow finansowych
,RZIS,I. Zysk (strata) z działalności gospodarczej (F+G-H),net_gross_profit,1,1,PEWNE,AOL Q1 2026,
,RZIS,J. Odpis wartości firmy,POMIN,1,1,WYSOKA,AOL Q1 2026,brak klucza w standardzie
,RZIS,K. Zysk (strata) brutto (I-J),before_tax_profit,1,1,PEWNE,AOL Q1 2026,
,RZIS,L. Podatek dochodowy,POMIN,1,1,PEWNE,AOL Q1 2026,standard nie ma klucza na podatek
,RZIS,M. Pozostałe obowiązkowe zmniejszenia zysku (zwiększenia straty),POMIN,1,1,PEWNE,AOL Q1 2026,
,RZIS,N. Zysk (strata) netto (K-L-M),net_profit,1,1,PEWNE,AOL Q1 2026,
,RZIS,N. Zysk (strata) netto (K-L-M),shareholder_net_profit,1,1,PEWNE,AOL Q1 2026,brak udzialow niekontrolujacych w jednostkowym UoR
,CF,A. Przepływy środków pieniężnych z działalności operacyjnej,POMIN,1,1,PEWNE,AOL Q1 2026,powtorzenie pozycji A.III
,CF,I. Zysk (strata) netto,POMIN,1,1,PEWNE,AOL Q1 2026,punkt wyjscia - juz w RZiS
,CF,II. Korekty razem,POMIN,1,1,PEWNE,AOL Q1 2026,suma posrednia
,CF,1. Amortyzacja,amortization,1,1,PEWNE,AOL Q1 2026,
,CF,6. Zmiana stanu zapasów,change_in_inventories,1,1,PEWNE,AOL Q1 2026,
,CF,7. Zmiana stanu należności,change_in_receivables,1,1,PEWNE,AOL Q1 2026,
,CF,"8. Zmiana stanu zobowiązań krótkoterminowych, z wyjątkiem pożyczek i kredytów",change_in_payables,1,1,PEWNE,AOL Q1 2026,
,CF,2. Zyski (straty) z tytułu różnic kursowych,change_in_other_assets,1,1,WYSOKA,AOL Q1 2026,korekta zbiorcza
,CF,3. Odsetki i udziały w zyskach (dywidendy),change_in_other_assets,1,1,WYSOKA,AOL Q1 2026,korekta zbiorcza
,CF,4. Zysk (strata) z działalności inwestycyjnej,change_in_other_assets,1,1,WYSOKA,AOL Q1 2026,korekta zbiorcza
,CF,5. Zmiana stanu rezerw,change_in_other_assets,1,1,WYSOKA,AOL Q1 2026,korekta zbiorcza
,CF,9. Zmiana stanu rozliczeń międzyokresowych,change_in_other_assets,1,1,WYSOKA,AOL Q1 2026,korekta zbiorcza
,CF,10. Inne korekty z działalności operacyjnej,change_in_other_assets,1,1,WYSOKA,AOL Q1 2026,korekta zbiorcza
,CF,III. Przepływy pieniężne netto z działal. operacyjnej (I±II),operating_cashflow,1,1,PEWNE,AOL Q1 2026,
,CF_FIN,D. Przepływy pieniężne netto razem (A.III±B.III±C.III),net_cashflow,1,1,PEWNE,AOL Q1 2026,
,CF_FIN,"E. Bilansowa zmiana stanu środków pieniężnych, w tym",POMIN,1,1,PEWNE,AOL Q1 2026,stany srodkow pienieznych - poza zakresem standardu
,CF_FIN,- zmiana stanu środków pieniężnych z tyt. różnic kurs.,POMIN,1,1,PEWNE,AOL Q1 2026,stany srodkow pienieznych - poza zakresem standardu
,CF_FIN,F. Środki pieniężne na początek okresu,POMIN,1,1,PEWNE,AOL Q1 2026,stany srodkow pienieznych - poza zakresem standardu
,CF_FIN,"G. Środki pieniężne na koniec okresu (F±D), w tym:",POMIN,1,1,PEWNE,AOL Q1 2026,stany srodkow pienieznych - poza zakresem standardu
,CF_INW,B. Przepływy środków pieniężnych z działal. inwest.,POMIN,1,1,PEWNE,AOL Q1 2026,powtorzenie B.III
,CF_INW,1. Nabycie wartości niematerialnych i prawnych oraz rzeczowych aktywów trwałych,capex,1,1,PEWNE,AOL Q1 2026,
,CF_INW,- odsetki,proceed_bank_loans,1,1,WYSOKA,AOL Q1 2026,klucz proceed_bank_loans = etykieta 'Odsetki otrzymane'
,CF_INW,III. Przepływy pieniężne netto z działalności inwestycyjnej (I-II),investing_cashflow,1,1,PEWNE,AOL Q1 2026,
,CF_INW,I. Wpływy,POMIN,1,1,PEWNE,AOL Q1 2026,rozwiniecie przeplywow inwestycyjnych
,CF_INW,II. Wydatki,POMIN,1,1,PEWNE,AOL Q1 2026,rozwiniecie przeplywow inwestycyjnych
,CF_INW,1. Zbycie wartości niematerialnych i prawnych oraz rzeczowych aktywów trwałych,POMIN,1,1,PEWNE,AOL Q1 2026,rozwiniecie przeplywow inwestycyjnych
,CF_INW,"2. Z aktywów finansowych, w tym:",POMIN,1,1,PEWNE,AOL Q1 2026,rozwiniecie przeplywow inwestycyjnych
,CF_INW,b) w pozostałych jednostkach,POMIN,1,1,PEWNE,AOL Q1 2026,rozwiniecie przeplywow inwestycyjnych
,CF_FIN,C. Przepływy środków pieniężnych z działalności finansowej,POMIN,1,1,PEWNE,AOL Q1 2026,powtorzenie C.III
,CF_FIN,1. Wpływy netto z wydania udziałów (emisji akcji) i innych instrum. kapit. oraz dopłat do kapitału,share_capital_cash,1,1,PEWNE,AOL Q1 2026,
,CF_FIN,1. Dywidendy i inne wypłaty na rzecz właścicieli,dividend,1,1,PEWNE,AOL Q1 2026,
,CF_FIN,III. Przepływy pieniężne netto z działalności finansowej (I-II),financing_cashflow,1,1,PEWNE,AOL Q1 2026,
,CF_FIN,I. Wpływy,POMIN,1,1,PEWNE,AOL Q1 2026,rozwiniecie przeplywow finansowych
,CF_FIN,II. Wydatki,POMIN,1,1,PEWNE,AOL Q1 2026,rozwiniecie przeplywow finansowych
,CF_FIN,2. Inne wpływy finansowe,POMIN,1,1,PEWNE,AOL Q1 2026,rozwiniecie przeplywow finansowych
,CF_FIN,2. Z tytułu innych zobowiązań finansowych,POMIN,1,1,PEWNE,AOL Q1 2026,rozwiniecie przeplywow finansowych
,CF_FIN,3. Inne wydatki finansowe,POMIN,1,1,PEWNE,AOL Q1 2026,rozwiniecie przeplywow finansowych
,AKT_TRW,A. Aktywa trwałe,noncurrent_assets,1,1,PEWNE,AOL Q1 2026,
,AKT_TRW,I. Wartości niematerialne i prawne,other_intangible_assets,1,1,PEWNE,AOL Q1 2026,
,AKT_TRW,II. Rzeczowe aktywa trwałe,property,1,1,PEWNE,AOL Q1 2026,
,AKT_TRW,III. Należności długoterminowe,noncurrent_receivables,1,1,PEWNE,AOL Q1 2026,
,AKT_TRW,IV. Inwestycje długoterminowe,noncurrent_investments,1,1,PEWNE,AOL Q1 2026,
,AKT_TRW,V. Długoterminowe rozliczenia międzyokresowe,other_noncurrent_assets,1,1,PEWNE,AOL Q1 2026,
,AKT_TRW,1. Koszty zakończonych prac rozwojowych,POMIN,1,1,PEWNE,AOL Q1 2026,rozwiniecie pozycji nadrzednej
,AKT_TRW,2. Inne wartości niematerialne i prawne,POMIN,1,1,PEWNE,AOL Q1 2026,rozwiniecie pozycji nadrzednej
,AKT_TRW,1. Środki trwałe,POMIN,1,1,PEWNE,AOL Q1 2026,rozwiniecie pozycji nadrzednej
,AKT_TRW,"a) budynki, lokale i obiekty inżynierii lądowej i wodnej",POMIN,1,1,PEWNE,AOL Q1 2026,rozwiniecie pozycji nadrzednej
,AKT_TRW,b) urządzenia techniczne i maszyny,POMIN,1,1,PEWNE,AOL Q1 2026,rozwiniecie pozycji nadrzednej
,AKT_TRW,c) środki transportu,POMIN,1,1,PEWNE,AOL Q1 2026,rozwiniecie pozycji nadrzednej
,AKT_TRW,d) inne środki trwałe,POMIN,1,1,PEWNE,AOL Q1 2026,rozwiniecie pozycji nadrzednej
,AKT_TRW,1. Od pozostałych jednostek,POMIN,1,1,PEWNE,AOL Q1 2026,rozwiniecie pozycji nadrzednej
,AKT_TRW,1. Długoterminowe aktywa finansowe,POMIN,1,1,PEWNE,AOL Q1 2026,rozwiniecie pozycji nadrzednej
,AKT_TRW,a) w jednostkach powiązanych,POMIN,1,1,PEWNE,AOL Q1 2026,rozwiniecie pozycji nadrzednej
,AKT_TRW,- udziały i akcje,POMIN,1,1,PEWNE,AOL Q1 2026,rozwiniecie pozycji nadrzednej
,AKT_TRW,1. Aktywa z tytułu odroczonego podatku dochodowego,POMIN,1,1,PEWNE,AOL Q1 2026,rozwiniecie pozycji nadrzednej
,AKT_TRW,2. Inne rozliczenia międzyokresowe,POMIN,1,1,PEWNE,AOL Q1 2026,rozwiniecie pozycji nadrzednej
,AKT_OBR,B. Aktywa obrotowe,current_assets,1,1,PEWNE,AOL Q1 2026,
,AKT_OBR,I. Zapasy,inventory,1,1,PEWNE,AOL Q1 2026,
,AKT_OBR,II. Należności krótkoterminowe,current_receivables,1,1,PEWNE,AOL Q1 2026,
,AKT_OBR,III. Inwestycje krótkoterminowe,current_investments,1,1,PEWNE,AOL Q1 2026,
,AKT_OBR,b) środki pieniężne i inne aktywa pieniężne,cash,1,1,PEWNE,AOL Q1 2026,w standardzie inwestycje krotkoterminowe ZAWIERAJA srodki pieniezne
,AKT_OBR,IV. Krótkoterminowe rozliczenia międzyokresowe,other_current_assets,1,1,PEWNE,AOL Q1 2026,
,AKT_OBR,1. Zaliczki na dostawy i usługi,POMIN,1,1,PEWNE,AOL Q1 2026,rozwiniecie pozycji nadrzednej
,AKT_OBR,1. Należności od pozostałych jednostek,POMIN,1,1,PEWNE,AOL Q1 2026,rozwiniecie pozycji nadrzednej
,AKT_OBR,"a) z tytułu dostaw i usług, o okresie spłaty:",POMIN,1,1,PEWNE,AOL Q1 2026,rozwiniecie pozycji nadrzednej
,AKT_OBR,- do 12 miesięcy,POMIN,1,1,PEWNE,AOL Q1 2026,rozwiniecie pozycji nadrzednej
,AKT_OBR,- powyżej 12 miesięcy,POMIN,1,1,PEWNE,AOL Q1 2026,rozwiniecie pozycji nadrzednej
,AKT_OBR,"b) z tytułu podatków, dotacji, ceł, ubezpieczeń społecznych i zdrowotnych oraz innych świadczeń",POMIN,1,1,PEWNE,AOL Q1 2026,rozwiniecie pozycji nadrzednej
,AKT_OBR,c) inne,POMIN,1,1,PEWNE,AOL Q1 2026,rozwiniecie pozycji nadrzednej
,AKT_OBR,1. Krótkoterminowe aktywa finansowe,POMIN,1,1,PEWNE,AOL Q1 2026,rozwiniecie pozycji nadrzednej
,AKT_OBR,a) w pozostałych jednostkach,POMIN,1,1,PEWNE,AOL Q1 2026,rozwiniecie pozycji nadrzednej
,AKT_OBR,- inne papiery wartościowe,POMIN,1,1,PEWNE,AOL Q1 2026,rozwiniecie pozycji nadrzednej
,AKT_OBR,- udzielone pożyczki,POMIN,1,1,PEWNE,AOL Q1 2026,rozwiniecie pozycji nadrzednej
,AKT_OBR,- środki pieniężne w kasie i na rachunkach,POMIN,1,1,PEWNE,AOL Q1 2026,rozwiniecie pozycji nadrzednej
,AKT_OBR,- inne środki pieniężne,POMIN,1,1,PEWNE,AOL Q1 2026,rozwiniecie pozycji nadrzednej
,AKT_OBR,C. Należne wpłaty na kapitał (fundusz) podstawowy,POMIN,1,1,PEWNE,AOL Q1 2026,rozwiniecie pozycji nadrzednej
,AKT_OBR,D. Udziały (akcje) własne,POMIN,1,1,PEWNE,AOL Q1 2026,rozwiniecie pozycji nadrzednej
,KAPITAL,A. Kapitał własny,capital,1,1,PEWNE,AOL Q1 2026,
,KAPITAL,I. Kapitał podstawowy,share_capital,1,1,PEWNE,AOL Q1 2026,
,KAPITAL,II. Kapitał zapasowy,reserve,1,1,PEWNE,AOL Q1 2026,
,KAPITAL,III. Pozostałe kapitały rezerwowe,kapitaly_pozostale_nierozdzielone,1,1,PEWNE,AOL Q1 2026,"POTWIERDZONE wzorcem: kapitaly rezerwowe poza rozbiciem, jak OCI u spolek MSSF"
,KAPITAL,IV. Zysk (strata) z lat ubiegłych,retained_earnings,1,1,PEWNE,AOL Q1 2026,
,KAPITAL,V. Zysk (strata) netto,year_profit,1,1,PEWNE,AOL Q1 2026,"UoR rozdziela wynik okresu od lat ubieglych, wiec year_profit JEST wypelniany (inaczej niz u MSSF)"
,PASYWA,B. Zobowiązania i rezerwy na zobowiązania,POMIN,1,1,PEWNE,AOL Q1 2026,suma posrednia
,PASYWA,I. Rezerwy na zobowiązania,reckoning,1,1,PEWNE,AOL Q1 2026,POTWIERDZONE wzorcem AOL.xlsx: reckoning = rezerwy + rozliczenia miedzyokresowe (337+152=490)
,PASYWA,1. Rezerwa z tytułu odroczonego podatku dochodowego,POMIN,1,1,PEWNE,AOL Q1 2026,rozwiniecie rezerw
,PASYWA,2. Rezerwa na świadczenia emerytalne i podobne,POMIN,1,1,PEWNE,AOL Q1 2026,rozwiniecie rezerw
,PASYWA,- krótkoterminowa,POMIN,1,1,PEWNE,AOL Q1 2026,rozwiniecie rezerw
,PASYWA,- długoterminowa,POMIN,1,1,PEWNE,AOL Q1 2026,rozwiniecie rezerw
,PASYWA,3. Pozostałe rezerwy,POMIN,1,1,PEWNE,AOL Q1 2026,rozwiniecie rezerw
,PASYWA,- krótkoterminowe,POMIN,1,1,PEWNE,AOL Q1 2026,rozwiniecie rezerw
,ZOB_DL,II. Zobowiązania długoterminowe,noncurrent_liabilities,1,1,PEWNE,AOL Q1 2026,
,ZOB_DL,1. Wobec pozostałych jednostek,POMIN,1,1,PEWNE,AOL Q1 2026,rozwiniecie zobowiazan dlugoterminowych
,ZOB_DL,a) kredyty i pożyczki,POMIN,1,1,PEWNE,AOL Q1 2026,rozwiniecie zobowiazan dlugoterminowych
,ZOB_DL,b) inne zobowiązania finansowe,POMIN,1,1,PEWNE,AOL Q1 2026,rozwiniecie zobowiazan dlugoterminowych
,ZOB_KR,III. Zobowiązania krótkoterminowe,current_liabilities,1,1,PEWNE,AOL Q1 2026,
,ZOB_KR,a) kredyty i pożyczki,current_borrowings,1,1,PEWNE,AOL Q1 2026,
,ZOB_KR,"c) z tytułu dostaw i usług, o okresie wymagalności:",current_trade_payables,1,1,PEWNE,AOL Q1 2026,
,ZOB_KR,"d) z tytułu podatków, ceł, ubezpieczeń i innych świadczeń",current_other_liabilities,1,1,PEWNE,AOL Q1 2026,
,ZOB_KR,e) z tytułu wynagrodzeń,current_other_liabilities,1,1,PEWNE,AOL Q1 2026,
,ZOB_KR,f) inne,current_other_liabilities,1,1,PEWNE,AOL Q1 2026,
,ZOB_KR,IV. Rozliczenia międzyokresowe,reckoning,1,1,PEWNE,AOL Q1 2026,
,ZOB_KR,b) inne zobowiązania finansowe,current_other_liabilities,1,1,WYSOKA,AOL Q1 2026,jak u Neuki: inne zobowiazania finansowe nie sa dlugiem
,ZOB_KR,1. Wobec pozostałych jednostek,POMIN,1,1,PEWNE,AOL Q1 2026,rozwiniecie zobowiazan krotkoterminowych
,ZOB_KR,- do 12 miesięcy,POMIN,1,1,PEWNE,AOL Q1 2026,rozwiniecie zobowiazan krotkoterminowych
,ZOB_KR,1. Inne rozliczenia międzyokresowe,POMIN,1,1,PEWNE,AOL Q1 2026,rozwiniecie zobowiazan krotkoterminowych
,ZOB_KR,- krótkoterminowe,POMIN,1,1,PEWNE,AOL Q1 2026,rozwiniecie zobowiazan krotkoterminowych
NWG,RZIS,Koszt własny sprzedaży,cost_of_sales,1,1,PEWNE,NWG Q1 2026,Newag podaje koszty DODATNIE - nadpisuje alias globalny ze znakiem -1
NWG,RZIS,Koszty sprzedaży,distribution_expenses,1,1,PEWNE,NWG Q1 2026,koszty dodatnie
NWG,RZIS,Koszty ogólnego zarządu,administrative_expenses,1,1,PEWNE,NWG Q1 2026,koszty dodatnie
NWG,RZIS,Pozostałe koszty operacyjne,other_operating_costs,1,1,PEWNE,NWG Q1 2026,koszty dodatnie
NWG,RZIS,Koszty finansowe,finance_costs,1,1,PEWNE,NWG Q1 2026,koszty dodatnie
NWG,KAPITAL,Pozostałe kapitały,reserve,1,1,PEWNE,NWG Q1 2026,u Newagu kapitaly rezerwowe WCHODZA do reserve (u Neuki byly poza rozbiciem)
,RZIS,Zysk (strata) brutto ze sprzedaży,POMIN,1,1,PEWNE,NWG Q1 2026,"PULAPKA: marza brutto, nie standardowy gross_profit (ten liczy regula)"
,RZIS,Zysk (strata) z działalności operacyjnej,ebit,1,1,PEWNE,NWG Q1 2026,
,RZIS,Zysk (strata) przed opodatkowaniem,before_tax_profit,1,1,PEWNE,NWG Q1 2026,
,RZIS,Zysk (strata) przed opodatkowaniem,net_gross_profit,1,1,PEWNE,NWG Q1 2026,standard duplikuje te pozycje
,RZIS,Obciążenie wyniku podatkiem dochodowym,POMIN,1,1,PEWNE,NWG Q1 2026,standard nie ma klucza na podatek
,RZIS,Zysk (strata) netto z działalności kontynuowanej,net_profit,1,1,PEWNE,NWG Q1 2026,
,RZIS,Zysk (strata) netto z działalności zaniechanej,discontinued_profit,1,1,PEWNE,NWG Q1 2026,
,RZIS,Zysk (strata) netto przypadający akcjonariuszom niekontrolującym,POMIN,1,1,PEWNE,NWG Q1 2026,ujete w nonshare_capital
,RZIS,Zysk na akcję podstawowy z działalności kontynuowanej,POMIN,1,1,PEWNE,NWG Q1 2026,wskazniki - poza zakresem standardu
,RZIS,Zysk na akcję podstawowy z działalności zaniechanej,POMIN,1,1,PEWNE,NWG Q1 2026,wskazniki - poza zakresem standardu
,RZIS,Zysk na akcję rozwodniony z działalności kontynuowanej,POMIN,1,1,PEWNE,NWG Q1 2026,wskazniki - poza zakresem standardu
,RZIS,Zysk na akcję rozwodniony z działalności zaniechanej,POMIN,1,1,PEWNE,NWG Q1 2026,wskazniki - poza zakresem standardu
,RZIS,EBITDA (zysk z działalności operacyjnej + amortyzacja),POMIN,1,1,PEWNE,NWG Q1 2026,wskazniki - poza zakresem standardu
,CF,Zysk (strata) przed opodatkowaniem,POMIN,1,1,PEWNE,NWG Q1 2026,punkt wyjscia - juz w RZiS
,CF,Zyski (straty) z tytułu niezrealizowanych różnic kursowych,change_in_other_assets,1,1,WYSOKA,NWG Q1 2026,korekta zbiorcza
,CF,Koszty z tytułu odsetek,change_in_other_assets,1,1,WYSOKA,NWG Q1 2026,korekta zbiorcza
,CF,Przychody z tytułu odsetek,change_in_other_assets,1,1,WYSOKA,NWG Q1 2026,korekta zbiorcza
,CF,Zysk / strata z działalności inwestycyjnej,change_in_other_assets,1,1,WYSOKA,NWG Q1 2026,korekta zbiorcza
,CF,Zmiana stanu rezerw,change_in_other_assets,1,1,WYSOKA,NWG Q1 2026,korekta zbiorcza
,CF,Zmiana stanu zapasów,change_in_inventories,1,1,PEWNE,NWG Q1 2026,
,CF,Zmiana stanu należności z tytułu dostaw i usług oraz pozostałych,change_in_receivables,1,1,PEWNE,NWG Q1 2026,
,CF,Zmiana stanu zobowiązań z tytułu dostaw i usług oraz pozostałych,change_in_payables,1,1,PEWNE,NWG Q1 2026,
,CF,Środki pieniężne wygenerowane z działalności operacyjnej,POMIN,1,1,PEWNE,NWG Q1 2026,suma posrednia
,CF,Środki pieniężne netto z działalności operacyjnej,operating_cashflow,1,1,PEWNE,NWG Q1 2026,
,CF,Nabycie aktywów niematerialnych oraz rzeczowych aktywów trwałych,capex,-1,1,PEWNE,NWG Q1 2026,
,CF,Otrzymane odsetki,proceed_bank_loans,1,1,WYSOKA,NWG Q1 2026,klucz proceed_bank_loans = etykieta 'Odsetki otrzymane'
,CF,Środki pieniężne netto z działalności inwestycyjnej,investing_cashflow,1,1,PEWNE,NWG Q1 2026,
,CF,Spłata zobowiązań z tytułu leasingu finansowego,lease_liab_payments,-1,1,PEWNE,NWG Q1 2026,
,CF,Odsetki zapłacone,repaid_bank_loans,-1,1,PEWNE,NWG Q1 2026,
,CF,Dywidendy wypłacone,dividend,-1,1,PEWNE,NWG Q1 2026,
,CF,Środki pieniężne netto z działalności finansowej,financing_cashflow,1,1,PEWNE,NWG Q1 2026,
,CF,Zmiana netto stanu środków pieniężnych i ich ekwiwalentów bez różnic kursowych,net_cashflow,1,1,PEWNE,NWG Q1 2026,POTWIERDZONE wzorcem NWG.xlsx: brany jest wariant BEZ roznic kursowych
,CF,Zbycie aktywów niematerialnych oraz rzeczowych aktywów trwałych,POMIN,1,1,PEWNE,NWG Q1 2026,brak odpowiednika w standardzie
,CF,Pożyczki udzielone,POMIN,1,1,PEWNE,NWG Q1 2026,brak odpowiednika w standardzie
,CF,Sprzedaż udziałów w jednostkach zależnych,POMIN,1,1,PEWNE,NWG Q1 2026,brak odpowiednika w standardzie
,CF,Wydatki na nabycie nieruchomości,POMIN,1,1,PEWNE,NWG Q1 2026,brak odpowiednika w standardzie
,CF,Inne wpływy inwestycyjne,POMIN,1,1,PEWNE,NWG Q1 2026,brak odpowiednika w standardzie
,CF,Otrzymane spłaty pożyczek udzielonych,POMIN,1,1,PEWNE,NWG Q1 2026,brak odpowiednika w standardzie
,CF,Wpływy z tytułu zaciągnięcia kredytów i pożyczek,POMIN,1,1,PEWNE,NWG Q1 2026,brak odpowiednika w standardzie
,CF,Spłaty kredytów i pożyczek,POMIN,1,1,PEWNE,NWG Q1 2026,brak odpowiednika w standardzie
,CF,Inne wpływy (wydatki) finansowe,POMIN,1,1,PEWNE,NWG Q1 2026,brak odpowiednika w standardzie
,CF,Zmiana stanu środków pieniężnych i ich ekwiwalentów z tytułu różnic kursowych,POMIN,1,1,PEWNE,NWG Q1 2026,brak odpowiednika w standardzie
,CF,Zmiana netto stanu środków pieniężnych i ich ekwiwalentów,POMIN,1,1,PEWNE,NWG Q1 2026,brak odpowiednika w standardzie
,CF,Środki pieniężne i ich ekwiwalenty na początek okresu,POMIN,1,1,PEWNE,NWG Q1 2026,brak odpowiednika w standardzie
,CF,Środki pieniężne i ich ekwiwalenty na koniec okresu,POMIN,1,1,PEWNE,NWG Q1 2026,brak odpowiednika w standardzie
,CF,- o ograniczonej możliwości dysponowania,POMIN,1,1,PEWNE,NWG Q1 2026,brak odpowiednika w standardzie
,AKT_TRW,w tym: prawo do użytkowania,right_to_use_assets,1,1,PEWNE,NWG Q1 2026,pozycja 'w tym' wewnatrz rzeczowych AT - NIE sumuje sie do aktywow trwalych
,AKT_TRW,Aktywa niematerialne,other_intangible_assets,1,1,PEWNE,NWG Q1 2026,
,AKT_TRW,Inne długoterminowe aktywa finansowe,noncurrent_investments,1,1,PEWNE,NWG Q1 2026,
,AKT_TRW,Należności długoterminowe z tytułu leasingu,noncurrent_receivables,1,1,PEWNE,NWG Q1 2026,
,AKT_TRW,Należności długoterminowe pozostałe,noncurrent_receivables,1,1,PEWNE,NWG Q1 2026,
,AKT_OBR,"Krótkoterminowe należności z tytułu dostaw, robót i usług oraz pozostałe",current_receivables,1,1,PEWNE,NWG Q1 2026,
,AKT_OBR,Krótkoterminowe należności z tytułu leasingu,current_receivables,1,1,PEWNE,NWG Q1 2026,
,AKT_OBR,Pozostałe krótkoterminowe aktywa finansowe,current_investments,1,1,PEWNE,NWG Q1 2026,
,AKT_OBR,Aktywa obrotowe bez aktywów trwałych zaklasyfikowanych jako przeznaczone do sprzedaży,POMIN,1,1,PEWNE,NWG Q1 2026,suma posrednia
,KAPITAL,Kapitał ze sprzedaży akcji powyżej wartości nominalnej,reserve,1,1,PEWNE,NWG Q1 2026,
,KAPITAL,Kapitał z aktualizacji wyceny,reserve,1,1,PEWNE,NWG Q1 2026,POTWIERDZONE wzorcem NWG.xlsx: 85107+128808=213915 = reserve
,KAPITAL,Kapitał własny przypisywany właścicielom jednostki dominującej,POMIN,1,1,PEWNE,NWG Q1 2026,suma posrednia
,KAPITAL,Udziały niedające kontroli,nonshare_capital,1,1,PEWNE,NWG Q1 2026,
,ZOB_DL,Długoterminowe kredyty i pożyczki,noncurrent_borrowings,1,1,PEWNE,NWG Q1 2026,
,ZOB_DL,Zobowiązania długoterminowe z tytułu leasingu,noncurrent_leasing,1,1,PEWNE,NWG Q1 2026,
,ZOB_DL,Rezerwy z tytułu świadczeń pracowniczych,noncurrent_other_liabilities,1,1,PEWNE,NWG Q1 2026,
,ZOB_DL,Pozostałe rezerwy długoterminowe,noncurrent_other_liabilities,1,1,PEWNE,NWG Q1 2026,
,ZOB_DL,Długoterminowe zobowiązania pozostałe,noncurrent_other_liabilities,1,1,PEWNE,NWG Q1 2026,
,ZOB_KR,Krótkoterminowe kredyty i pożyczki,current_borrowings,1,1,PEWNE,NWG Q1 2026,
,ZOB_KR,"Zobowiązania z tytułu dostaw, robót i usług oraz pozostałe",current_trade_payables,1,1,PEWNE,NWG Q1 2026,
,ZOB_KR,Zobowiązania krótkoterminowe z tytułu leasingu,current_leasing,1,1,PEWNE,NWG Q1 2026,
,ZOB_KR,Rezerwy krótkoterminowe z tytułu świadczeń pracowniczych,current_other_liabilities,1,1,PEWNE,NWG Q1 2026,
,ZOB_KR,Pozostałe rezerwy krótkoterminowe,current_other_liabilities,1,1,PEWNE,NWG Q1 2026,
,ZOB_KR,Zobowiązania krótkoterminowe bez zobowiązań dotyczących aktywów trwałych przeznaczonych do sprzedaży,POMIN,1,1,PEWNE,NWG Q1 2026,suma posrednia
,ZOB_KR,Zobowiązania krótkoterminowe dotyczące aktywów trwałych przeznaczonych do sprzedaży,current_other_liabilities,1,1,PEWNE,NWG Q1 2026,
,RZIS,Zysk brutto na sprzedaży,POMIN,1,1,PEWNE,APR Q1 2026,"PULAPKA: marza brutto, nie standardowy gross_profit"
,RZIS,Koszty sprzedaży i marketingu,distribution_expenses,-1,1,PEWNE,APR Q1 2026,
,RZIS,Koszty magazynowania,administrative_expenses,-1,1,PEWNE,APR Q1 2026,POTWIERDZONE wzorcem APR.xlsx: magazynowanie + zarzad = administrative_expenses (86628+14698=101326)
,RZIS,Koszty zarządu,administrative_expenses,-1,1,PEWNE,APR Q1 2026,
,RZIS,Pozostałe zyski/(straty) netto,other_operating_income,1,1,PEWNE,APR Q1 2026,POTWIERDZONE wzorcem: -1026+265 = -761 = other_operating_income (moze wyjsc UJEMNE)
,RZIS,Zysk na działalności operacyjnej,ebit,1,1,PEWNE,APR Q1 2026,
,RZIS,Zysk z działalności kontynuowanej,POMIN,1,1,PEWNE,APR Q1 2026,rowne zyskowi netto - mapujemy wiersz 'Zysk netto'
,RZIS,właścicieli jednostki dominującej (Zysk netto),shareholder_net_profit,1,1,PEWNE,APR Q1 2026,
,RZIS,Różnice kursowe z przeliczenia jednostek zagranicznych,POMIN,1,1,PEWNE,APR Q1 2026,inne calkowite dochody / wskazniki - poza zakresem standardu
,RZIS,"Inne całkowite dochody, które zostaną przeklasyfikowane do zysku lub straty, po opodatkowaniu",POMIN,1,1,PEWNE,APR Q1 2026,inne calkowite dochody / wskazniki - poza zakresem standardu
,RZIS,SUMA CAŁKOWITYCH DOCHODÓW,POMIN,1,1,PEWNE,APR Q1 2026,inne calkowite dochody / wskazniki - poza zakresem standardu
,RZIS,udziały niekontrolujące (Zysk netto),POMIN,1,1,PEWNE,APR Q1 2026,inne calkowite dochody / wskazniki - poza zakresem standardu
,RZIS,właścicieli jednostki dominującej (Suma całkowitych dochodów),POMIN,1,1,PEWNE,APR Q1 2026,inne calkowite dochody / wskazniki - poza zakresem standardu
,RZIS,udziały niekontrolujące (Suma całkowitych dochodów),POMIN,1,1,PEWNE,APR Q1 2026,inne calkowite dochody / wskazniki - poza zakresem standardu
,RZIS,podstawowy zysk przypadający na jedną akcję z działalności kontynuowanej (w zł),POMIN,1,1,PEWNE,APR Q1 2026,inne calkowite dochody / wskazniki - poza zakresem standardu
,RZIS,Podstawowy zysk na jedną akcję (w zł),POMIN,1,1,PEWNE,APR Q1 2026,inne calkowite dochody / wskazniki - poza zakresem standardu
,RZIS,rozwodniony zysk przypadający na jedną akcję z działalności kontynuowanej (w zł),POMIN,1,1,PEWNE,APR Q1 2026,inne calkowite dochody / wskazniki - poza zakresem standardu
,RZIS,Rozwodniony zysk na jedną akcję (w zł),POMIN,1,1,PEWNE,APR Q1 2026,inne calkowite dochody / wskazniki - poza zakresem standardu
,RZIS,EBITDA (w tys. zł),POMIN,1,1,PEWNE,APR Q1 2026,inne calkowite dochody / wskazniki - poza zakresem standardu
,CF,Korekty z tytułu:,POMIN,1,1,PEWNE,APR Q1 2026,
,CF,Zmiana stanu:,POMIN,1,1,PEWNE,APR Q1 2026,
,CF,Zyski/straty z tytułu działalności inwestycyjnej,change_in_other_assets,1,1,WYSOKA,APR Q1 2026,korekta zbiorcza
,CF,"Koszty finansowe (odsetki, prowizje)",change_in_other_assets,1,1,WYSOKA,APR Q1 2026,korekta zbiorcza
,CF,Przychody finansowe (odsetki),change_in_other_assets,1,1,WYSOKA,APR Q1 2026,korekta zbiorcza
,CF,"Inne korekty, w przypadku których skutkami pieniężnymi są przepływy pieniężne z działalności finansowej lub inwestycyjnej",change_in_other_assets,1,1,WYSOKA,APR Q1 2026,korekta zbiorcza
,CF,Zmiana stanu aktywa z tytułu umów z klientami,change_in_receivables,1,1,PEWNE,APR Q1 2026,
,CF,Zmiana stanu należności handlowych oraz pozostałych należności,change_in_receivables,1,1,PEWNE,APR Q1 2026,
,CF,Zmiana stanu zobowiązań handlowych oraz pozostałych zobowiązań,change_in_payables,1,1,PEWNE,APR Q1 2026,
,CF,Zmiana stanu zobowiązań z tytułu umów z klientami,change_in_payables,1,1,PEWNE,APR Q1 2026,
,CF,Zmiana stanu zobowiązań z tytułu świadczeń pracowniczych oraz rezerw,change_in_payables,1,1,PEWNE,APR Q1 2026,
,CF,Środki pieniężne z działalności operacyjnej,POMIN,1,1,PEWNE,APR Q1 2026,suma posrednia przed podatkiem
,CF_INW,Nabycie rzeczowych aktywów trwałych i wartości niematerialnych,capex,-1,1,PEWNE,APR Q1 2026,
,CF_INW,Zbycie rzeczowych aktywów trwałych i wartości niematerialnych,POMIN,1,1,PEWNE,APR Q1 2026,
,CF_INW,Udzielone pożyczki,POMIN,1,1,PEWNE,APR Q1 2026,
,CF_INW,Odsetki otrzymane,proceed_bank_loans,1,1,WYSOKA,APR Q1 2026,klucz proceed_bank_loans = etykieta 'Odsetki otrzymane'
APR,CF_INW,Odsetki otrzymane,POMIN,1,1,DO_WERYFIKACJI,APR Q1 2026,wzorzec APR.xlsx ma tu 0 mimo 29 tys. w raporcie - do sprawdzenia po Waszej stronie
,CF_INW,Środki pieniężne netto z działalności inwestycyjnej,investing_cashflow,1,1,PEWNE,APR Q1 2026,
,CF_FIN,Spłata otrzymanych kredytów i pożyczek,POMIN,1,1,WYSOKA,APR Q1 2026,standard nie ma klucza na splate kredytow
,CF_FIN,Płatności zobowiązań z tytułu umów leasingu,lease_liab_payments,-1,1,PEWNE,APR Q1 2026,
,CF_FIN,Odsetki i prowizje zapłacone,repaid_bank_loans,-1,1,PEWNE,APR Q1 2026,
,CF_FIN,Środki pieniężne netto z działalności finansowej,financing_cashflow,1,1,PEWNE,APR Q1 2026,
,CF_FIN,Zmiana stanu środków pieniężnych przed uwzględnieniem skutków zmian kursów,net_cashflow,1,1,PEWNE,APR Q1 2026,POTWIERDZONE wzorcem: brany wariant PRZED skutkami zmian kursow
,CF_FIN,Efekt przeliczenia środków pieniężnych,POMIN,1,1,PEWNE,APR Q1 2026,stany srodkow pienieznych
,CF_FIN,Zmiana stanu środków pieniężnych netto,POMIN,1,1,PEWNE,APR Q1 2026,stany srodkow pienieznych
,CF_FIN,Środki pieniężne i ich ekwiwalenty na początek okresu sprawozdawczego,POMIN,1,1,PEWNE,APR Q1 2026,stany srodkow pienieznych
,CF_FIN,Środki pieniężne i ich ekwiwalenty na koniec okresu sprawozdawczego,POMIN,1,1,PEWNE,APR Q1 2026,stany srodkow pienieznych
,AKT_TRW,Inwestycje w jednostkach pozostałych,noncurrent_investments,1,1,PEWNE,APR Q1 2026,
,AKT_TRW,Pozostałe należności długoterminowe,noncurrent_receivables,1,1,PEWNE,APR Q1 2026,
,AKT_TRW,Aktywa z tytułu podatku odroczonego,other_noncurrent_assets,1,1,PEWNE,APR Q1 2026,
,AKT_OBR,Aktywo z tytułu umów z klientami,current_receivables,1,1,PEWNE,APR Q1 2026,
,KAPITAL,Wyemitowany kapitał akcyjny,share_capital,1,1,PEWNE,APR Q1 2026,
,KAPITAL,Kapitał zapasowy ze sprzedaży akcji powyżej wartości nominalnej,reserve,1,1,PEWNE,APR Q1 2026,wariant bez slowa 'ich' - Neuca ma 'powyzej ICH wartosci nominalnej'
,KAPITAL,Różnice kursowe z przeliczenia jednostek zagranicznych,kapitaly_pozostale_nierozdzielone,1,1,PEWNE,APR Q1 2026,POTWIERDZONE wzorcem: 2103-1611=492 poza rozbiciem kapitalu
,KAPITAL,Kapitał własny przypadający akcjonariuszom jednostki dominującej,POMIN,1,1,PEWNE,APR Q1 2026,suma posrednia
,ZOB_DL,Długoterminowe pożyczki i kredyty bankowe,noncurrent_borrowings,1,1,PEWNE,APR Q1 2026,
,ZOB_DL,Zobowiązania z tytułu leasingu,noncurrent_leasing,1,1,PEWNE,APR Q1 2026,
,ZOB_DL,Zobowiązania i rezerwy z tytułu świadczeń pracowniczych,noncurrent_other_liabilities,1,1,PEWNE,APR Q1 2026,
,ZOB_DL,Zobowiązania z tytułu podatku odroczonego,noncurrent_other_liabilities,1,1,PEWNE,APR Q1 2026,
,ZOB_KR,Zobowiązania handlowe i pozostałe zobowiązania,current_trade_payables,1,1,PEWNE,APR Q1 2026,
,ZOB_KR,Zobowiązania z tytułu umów z klientami,current_other_liabilities,1,1,PEWNE,APR Q1 2026,
,ZOB_KR,Krótkoterminowe pożyczki i kredyty bankowe,current_borrowings,1,1,PEWNE,APR Q1 2026,
,ZOB_KR,Zobowiązania z tytułu leasingu,current_leasing,1,1,PEWNE,APR Q1 2026,
,ZOB_KR,Bieżące zobowiązania podatkowe,current_other_liabilities,1,1,PEWNE,APR Q1 2026,
,ZOB_KR,Zobowiązania i rezerwy z tytułu świadczeń pracowniczych,current_other_liabilities,1,1,PEWNE,APR Q1 2026,
,ZOB_KR,Rezerwy krótkoterminowe,current_other_liabilities,1,1,PEWNE,APR Q1 2026,
,PASYWA,Kapitał własny i zobowiązania razem,total_equity_liabilities,1,1,PEWNE,APR Q1 2026,
,RZIS,Amortyzacja,cost_of_sales,-1,1,PEWNE,GPP Q1 2026,"POTWIERDZONE wzorcem GPP.xlsx: caly uklad rodzajowy (z odpisami kredytowymi) = cost_of_sales, suma 129979"
,RZIS,Koszty świadczeń pracowniczych,cost_of_sales,-1,1,PEWNE,GPP Q1 2026,"POTWIERDZONE wzorcem GPP.xlsx: caly uklad rodzajowy (z odpisami kredytowymi) = cost_of_sales, suma 129979"
,RZIS,Koszt sprzedanych ogłoszeń,cost_of_sales,-1,1,PEWNE,GPP Q1 2026,"POTWIERDZONE wzorcem GPP.xlsx: caly uklad rodzajowy (z odpisami kredytowymi) = cost_of_sales, suma 129979"
,RZIS,Koszty usług marketingowych,cost_of_sales,-1,1,PEWNE,GPP Q1 2026,"POTWIERDZONE wzorcem GPP.xlsx: caly uklad rodzajowy (z odpisami kredytowymi) = cost_of_sales, suma 129979"
,RZIS,Koszty usług IT,cost_of_sales,-1,1,PEWNE,GPP Q1 2026,"POTWIERDZONE wzorcem GPP.xlsx: caly uklad rodzajowy (z odpisami kredytowymi) = cost_of_sales, suma 129979"
,RZIS,Pozostałe usługi obce,cost_of_sales,-1,1,PEWNE,GPP Q1 2026,"POTWIERDZONE wzorcem GPP.xlsx: caly uklad rodzajowy (z odpisami kredytowymi) = cost_of_sales, suma 129979"
,RZIS,Pozostałe koszty,cost_of_sales,-1,1,PEWNE,GPP Q1 2026,"POTWIERDZONE wzorcem GPP.xlsx: caly uklad rodzajowy (z odpisami kredytowymi) = cost_of_sales, suma 129979"
,RZIS,Oczekiwane straty kredytowe,cost_of_sales,-1,1,PEWNE,GPP Q1 2026,"POTWIERDZONE wzorcem GPP.xlsx: caly uklad rodzajowy (z odpisami kredytowymi) = cost_of_sales, suma 129979"
,RZIS,Inne przychody operacyjne,other_operating_income,1,1,PEWNE,GPP Q1 2026,
,RZIS,Inne koszty operacyjne,other_operating_costs,-1,1,PEWNE,GPP Q1 2026,
,RZIS,Koszty finansowe netto,POMIN,1,1,PEWNE,GPP Q1 2026,suma posrednia przychodow i kosztow finansowych
,RZIS,Udział w zysku jednostek wycenianych metodą praw własności,other_income,1,1,PEWNE,GPP Q1 2026,
,RZIS,Zysk netto z działalności kontynuowanej,POMIN,1,1,PEWNE,GPP Q1 2026,rowne zyskowi netto
,RZIS_ZYSK,Zysk netto przypadający na:,POMIN,1,1,PEWNE,GPP Q1 2026,wiersz znacznika sekcji
,RZIS_CD,Całkowite dochody ogółem przypadające na:,POMIN,1,1,PEWNE,GPP Q1 2026,wiersz znacznika sekcji
,RZIS_CD,Zysk podstawowy na akcję (PLN) - działalność kontynuowana,POMIN,1,1,PEWNE,GPP Q1 2026,
,RZIS_CD,Zysk rozwodniony na akcję (PLN) - działalność kontynuowana,POMIN,1,1,PEWNE,GPP Q1 2026,
,CF_FIN,Płatności zobowiązań z tytułu leasingu,lease_liab_payments,-1,1,PEWNE,GPP Q1 2026,
,RZIS_ZYSK,Właścicieli Jednostki Dominującej,shareholder_net_profit,1,1,PEWNE,GPP Q1 2026,
,RZIS_ZYSK,Udziały niekontrolujące,POMIN,1,1,PEWNE,GPP Q1 2026,ujete w nonshare_capital
,RZIS_CD,Właścicieli Jednostki Dominującej,POMIN,1,1,PEWNE,GPP Q1 2026,"to CALKOWITE DOCHODY, nie zysk netto - nie mylic"
,RZIS_CD,Udziały niekontrolujące,POMIN,1,1,PEWNE,GPP Q1 2026,
,RZIS,Podlegające reklasyfikacji do wyniku finansowego,POMIN,1,1,PEWNE,GPP Q1 2026,inne calkowite dochody
,RZIS,Różnice kursowe z przeliczenia jednostek działających zagranicą,POMIN,1,1,PEWNE,GPP Q1 2026,inne calkowite dochody
,RZIS,Razem inne całkowite dochody,POMIN,1,1,PEWNE,GPP Q1 2026,inne calkowite dochody
,CF,Udział w zysku jednostek wycenianych metodą praw własności,change_in_other_assets,1,1,WYSOKA,GPP Q1 2026,korekta zbiorcza
,CF,(Zysk)/Strata z tytułu różnic kursowych,change_in_other_assets,1,1,WYSOKA,GPP Q1 2026,korekta zbiorcza
,CF,Strata z tytułu odsetek,change_in_other_assets,1,1,WYSOKA,GPP Q1 2026,korekta zbiorcza
,CF,Aktualizacja wartości inwestycji wycenianych w wartości godziwej przez wynik finansowy,change_in_other_assets,1,1,WYSOKA,GPP Q1 2026,korekta zbiorcza
,CF,Wycena programu płatności w formie akcji rozliczanych w instrumentach kapitałowych,change_in_other_assets,1,1,WYSOKA,GPP Q1 2026,korekta zbiorcza
,CF,Rozliczenie i wycena instrumentów finansowych,change_in_other_assets,1,1,WYSOKA,GPP Q1 2026,korekta zbiorcza
,CF,Zapasy,change_in_inventories,1,1,PEWNE,GPP Q1 2026,
,CF,Należności handlowe,change_in_receivables,1,1,PEWNE,GPP Q1 2026,
,CF,Pozostałe aktywa niefinansowe,change_in_receivables,1,1,WYSOKA,GPP Q1 2026,
,CF,Zobowiązania wobec pracowników,change_in_payables,1,1,PEWNE,GPP Q1 2026,
,CF,Zobowiązania handlowe,change_in_payables,1,1,PEWNE,GPP Q1 2026,
,CF,Pozostałe zobowiązania niefinansowe,change_in_payables,1,1,PEWNE,GPP Q1 2026,
,CF,Zobowiązania z tytułu umów,change_in_payables,1,1,PEWNE,GPP Q1 2026,
,CF_INW,Wydatki z tytułu nabycia jednostek zależnych po potrąceniu środków pieniężnych,outflows_for_acquisitions,-1,1,PEWNE,GPP Q1 2026,
,CF_INW,Nabycie rzeczowych aktywów trwałych oraz wartości niematerialnych,capex,-1,1,PEWNE,GPP Q1 2026,
,CF_INW,Nabycie pozostałych aktywów finansowych,POMIN,1,1,PEWNE,GPP Q1 2026,brak odpowiednika w standardzie
,CF_INW,Wydatki z tytułu nabycia pozostałych aktywów finansowych,POMIN,1,1,PEWNE,GPP Q1 2026,brak odpowiednika w standardzie
,CF_INW,Wydatki z tytułu zbycia pozostałych aktywów finansowych,POMIN,1,1,PEWNE,GPP Q1 2026,brak odpowiednika w standardzie
,CF_INW,Wpływy ze zbycia aktywów finansowych,POMIN,1,1,PEWNE,GPP Q1 2026,brak odpowiednika w standardzie
,CF_INW,Otrzymane dywidendy,POMIN,1,1,PEWNE,GPP Q1 2026,brak odpowiednika w standardzie
,CF_INW,Wpływy z tytułu sprzedaży rzeczowych aktywów trwałych oraz wartości niematerialnych,POMIN,1,1,PEWNE,GPP Q1 2026,brak odpowiednika w standardzie
,CF_FIN,Dywidendy zapłacone,dividend,-1,1,PEWNE,GPP Q1 2026,
,CF_FIN,Rozliczenie pochodnych instrumentów finansowych,POMIN,1,1,PEWNE,GPP Q1 2026,
,CF_FIN,Przepływy pieniężne netto razem,net_cashflow,1,1,PEWNE,GPP Q1 2026,"alias globalny - uzywaja go GPP, Wawel i Pekao"
,CF_FIN,Różnice kursowe od środków pieniężnych i ich ekwiwalentów,POMIN,1,1,PEWNE,GPP Q1 2026,stany srodkow pienieznych
,CF_FIN,Stan środków pieniężnych wykazany w skonsolidowanym sprawozdaniu z sytuacji finansowej,POMIN,1,1,PEWNE,GPP Q1 2026,stany srodkow pienieznych
,AKT_TRW,Inwestycje wyceniane metodą praw własności,noncurrent_investments,1,1,PEWNE,GPP Q1 2026,
,AKT_TRW,Pozostałe aktywa finansowe,noncurrent_investments,1,1,PEWNE,GPP Q1 2026,
,AKT_OBR,Należności handlowe,current_receivables,1,1,PEWNE,GPP Q1 2026,
,KAPITAL,Kapitał zapasowy,reserve,1,1,PEWNE,GPP Q1 2026,
,KAPITAL,Kapitał rezerwowy dotyczący akcji własnych,kapitaly_pozostale_nierozdzielone,1,1,PEWNE,GPP Q1 2026,POTWIERDZONE wzorcem: poza rozbiciem kapitalu wlasnego
,KAPITAL,Programy płatności w formie akcji,kapitaly_pozostale_nierozdzielone,1,1,PEWNE,GPP Q1 2026,POTWIERDZONE wzorcem: poza rozbiciem kapitalu wlasnego
,KAPITAL,Pozostałe kapitały rezerwowe,kapitaly_pozostale_nierozdzielone,1,1,PEWNE,GPP Q1 2026,POTWIERDZONE wzorcem: poza rozbiciem kapitalu wlasnego
,KAPITAL,Różnice kursowe z przeliczenia,kapitaly_pozostale_nierozdzielone,1,1,PEWNE,GPP Q1 2026,POTWIERDZONE wzorcem: poza rozbiciem kapitalu wlasnego
,KAPITAL,Rozliczenie połączenia,kapitaly_pozostale_nierozdzielone,1,1,PEWNE,GPP Q1 2026,POTWIERDZONE wzorcem: poza rozbiciem kapitalu wlasnego
,KAPITAL,Kapitał własny przypisany właścicielom Jednostki Dominującej,POMIN,1,1,PEWNE,GPP Q1 2026,suma posrednia
,KAPITAL,Kapitał udziałowców niekontrolujących,nonshare_capital,1,1,PEWNE,GPP Q1 2026,
,ZOB_DL,Kredyty,noncurrent_borrowings,1,1,PEWNE,GPP Q1 2026,
,ZOB_DL,Pozostałe zobowiązania finansowe,noncurrent_other_liabilities,1,1,PEWNE,GPP Q1 2026,
,ZOB_DL,Zobowiązania wobec pracowników,noncurrent_other_liabilities,1,1,PEWNE,GPP Q1 2026,
,ZOB_KR,Kredyty,current_borrowings,1,1,PEWNE,GPP Q1 2026,
,ZOB_KR,Zobowiązania wobec pracowników,current_other_liabilities,1,1,PEWNE,GPP Q1 2026,
,ZOB_KR,Zobowiązania handlowe,current_trade_payables,1,1,PEWNE,GPP Q1 2026,
,ZOB_KR,Pozostałe zobowiązania finansowe,current_other_liabilities,1,1,PEWNE,GPP Q1 2026,
,ZOB_KR,Pozostałe zobowiązania niefinansowe,current_other_liabilities,1,1,PEWNE,GPP Q1 2026,
,ZOB_KR,Zobowiązania z tytułu dywidendy,current_other_liabilities,1,1,PEWNE,GPP Q1 2026,
,ZOB_KR,Zobowiązania z tytułu umów,current_other_liabilities,1,1,PEWNE,GPP Q1 2026,
,BILANS,Zobowiązania razem,POMIN,1,1,PEWNE,GPP Q1 2026,suma posrednia - u GPP trafia do sekcji BILANS
FTE,RZIS,Koszt własny sprzedaży,cost_of_sales,1,1,PEWNE,FTE Q1 2025/26,Forte podaje koszty DODATNIE
FTE,RZIS,Koszty sprzedaży,distribution_expenses,1,1,PEWNE,FTE Q1 2025/26,Forte podaje koszty DODATNIE
FTE,RZIS,Koszty ogólnego zarządu,administrative_expenses,1,1,PEWNE,FTE Q1 2025/26,Forte podaje koszty DODATNIE
FTE,RZIS,Pozostałe koszty operacyjne,other_operating_costs,1,1,PEWNE,FTE Q1 2025/26,Forte podaje koszty DODATNIE
FTE,RZIS,Koszty finansowe,finance_costs,1,1,PEWNE,FTE Q1 2025/26,Forte podaje koszty DODATNIE
,RZIS,Zysk (strata) z pochodnych instrumentów finansowych,other_income,1,1,PEWNE,FTE Q1 2025/26,
,RZIS,Udział w zysku/stracie jednostek podporządkowanych wycenianych metodą praw własności,other_income,1,1,PEWNE,FTE Q1 2025/26,
,RZIS,Zysk (strata) z działalności kontynuowanej,POMIN,1,1,PEWNE,FTE Q1 2025/26,rowne zyskowi okresu
,RZIS,Zysk (strata) okresu,net_profit,1,1,PEWNE,FTE Q1 2025/26,
,RZIS,Przypadający: Akcjonariuszom Jednostki Dominującej,shareholder_net_profit,1,1,PEWNE,FTE Q1 2025/26,
,RZIS,Przypadający: Udziałowcom niekontrolującym,POMIN,1,1,PEWNE,FTE Q1 2025/26,ujete w nonshare_capital
,RZIS,Podstawowy zysk przypadający na jedną akcję z działalności kontynuowanej,POMIN,1,1,PEWNE,FTE Q1 2025/26,wskazniki na akcje
,RZIS,Zysk /(strata) na jedną akcję,POMIN,1,1,PEWNE,FTE Q1 2025/26,wskazniki na akcje
,RZIS,Rozwodniony zysk (rozwodniona strata) przypadający na jedną akcję z działalności kontynuowanej,POMIN,1,1,PEWNE,FTE Q1 2025/26,wskazniki na akcje
,RZIS,Rozwodniony zysk/(strata) na jedną akcję,POMIN,1,1,PEWNE,FTE Q1 2025/26,wskazniki na akcje
,CF,Zysk (strata) okresu,POMIN,1,1,PEWNE,FTE Q1 2025/26,punkt wyjscia - juz w RZiS
,CF,Korekty o pozycje:,POMIN,1,1,PEWNE,FTE Q1 2025/26,suma posrednia
,CF,Udział w zysku/stracie jednostek wycenianych Metodą Praw Własności,change_in_other_assets,1,1,WYSOKA,FTE Q1 2025/26,korekta zbiorcza
,CF,Zysk (strata) na działalności inwestycyjnej,change_in_other_assets,1,1,WYSOKA,FTE Q1 2025/26,korekta zbiorcza
,CF,Podatek w rachunku zysków i strat,change_in_other_assets,1,1,WYSOKA,FTE Q1 2025/26,korekta zbiorcza
,CF,Podatek dochodowy zapłacony (zwrócony),change_in_other_assets,1,1,WYSOKA,FTE Q1 2025/26,korekta zbiorcza
,CF,Zmiana stanu należności,change_in_receivables,1,1,PEWNE,FTE Q1 2025/26,
,CF,Zmiana stanu zobowiązań z wyjątkiem kredytów i pożyczek,change_in_payables,1,1,PEWNE,FTE Q1 2025/26,
,CF_INW,Nabycie rzeczowych aktywów trwałych,capex,-1,1,PEWNE,FTE Q1 2025/26,
,CF_INW,Nabycie udziałów w jednostkach wycenianych Metodą Praw Własności,outflows_for_acquisitions,-1,1,PEWNE,FTE Q1 2025/26,
,CF_INW,Sprzedaż wartości niematerialnych,POMIN,1,1,PEWNE,FTE Q1 2025/26,brak odpowiednika
,CF_INW,Sprzedaż rzeczowych aktywów trwałych,POMIN,1,1,PEWNE,FTE Q1 2025/26,brak odpowiednika
,CF_FIN,Spłata pożyczek/kredytów,POMIN,1,1,WYSOKA,FTE Q1 2025/26,standard nie ma klucza na splate kredytow
,CF_FIN,"Inne wpływy (wypływy) środków pieniężnych, zaliczone do działalności finansowej",POMIN,1,1,PEWNE,FTE Q1 2025/26,
,CF_FIN,Zwiększenie (zmniejszenie) netto stanu środków pieniężnych i ich ekwiwalentów przed skutkami zmian kursów wymiany,net_cashflow,1,1,PEWNE,FTE Q1 2025/26,POTWIERDZONE wzorcem: wariant PRZED skutkami zmian kursow
,CF_FIN,Różnice kursowe netto (z przeliczenia BO),POMIN,1,1,PEWNE,FTE Q1 2025/26,stany srodkow pienieznych
,CF_FIN,Zwiększenie (zmniejszenie) netto stanu środków pieniężnych i ich ekwiwalentów,POMIN,1,1,PEWNE,FTE Q1 2025/26,stany srodkow pienieznych
,CF_FIN,Środki pieniężne na początek okresu,POMIN,1,1,PEWNE,FTE Q1 2025/26,stany srodkow pienieznych
,CF_FIN,"Środki pieniężne na koniec okresu, w tym:",POMIN,1,1,PEWNE,FTE Q1 2025/26,stany srodkow pienieznych
,CF_FIN,o ograniczonej możliwości dysponowania,POMIN,1,1,PEWNE,FTE Q1 2025/26,stany srodkow pienieznych
,AKT_TRW,Inwestycje w jednostkach zależnych,noncurrent_investments,1,1,PEWNE,FTE Q1 2025/26,
,AKT_TRW,Aktywo z tytułu odroczonego podatku dochodowego,other_noncurrent_assets,1,1,PEWNE,FTE Q1 2025/26,
,AKT_TRW,Należności z tytułu pochodnych instrumentów finansowych,noncurrent_receivables,1,1,PEWNE,FTE Q1 2025/26,
,AKT_OBR,Należności z tytułu dostaw i usług oraz pozostałe należności,current_receivables,1,1,PEWNE,FTE Q1 2025/26,
,AKT_OBR,Należności z tytułu pochodnych instrumentów finansowych,current_receivables,1,1,PEWNE,FTE Q1 2025/26,
,AKT_OBR,Należności z tytułu podatku dochodowego,current_receivables,1,1,PEWNE,FTE Q1 2025/26,
,AKTYWA,SUMA AKTYWÓW,total_assets,1,1,PEWNE,FTE Q1 2025/26,
,KAPITAL,"Kapitał własny (przypisany akcjonariuszom Jednostki Dominującej), w tym:",POMIN,1,1,PEWNE,FTE Q1 2025/26,suma posrednia
,KAPITAL,Nadwyżka ze sprzedaży akcji powyżej ich wartości,reserve,1,1,PEWNE,FTE Q1 2025/26,
,KAPITAL,Kapitały przypadające udziałowcom niekontrolującym,nonshare_capital,1,1,PEWNE,FTE Q1 2025/26,
,ZOB_DL,Rezerwa na świadczenia po okresie zatrudnienia,noncurrent_other_liabilities,1,1,PEWNE,FTE Q1 2025/26,
,ZOB_DL,Oprocentowane kredyty bankowe i pożyczki,noncurrent_borrowings,1,1,PEWNE,FTE Q1 2025/26,
,ZOB_DL,Zobowiązania z tytułu dostaw i usług długoterminowe,noncurrent_trade_payables,1,1,PEWNE,FTE Q1 2025/26,"POTWIERDZONE wzorcem FTE.xlsx: 582 idzie w noncurrent_trade_payables, nie w inne zobowiazania"
,ZOB_DL,Dotacje rządowe,noncurrent_other_liabilities,1,1,PEWNE,FTE Q1 2025/26,
,ZOB_KR,Dotacje rządowe,current_other_liabilities,1,1,PEWNE,FTE Q1 2025/26,
,ZOB_KR,Zobowiązania z tytułu podatku dochodowego,current_other_liabilities,1,1,PEWNE,FTE Q1 2025/26,
,ZOB_KR,Bieżąca część oprocentowanych kredytów bankowych i pożyczek,current_borrowings,1,1,PEWNE,FTE Q1 2025/26,
,ZOB_KR,Rezerwa na świadczenia po okresie zatrudnienia,current_other_liabilities,1,1,PEWNE,FTE Q1 2025/26,
,ZOB_KR,Pozostałe rezerwy,current_other_liabilities,1,1,PEWNE,FTE Q1 2025/26,
,PASYWA,SUMA PASYWÓW,total_equity_liabilities,1,1,PEWNE,FTE Q1 2025/26,
,RZIS,Przychody,revenues,1,1,PEWNE,WWL 9M 2025,
,RZIS,Przychody z tytułu umów z Klientami,POMIN,1,1,PEWNE,WWL 9M 2025,rozwiniecie pozycji Przychody
,RZIS,Przychody ze sprzedaży detalicznej,POMIN,1,1,PEWNE,WWL 9M 2025,rozwiniecie pozycji Przychody
,RZIS,Koszty,POMIN,1,1,PEWNE,WWL 9M 2025,suma kosztow - skladniki mapowane osobno
,RZIS,Pozostałe przychody / koszty operacyjne,other_operating_income,1,1,PEWNE,WWL 9M 2025,pozycja netto - moze wyjsc ujemna
WWL,RZIS,Zysk netto z działalności kontynuowanej,net_profit,1,1,PEWNE,WWL 9M 2025,u Wawelu to wynik koncowy (brak osobnego 'Zysk netto')
WWL,RZIS,Zysk netto z działalności kontynuowanej,shareholder_net_profit,1,1,PEWNE,WWL 9M 2025,brak udzialow niekontrolujacych
,RZIS,Podstawowy i rozwodniony zysk/strata na jedną akcję,POMIN,1,1,PEWNE,WWL 9M 2025,
,RZIS,średnia ważona liczby akcji zwykłych w okresie,POMIN,1,1,DO_WERYFIKACJI,WWL 9M 2025,srednia wazona; standard ma 1499755 akcji na dzien bilansowy
,RZIS,Zysk (strata) na jedną akcję (w zł),POMIN,1,1,PEWNE,WWL 9M 2025,
,RZIS,Zysk rozwodniony na jedną akcję (w zł),POMIN,1,1,PEWNE,WWL 9M 2025,
,CF,Zysk (strata) brutto,POMIN,1,1,PEWNE,WWL 9M 2025,punkt wyjscia - juz w RZiS
,CF,Korekty razem,POMIN,1,1,PEWNE,WWL 9M 2025,suma posrednia
,CF,Odsetki i dywidendy,change_in_other_assets,1,1,WYSOKA,WWL 9M 2025,
,CF,Zysk (strata) z tytułu działalności inwestycyjnej,change_in_other_assets,1,1,WYSOKA,WWL 9M 2025,
,CF,Zmiana stanu zobowiązań krótkoterminowych (z wyjątkiem pożyczek i kredytów),change_in_payables,1,1,PEWNE,WWL 9M 2025,
,CF,Zmiana stanu rozliczeń międzyokresowych,change_in_other_assets,1,1,WYSOKA,WWL 9M 2025,
,CF_INW,Zbycie wartości niematerialnych oraz rzeczowych aktywów trwałych,POMIN,1,1,PEWNE,WWL 9M 2025,
,CF_INW,Nabycie wartości niematerialnych oraz rzeczowych aktywów trwałych,capex,-1,1,PEWNE,WWL 9M 2025,
,CF_INW,Zbycie aktywów finansowych,POMIN,1,1,PEWNE,WWL 9M 2025,
,CF_INW,Wydatki na aktywa finansowe,POMIN,1,1,PEWNE,WWL 9M 2025,
,CF_FIN,Dywidendy i inne wypłaty na rzecz właścicieli,dividend,-1,1,PEWNE,WWL 9M 2025,
,CF_FIN,Płatności zobowiązań z tytułu umów leasingu finansowego,lease_liab_payments,-1,1,PEWNE,WWL 9M 2025,
,CF_FIN,Odsetki z tytułu umów leasingu finansowego,repaid_bank_loans,-1,1,PEWNE,WWL 9M 2025,
,CF_FIN,Bilansowa zmiana stanu środków pieniężnych:,POMIN,1,1,PEWNE,WWL 9M 2025,
,CF_FIN,Zmiana stanu środków pieniężnych z tytułu różnic kursowych,POMIN,1,1,PEWNE,WWL 9M 2025,
,CF_FIN,Środki pieniężne na koniec okresu,POMIN,1,1,PEWNE,WWL 9M 2025,
,AKT_TRW,Długoterminowe aktywa finansowe,noncurrent_investments,1,1,PEWNE,WWL 9M 2025,
,AKT_TRW,Udziały w jednostkach stowarzyszonych wycenianych metodą praw własności,POMIN,1,1,PEWNE,WWL 9M 2025,rozwiniecie dlugoterminowych aktywow finansowych
WWL,AKT_TRW,Inne długoterminowe aktywa finansowe,POMIN,1,1,PEWNE,WWL 9M 2025,u Wawelu to rozwiniecie pozycji nadrzednej
,AKT_TRW,Długoterminowe rozliczenia międzyokresowe,other_noncurrent_assets,1,1,PEWNE,WWL 9M 2025,
,AKT_OBR,Należności krótkoterminowe,current_receivables,1,1,PEWNE,WWL 9M 2025,
WWL,AKT_OBR,Należności z tytułu dostaw i usług oraz pozostałe należności,POMIN,1,1,PEWNE,WWL 9M 2025,u Wawelu to rozwiniecie pozycji nadrzednej
,AKT_OBR,Należności z tytułu podatku CIT,POMIN,1,1,PEWNE,WWL 9M 2025,rozwiniecie j.w.
,AKT_OBR,Krótkoterminowe rozliczenia międzyokresowe,other_current_assets,1,1,PEWNE,WWL 9M 2025,
,AKT_OBR,Środki pieniężne oraz inne aktywa finansowe,current_investments,1,1,PEWNE,WWL 9M 2025,
,AKT_OBR,środki pieniężne,cash,1,1,PEWNE,WWL 9M 2025,
,AKT_OBR,Inne aktywa finansowe,POMIN,1,1,PEWNE,WWL 9M 2025,rozwiniecie srodkow pienieznych i innych aktywow finansowych
,AKTYWA,S U M A A K T Y W Ó W,total_assets,1,1,PEWNE,WWL 9M 2025,
,KAPITAL,Kapitał własny ogółem,capital,1,1,PEWNE,WWL 9M 2025,
,KAPITAL,Kapitał z emisji akcji powyżej ich wartości nominalnej,kapitaly_pozostale_nierozdzielone,1,1,PEWNE,WWL 9M 2025,"POTWIERDZONE wzorcem WWL: reserve = kapital zapasowy + rezerwowy (339725+456580), bez tej pozycji"
,KAPITAL,Kapitał rezerwowy,reserve,1,1,PEWNE,WWL 9M 2025,
WWL,KAPITAL,Kapitał z aktualizacji wyceny,kapitaly_pozostale_nierozdzielone,1,1,PEWNE,WWL 9M 2025,u Wawelu poza rozbiciem kapitalu (u Newagu wchodzi do reserve)
,KAPITAL,Inne składniki kapitału,kapitaly_pozostale_nierozdzielone,1,1,PEWNE,WWL 9M 2025,
,KAPITAL,Zyski zatrzymane/ niepokryte straty,retained_earnings,1,1,PEWNE,WWL 9M 2025,
,KAPITAL,Zobowiązania ogółem,POMIN,1,1,PEWNE,WWL 9M 2025,suma posrednia - trafia do sekcji KAPITAL
,ZOB_DL,Zobowiązania długoterminowe i rezerwy na zobowiązania,noncurrent_liabilities,1,1,PEWNE,WWL 9M 2025,
,ZOB_DL,Rezerwa na świadczenia emerytalne i podobne,noncurrent_other_liabilities,1,1,PEWNE,WWL 9M 2025,
WWL,ZOB_DL,Zobowiązania długoterminowe,noncurrent_other_liabilities,1,1,PEWNE,WWL 9M 2025,"u Wawelu to pozycja skladowa, nie suma bloku"
,ZOB_KR,Zobowiązania z tytułu dostaw i usług oraz pozostałe zobowiązania,current_trade_payables,1,1,PEWNE,WWL 9M 2025,
,ZOB_KR,Zobowiązania z tytułu podatku CIT,current_other_liabilities,1,1,PEWNE,WWL 9M 2025,
,ZOB_KR,Zobowiązania z tytułu świadczeń pracowniczych,current_other_liabilities,1,1,PEWNE,WWL 9M 2025,
,ZOB_KR,Rozliczenia międzyokresowe,current_other_liabilities,1,1,PEWNE,WWL 9M 2025,
,PASYWA,S U M A P A S Y W Ó W,total_equity_liabilities,1,1,PEWNE,WWL 9M 2025,
,RZIS,Przychody z tytułu odsetek i o charakterze zbliżonym do odsetek,interest_income,1,1,PEWNE,PEO H1 2026,
,RZIS,Przychody z tytułu odsetek obliczone przy zastosowaniu metody efektywnej stopy procentowej,POMIN,1,1,PEWNE,PEO H1 2026,rozwiniecie przychodow odsetkowych
,RZIS,Przychody o charakterze zbliżonym do odsetek,POMIN,1,1,PEWNE,PEO H1 2026,rozwiniecie j.w.
,RZIS,Koszty z tytułu odsetek,interest_expense,-1,1,PEWNE,PEO H1 2026,standard trzyma koszty odsetkowe DODATNIO
,RZIS,Wynik z tytułu odsetek,net_interest_income,1,1,PEWNE,PEO H1 2026,
,RZIS,Przychody z tytułu prowizji i opłat,fee_income,1,1,PEWNE,PEO H1 2026,
,RZIS,Koszty z tytułu prowizji i opłat,fee_expense,-1,1,PEWNE,PEO H1 2026,standard trzyma koszty prowizyjne DODATNIO
,RZIS,Wynik z tytułu prowizji i opłat,net_fee_income,1,1,PEWNE,PEO H1 2026,
,RZIS,Przychody z tytułu dywidend,dividend_income,1,1,PEWNE,PEO H1 2026,
,RZIS,Wynik na instrumentach finansowych wycenianych w wartości godziwej przez wynik finansowy oraz wynik z pozycji wymiany,realised_gains,1,1,PEWNE,PEO H1 2026,
,RZIS,Wynik z tytułu zaprzestania ujmowania aktywów i zobowiązań finansowych niewycenianych według wartości godziwej przez wynik finansowy,net_other_financial_income,1,1,PEWNE,PEO H1 2026,
,RZIS,Wynik z tytułu odpisów na oczekiwane straty kredytowe,impairment_losses,1,1,PEWNE,PEO H1 2026,standard trzyma odpisy UJEMNIE - przepisujemy bez zmiany znaku
,RZIS,Koszty ryzyka prawnego walutowych kredytów hipotecznych,impairment_losses,1,1,PEWNE,PEO H1 2026,POTWIERDZONE wzorcem PEO: -437 + -89 = -526
,RZIS,Pozostałe przychody operacyjne,net_other_operating_income,1,1,PEWNE,PEO H1 2026,
,RZIS,Pozostałe koszty operacyjne,net_other_operating_costs,1,1,PEWNE,PEO H1 2026,standard trzyma UJEMNIE
,RZIS,Ogólne koszty administracyjne oraz amortyzacja,administration_costs,1,1,PEWNE,PEO H1 2026,standard trzyma UJEMNIE
,RZIS,Udział w zyskach/stratach jednostek stowarzyszonych,related_income,1,1,PEWNE,PEO H1 2026,
,RZIS,ZYSK BRUTTO,beforetax_profit,1,1,PEWNE,PEO H1 2026,
,RZIS,1. Przypadający na akcjonariuszy Banku,shareholder_net_profit,1,1,PEWNE,PEO H1 2026,
,RZIS,2. Przypadający na udziały niedające kontroli,POMIN,1,1,PEWNE,PEO H1 2026,ujete w non_control_profit
,RZIS,podstawowy zysk na akcję za okres (w złotych na akcję),POMIN,1,1,PEWNE,PEO H1 2026,
,RZIS,rozwodniony zysk na akcję za okres (w złotych na akcję),POMIN,1,1,PEWNE,PEO H1 2026,
,BANK_A,AKTYWA,POMIN,1,1,PEWNE,PEO H1 2026,naglowek bloku
,BANK_A,Środki pieniężne i ekwiwalenty środków pieniężnych,cash_and_balances_with_the_central_bank,1,1,PEWNE,PEO H1 2026,
,BANK_A,Należności od banków,loans_to_banks,1,1,PEWNE,PEO H1 2026,
,BANK_A,Aktywa z tytułu pochodnych instrumentów finansowych (przeznaczone do obrotu),financial_assets_held_for_trading,1,1,PEWNE,PEO H1 2026,
,BANK_A,Instrumenty zabezpieczające,held_to_maturity_financial_assets,1,1,PEWNE,PEO H1 2026,
,BANK_A,Kredyty i pożyczki udzielone klientom (w tym należności z tytułu leasingu finansowego),loans_to_customers,1,1,PEWNE,PEO H1 2026,
,BANK_A,Papiery wartościowe,other_financial_assets,1,1,PEWNE,PEO H1 2026,
,BANK_A,Aktywa stanowiące zabezpieczenie zobowiązań,other_assets,1,1,PEWNE,PEO H1 2026,
,BANK_A,Aktywa przeznaczone do sprzedaży,other_assets,1,1,PEWNE,PEO H1 2026,
,BANK_A,Inwestycje w jednostkach stowarzyszonych,investments_in_subsidiaries,1,1,PEWNE,PEO H1 2026,
,BANK_A,Wartości niematerialne,intangible_assets,1,1,PEWNE,PEO H1 2026,bilans nie rozbija - wartosc firmy dociagana z noty 23
,BANK_A,Rzeczowe aktywa trwałe,property,1,1,PEWNE,PEO H1 2026,
,BANK_A,Aktywa z tytułu podatku dochodowego,tax_assets,1,1,PEWNE,PEO H1 2026,
,BANK_A,1. Aktywa z tytułu bieżącego podatku dochodowego,POMIN,1,1,PEWNE,PEO H1 2026,rozwiniecie
,BANK_A,2. Aktywa z tytułu odroczonego podatku dochodowego,POMIN,1,1,PEWNE,PEO H1 2026,rozwiniecie
,BANK_A,Inne aktywa,other_assets,1,1,PEWNE,PEO H1 2026,
,BANK_P,ZOBOWIĄZANIA I KAPITAŁY,POMIN,1,1,PEWNE,PEO H1 2026,naglowek bloku
,BANK_P,Zobowiązania,POMIN,1,1,PEWNE,PEO H1 2026,naglowek bloku
,BANK_P,Zobowiązania wobec innych banków,liabilities_due_to_banks,1,1,PEWNE,PEO H1 2026,
,BANK_P,Zobowiązania finansowe przeznaczone do obrotu,financial_liabilities_held_for_trading,1,1,PEWNE,PEO H1 2026,
,BANK_P,Zobowiązania z tytułu pochodnych instrumentów finansowych (przeznaczone do obrotu),financial_liabilities_held_for_trading,1,1,PEWNE,PEO H1 2026,
,BANK_P,Zobowiązania wobec klientów,liabilities_due_to_customers,1,1,PEWNE,PEO H1 2026,
,BANK_P,Instrumenty zabezpieczające,held_to_maturity_financial_liabilities,1,1,PEWNE,PEO H1 2026,
,BANK_P,Zobowiązania z tytułu emisji dłużnych papierów wartościowych,debt_securities,1,1,PEWNE,PEO H1 2026,
,BANK_P,Zobowiązania z tytułu obligacji podporządkowanych,subordinated_liabilities,1,1,PEWNE,PEO H1 2026,
,BANK_P,Zobowiązania z tytułu podatku dochodowego,tax_liabilities,1,1,PEWNE,PEO H1 2026,
,BANK_P,1. Bieżące zobowiązanie z tytułu podatku dochodowego,POMIN,1,1,PEWNE,PEO H1 2026,rozwiniecie
,BANK_P,2. Rezerwa z tytułu odroczonego podatku dochodowego,POMIN,1,1,PEWNE,PEO H1 2026,rozwiniecie
,BANK_P,Rezerwy,other_liabilities,1,1,PEWNE,PEO H1 2026,
,BANK_P,Pozostałe zobowiązania,other_liabilities,1,1,PEWNE,PEO H1 2026,
,BANK_P,ZOBOWIĄZANIA RAZEM,total_liabilities,1,1,PEWNE,PEO H1 2026,
,BANK_P,Kapitał zakładowy,share_capital,1,1,PEWNE,PEO H1 2026,
,BANK_P,Pozostałe kapitały i inne składniki całkowitych dochodów,share_premium,1,1,PEWNE,PEO H1 2026,
,BANK_P,Wynik z lat ubiegłych i roku bieżącego,retained_earnings,1,1,PEWNE,PEO H1 2026,
,BANK_P,Kapitał własny przypisany akcjonariuszom Banku,own_capital,1,1,PEWNE,PEO H1 2026,
,BANK_P,Udziały niedające kontroli,non_control_profit,1,1,PEWNE,PEO H1 2026,
,BANK_P,KAPITAŁY RAZEM,total_capital,1,1,PEWNE,PEO H1 2026,
,PASYWA,ZOBOWIĄZANIA I KAPITAŁY RAZEM,total_equity_liabilities,1,1,PEWNE,PEO H1 2026,
,NOTY,Wartość firmy,goodwill,1,1,PEWNE,PEO H1 2026,
,NOTY,Wartości niematerialne,other_intangible_assets,1,1,PEWNE,PEO H1 2026,w nocie to WNiP BEZ wartosci firmy
,NOTY,koszty prac rozwojowych,POMIN,1,1,PEWNE,PEO H1 2026,rozwiniecie noty
,NOTY,patenty i licencje,POMIN,1,1,PEWNE,PEO H1 2026,rozwiniecie noty
,NOTY,Inne,POMIN,1,1,PEWNE,PEO H1 2026,rozwiniecie noty
,NOTY,nakłady na wartości niematerialne,POMIN,1,1,PEWNE,PEO H1 2026,rozwiniecie noty
,NOTY,Razem,POMIN,1,1,PEWNE,PEO H1 2026,rozwiniecie noty
PEO,CF,Przepływy środków pieniężnych z działalności operacyjnej - metoda pośrednia,POMIN,1,1,PEWNE,PEO H1 2026,naglowek bloku
PEO,CF,Zysk brutto,POMIN,1,1,PEWNE,PEO H1 2026,punkt wyjscia - juz w RZiS
PEO,CF,Środki pieniężne netto z działalności operacyjnej,operating_cashflow,1,1,PEWNE,PEO H1 2026,
PEO,CF,Korekty:,POMIN,1,1,WYSOKA,PEO H1 2026,korekta / zmiana stanu - standard bankowy nie ma kapitalu obrotowego
PEO,CF,Zmiana stanu:,POMIN,1,1,WYSOKA,PEO H1 2026,korekta / zmiana stanu - standard bankowy nie ma kapitalu obrotowego
PEO,CF,Udział w zyskach (stratach) jednostek stowarzyszonych,POMIN,1,1,WYSOKA,PEO H1 2026,korekta / zmiana stanu - standard bankowy nie ma kapitalu obrotowego
PEO,CF,(Zysk) strata z tytułu działalności inwestycyjnej,POMIN,1,1,WYSOKA,PEO H1 2026,korekta / zmiana stanu - standard bankowy nie ma kapitalu obrotowego
PEO,CF,Wynik z tytułu odsetek,POMIN,1,1,WYSOKA,PEO H1 2026,korekta / zmiana stanu - standard bankowy nie ma kapitalu obrotowego
PEO,CF,Przychody z tytułu dywidend,POMIN,1,1,WYSOKA,PEO H1 2026,korekta / zmiana stanu - standard bankowy nie ma kapitalu obrotowego
PEO,CF,Należności od banków,POMIN,1,1,WYSOKA,PEO H1 2026,korekta / zmiana stanu - standard bankowy nie ma kapitalu obrotowego
PEO,CF,Aktywów z tytułu pochodnych instrumentów finansowych,POMIN,1,1,WYSOKA,PEO H1 2026,korekta / zmiana stanu - standard bankowy nie ma kapitalu obrotowego
PEO,CF,Kredytów i pożyczek udzielonych klientom (w tym należności z tytułu leasingu finansowego),POMIN,1,1,WYSOKA,PEO H1 2026,korekta / zmiana stanu - standard bankowy nie ma kapitalu obrotowego
PEO,CF,Papierów wartościowych (w tym aktywa stanowiące zabezpieczenie zobowiązań),POMIN,1,1,WYSOKA,PEO H1 2026,korekta / zmiana stanu - standard bankowy nie ma kapitalu obrotowego
PEO,CF,Pozostałych aktywów,POMIN,1,1,WYSOKA,PEO H1 2026,korekta / zmiana stanu - standard bankowy nie ma kapitalu obrotowego
PEO,CF,Zobowiązań wobec banków,POMIN,1,1,WYSOKA,PEO H1 2026,korekta / zmiana stanu - standard bankowy nie ma kapitalu obrotowego
PEO,CF,Zobowiązań przeznaczonych do obrotu,POMIN,1,1,WYSOKA,PEO H1 2026,korekta / zmiana stanu - standard bankowy nie ma kapitalu obrotowego
PEO,CF,Zobowiązań z tytułu pochodnych instrumentów finansowych,POMIN,1,1,WYSOKA,PEO H1 2026,korekta / zmiana stanu - standard bankowy nie ma kapitalu obrotowego
PEO,CF,Zobowiązań wobec klientów,POMIN,1,1,WYSOKA,PEO H1 2026,korekta / zmiana stanu - standard bankowy nie ma kapitalu obrotowego
PEO,CF,Zobowiązań z tytułu emisji dłużnych papierów wartościowych,POMIN,1,1,WYSOKA,PEO H1 2026,korekta / zmiana stanu - standard bankowy nie ma kapitalu obrotowego
PEO,CF,Zobowiązań podporządkowanych,POMIN,1,1,WYSOKA,PEO H1 2026,korekta / zmiana stanu - standard bankowy nie ma kapitalu obrotowego
PEO,CF,Płatności związane z krótkoterminowymi umowami leasingu i leasingami aktywów o niskiej wartości,POMIN,1,1,WYSOKA,PEO H1 2026,korekta / zmiana stanu - standard bankowy nie ma kapitalu obrotowego
PEO,CF,Rezerw,POMIN,1,1,WYSOKA,PEO H1 2026,korekta / zmiana stanu - standard bankowy nie ma kapitalu obrotowego
PEO,CF,Pozostałych zobowiązań,POMIN,1,1,WYSOKA,PEO H1 2026,korekta / zmiana stanu - standard bankowy nie ma kapitalu obrotowego
PEO,CF,Odsetki otrzymane,POMIN,1,1,WYSOKA,PEO H1 2026,korekta / zmiana stanu - standard bankowy nie ma kapitalu obrotowego
PEO,CF,Odsetki zapłacone,POMIN,1,1,WYSOKA,PEO H1 2026,korekta / zmiana stanu - standard bankowy nie ma kapitalu obrotowego
PEO,CF,Podatek dochodowy zapłacony,POMIN,1,1,WYSOKA,PEO H1 2026,korekta / zmiana stanu - standard bankowy nie ma kapitalu obrotowego
PEO,CF_INW,Nabycie wartości niematerialnych,capex,-1,1,PEWNE,PEO H1 2026,
PEO,CF_INW,Nabycie rzeczowych aktywów trwałych,capex,-1,1,PEWNE,PEO H1 2026,
PEO,CF_INW,Przepływy środków pieniężnych z działalności inwestycyjnej,POMIN,1,1,PEWNE,PEO H1 2026,brak odpowiednika w standardzie bankowym
PEO,CF_INW,Wpływy z działalności inwestycyjnej,POMIN,1,1,PEWNE,PEO H1 2026,brak odpowiednika w standardzie bankowym
PEO,CF_INW,Zbycie oraz wykup papierów wartościowych wycenianych według zamortyzowanego kosztu,POMIN,1,1,PEWNE,PEO H1 2026,brak odpowiednika w standardzie bankowym
PEO,CF_INW,Zbycie oraz wykup papierów wartościowych wycenianych według wartości godziwej przez inne całkowite dochody,POMIN,1,1,PEWNE,PEO H1 2026,brak odpowiednika w standardzie bankowym
PEO,CF_INW,Zbycie rzeczowych aktywów trwałych,POMIN,1,1,PEWNE,PEO H1 2026,brak odpowiednika w standardzie bankowym
PEO,CF_INW,Dywidendy otrzymane,POMIN,1,1,PEWNE,PEO H1 2026,brak odpowiednika w standardzie bankowym
PEO,CF_INW,Wydatki z działalności inwestycyjnej,POMIN,1,1,PEWNE,PEO H1 2026,brak odpowiednika w standardzie bankowym
PEO,CF_INW,Nabycie papierów wartościowych wycenianych według zamortyzowanego kosztu,POMIN,1,1,PEWNE,PEO H1 2026,brak odpowiednika w standardzie bankowym
PEO,CF_INW,Nabycie papierów wartościowych wycenianych według wartości godziwej przez inne całkowite dochody,POMIN,1,1,PEWNE,PEO H1 2026,brak odpowiednika w standardzie bankowym
PEO,CF_FIN,Przepływy środków pieniężnych z działalności finansowej,POMIN,1,1,PEWNE,PEO H1 2026,brak odpowiednika w standardzie bankowym
PEO,CF_FIN,Wpływy z działalności finansowej,POMIN,1,1,PEWNE,PEO H1 2026,brak odpowiednika w standardzie bankowym
PEO,CF_FIN,Kredyty i pożyczki otrzymane od banków,POMIN,1,1,PEWNE,PEO H1 2026,brak odpowiednika w standardzie bankowym
PEO,CF_FIN,Emisja dłużnych papierów wartościowych,POMIN,1,1,PEWNE,PEO H1 2026,brak odpowiednika w standardzie bankowym
PEO,CF_FIN,Emisja obligacji podporządkowanych,POMIN,1,1,PEWNE,PEO H1 2026,brak odpowiednika w standardzie bankowym
PEO,CF_FIN,Wydatki z działalności finansowej,POMIN,1,1,PEWNE,PEO H1 2026,brak odpowiednika w standardzie bankowym
PEO,CF_FIN,Splaty kredytów i pożyczek otrzymanych od banków,POMIN,1,1,PEWNE,PEO H1 2026,brak odpowiednika w standardzie bankowym
PEO,CF_FIN,Wykup dłużnych papierów wartościowych,POMIN,1,1,PEWNE,PEO H1 2026,brak odpowiednika w standardzie bankowym
PEO,CF_FIN,Wykup zobowiązań podporządkowanych,POMIN,1,1,PEWNE,PEO H1 2026,brak odpowiednika w standardzie bankowym
PEO,CF_FIN,Płatności głównej części zobowiązań z tytułu leasingu,POMIN,1,1,PEWNE,PEO H1 2026,brak odpowiednika w standardzie bankowym
PEO,CF_FIN,Środki pieniężne i ekwiwalenty środków pieniężnych na początek okresu,POMIN,1,1,PEWNE,PEO H1 2026,brak odpowiednika w standardzie bankowym
PEO,CF_FIN,Środki koniec okresu,POMIN,1,1,PEWNE,PEO H1 2026,brak odpowiednika w standardzie bankowym
PEO,CF_FIN,w tym zmiana stanu środków pieniężnych z tytułu różnic kursowych,POMIN,1,1,PEWNE,PEO H1 2026,brak odpowiednika w standardzie bankowym
,RZIS,Przychody z tytułu odsetek i przychody o podobnym charakterze:,interest_income,1,1,PEWNE,MIL H1 2026,
,RZIS,Przychody z tytułu opłat i prowizji,fee_income,1,1,PEWNE,MIL H1 2026,
,RZIS,Koszty z tytułu opłat i prowizji,fee_expense,-1,1,PEWNE,MIL H1 2026,standard trzyma koszty prowizyjne DODATNIO
,RZIS,Wynik z tytułu opłat i prowizji,net_fee_income,1,1,PEWNE,MIL H1 2026,
,RZIS,Wynik z tytułu aktywów i zobowiązań finansowych przeznaczonych do obrotu,net_other_financial_income,1,1,PEWNE,MIL H1 2026,POTWIERDZONE wzorcem MIL: piec pozycji sumuje sie do 93377
,RZIS,Wynik z tytułu aktywów finansowych nieprzeznaczonych do obrotu wycenianych obowiązkowo według wartości godziwej przez wynik finansowy,net_other_financial_income,1,1,PEWNE,MIL H1 2026,POTWIERDZONE wzorcem MIL: piec pozycji sumuje sie do 93377
,RZIS,Wynik z tytułu rachunkowości zabezpieczeń,net_other_financial_income,1,1,PEWNE,MIL H1 2026,POTWIERDZONE wzorcem MIL: piec pozycji sumuje sie do 93377
,RZIS,Wynik z pozycji wymiany,net_other_financial_income,1,1,PEWNE,MIL H1 2026,POTWIERDZONE wzorcem MIL: piec pozycji sumuje sie do 93377
,RZIS,Koszty administracyjne,administration_costs,1,1,PEWNE,MIL H1 2026,standard trzyma UJEMNIE
MIL,RZIS,Amortyzacja,administration_costs,1,1,PEWNE,MIL H1 2026,POTWIERDZONE wzorcem MIL: amortyzacja wchodzi do kosztow administracyjnych (-1257559 + -128151)
,RZIS,Koszty z tytułu utraty wartości aktywów finansowych,impairment_losses,1,1,PEWNE,MIL H1 2026,POTWIERDZONE wzorcem MIL: cztery pozycje sumuja sie do -546469
,RZIS,Koszty z tytułu utraty wartości aktywów niefinansowych,impairment_losses,1,1,PEWNE,MIL H1 2026,POTWIERDZONE wzorcem MIL: cztery pozycje sumuja sie do -546469
,RZIS,"Koszty ryzyka prawnego związanego z walutowymi kredytami hipotecznymi, w tym:",impairment_losses,1,1,PEWNE,MIL H1 2026,POTWIERDZONE wzorcem MIL: cztery pozycje sumuja sie do -546469
,RZIS,Wynik z tytułu modyfikacji,impairment_losses,1,1,PEWNE,MIL H1 2026,POTWIERDZONE wzorcem MIL: cztery pozycje sumuja sie do -546469
,RZIS,Koszty rezerw na ryzyko prawne,POMIN,1,1,PEWNE,MIL H1 2026,pozycja 'w tym'
,RZIS,Udział w zyskach jednostek podporządkowanych,related_income,1,1,PEWNE,MIL H1 2026,
,RZIS,Podatek bankowy,bank_tax,1,1,PEWNE,MIL H1 2026,
,RZIS,Wynik finansowy przed opodatkowaniem podatkiem dochodowym,beforetax_profit,1,1,PEWNE,MIL H1 2026,
,RZIS,Wynik finansowy po opodatkowaniu,net_profit,1,1,PEWNE,MIL H1 2026,
MIL,RZIS_ZYSK,Wynik finansowy po opodatkowaniu,POMIN,1,1,PEWNE,MIL H1 2026,powtorzenie wiersza wyzej
MIL,RZIS_ZYSK,Udziały niekontrolujące,POMIN,1,1,PEWNE,MIL H1 2026,wiersz znacznika sekcji
MIL,RZIS_ZYSK,"Zysk na jedną akcję za 1 półrocze 2026 r. (oraz rozwodniony zysk na akcję), wyliczony na bazie skonsolidowanej wynosi",POMIN,1,1,PEWNE,MIL H1 2026,
MIL,RZIS_CD,Właścicieli jednostki dominującej,POMIN,1,1,PEWNE,MIL H1 2026,"to CALKOWITE DOCHODY, nie zysk netto"
MIL,RZIS_CD,Udziały niekontrolujące,POMIN,1,1,PEWNE,MIL H1 2026,
MIL,RZIS,Właścicieli jednostki dominującej,shareholder_net_profit,1,1,PEWNE,MIL H1 2026,
,RZIS,Przychody naliczane z wykorzystaniem metody efektywnej stopy procentowej:,POMIN,1,1,PEWNE,MIL H1 2026,rozwiniecie przychodow odsetkowych
,RZIS,"Przychody odsetkowe od Aktywów wycenianych według zamortyzowanego kosztu, w tym:",POMIN,1,1,PEWNE,MIL H1 2026,rozwiniecie przychodow odsetkowych
,RZIS,Przychody odsetkowe od Aktywów wycenianych według wartości godziwej przez inne całkowite dochody,POMIN,1,1,PEWNE,MIL H1 2026,rozwiniecie przychodow odsetkowych
,RZIS,Wynik o charakterze podobnym do odsetkowego od Aktywów wycenianych według wartości godziwej przez rachunek zysków i strat,POMIN,1,1,PEWNE,MIL H1 2026,rozwiniecie przychodow odsetkowych
MIL,RZIS_CD,"Inne składniki całkowitych dochodów, które zostaną (zostały) przeklasyfikowane na zyski lub straty",POMIN,1,1,PEWNE,MIL H1 2026,inne calkowite dochody
MIL,RZIS_CD,Efekt wyceny papierów dłużnych,POMIN,1,1,PEWNE,MIL H1 2026,inne calkowite dochody
MIL,RZIS_CD,Rachunkowość zabezpieczeń,POMIN,1,1,PEWNE,MIL H1 2026,inne calkowite dochody
MIL,RZIS_CD,"Inne składniki całkowitych dochodów, które nie będą przeklasyfikowane na zyski lub straty",POMIN,1,1,PEWNE,MIL H1 2026,inne calkowite dochody
MIL,RZIS_CD,Zyski (straty) aktuarialne,POMIN,1,1,PEWNE,MIL H1 2026,inne calkowite dochody
MIL,RZIS_CD,Efekt wyceny instrumentów kapitałowych,POMIN,1,1,PEWNE,MIL H1 2026,inne calkowite dochody
MIL,RZIS_CD,"Inne składniki całkowitych dochodów przed opodatkowaniem, razem",POMIN,1,1,PEWNE,MIL H1 2026,inne calkowite dochody
MIL,RZIS_CD,"Podatek dochodowy dotyczący innych składników całkowitych dochodów, które zostaną (zostały) przeklasyfikowane na zyski lub straty",POMIN,1,1,PEWNE,MIL H1 2026,inne calkowite dochody
MIL,RZIS_CD,"Podatek dochodowy dotyczący innych składników całkowitych dochodów, które nie będą przeklasyfikowane na zyski lub straty",POMIN,1,1,PEWNE,MIL H1 2026,inne calkowite dochody
MIL,RZIS_CD,Inne składniki całkowitych dochodów po opodatkowaniu,POMIN,1,1,PEWNE,MIL H1 2026,inne calkowite dochody
MIL,RZIS_CD,Całkowite dochody za okres sprawozdawczy,POMIN,1,1,PEWNE,MIL H1 2026,inne calkowite dochody
,BILANS,"Kasa, środki w Banku Centralnym",cash_and_balances_with_the_central_bank,1,1,PEWNE,MIL H1 2026,
,BILANS,Aktywa finansowe przeznaczone do obrotu,financial_assets_held_for_trading,1,1,PEWNE,MIL H1 2026,
,BILANS,"Aktywa finansowe nieprzeznaczone do obrotu obowiązkowo wyceniane według wartości godziwej przez rachunek zysków i strat, inne niż Kredyty i pożyczki udzielone klientom",other_assets,1,1,PEWNE,MIL H1 2026,"POTWIERDZONE wzorcem MIL: idzie w pozostale aktywa, nie w aktywa finansowe"
,BILANS,Aktywa finansowe wyceniane według wartości godziwej przez inne całkowite dochody,other_financial_assets,1,1,PEWNE,MIL H1 2026,
,BILANS,Kredyty i pożyczki udzielone klientom,loans_to_customers,1,1,PEWNE,MIL H1 2026,
,BILANS,"Aktywa finansowe wyceniane według zamortyzowanego kosztu, inne niż Kredyty i pożyczki udzielone klientom",other_financial_assets,1,1,PEWNE,MIL H1 2026,
,BILANS,Instrumenty pochodne – rachunkowość zabezpieczeń,held_to_maturity_financial_assets,1,1,PEWNE,MIL H1 2026,
,BILANS,"Inwestycje w jednostkach zależnych, we wspólnych przedsięwzięciach i w jednostkach stowarzyszonych",investments_in_subsidiaries,1,1,PEWNE,MIL H1 2026,
MIL,BILANS,Rzeczowe aktywa trwałe,property,1,1,PEWNE,MIL H1 2026,
MIL,BILANS,Wartości niematerialne,intangible_assets,1,1,PEWNE,MIL H1 2026,bank nie wykazuje wartosci firmy osobno
MIL,BILANS,Wartości niematerialne,other_intangible_assets,1,1,PEWNE,MIL H1 2026,"wzorzec MIL: goodwill=0, wiec cala kwota jako pozostale WNiP"
MIL,BILANS,Aktywa z tytułu podatku dochodowego,tax_assets,1,1,PEWNE,MIL H1 2026,
,BILANS,Pozostałe aktywa,other_assets,1,1,PEWNE,MIL H1 2026,
,BILANS,Aktywa trwałe i grupy do zbycia sklasyfikowane jako przeznaczone do sprzedaży,other_assets,1,1,PEWNE,MIL H1 2026,
MIL,BILANS,Instrumenty pochodne,POMIN,1,1,PEWNE,MIL H1 2026,rozwiniecie pozycji nadrzednej
MIL,BILANS,Instrumenty kapitałowe,POMIN,1,1,PEWNE,MIL H1 2026,rozwiniecie pozycji nadrzednej
MIL,BILANS,"Instrumenty dłużne, w tym:",POMIN,1,1,PEWNE,MIL H1 2026,rozwiniecie pozycji nadrzednej
MIL,BILANS,Instrumenty dłużne,POMIN,1,1,PEWNE,MIL H1 2026,rozwiniecie pozycji nadrzednej
MIL,BILANS,Instrumenty dłużne stanowiące zabezpieczenie transakcji z przyrzeczeniem odkupu,POMIN,1,1,PEWNE,MIL H1 2026,rozwiniecie pozycji nadrzednej
MIL,BILANS,Transakcje z przyrzeczeniem odkupu,POMIN,1,1,PEWNE,MIL H1 2026,rozwiniecie pozycji nadrzednej
MIL,BILANS,Obowiązkowo wyceniane według wartości godziwej przez rachunek zysków i strat,POMIN,1,1,PEWNE,MIL H1 2026,rozwiniecie pozycji nadrzednej
MIL,BILANS,Wyceniane według zamortyzowanego kosztu,POMIN,1,1,PEWNE,MIL H1 2026,rozwiniecie pozycji nadrzednej
MIL,BILANS,Lokaty oraz kredyty i pożyczki udzielone bankom i innym instytucjom monetarnym,POMIN,1,1,PEWNE,MIL H1 2026,rozwiniecie pozycji nadrzednej
MIL,BILANS,Bieżące należności podatkowe,POMIN,1,1,PEWNE,MIL H1 2026,rozwiniecie pozycji nadrzednej
MIL,BILANS,Aktywa z tytułu odroczonego podatku dochodowego,POMIN,1,1,PEWNE,MIL H1 2026,rozwiniecie pozycji nadrzednej
,BANK_P,Zobowiązania wobec banków i innych instytucji monetarnych,liabilities_due_to_banks,1,1,PEWNE,MIL H1 2026,
,BANK_P,Wyemitowane dłużne papiery wartościowe,debt_securities,1,1,PEWNE,MIL H1 2026,
,BANK_P,Zobowiązania podporządkowane,subordinated_liabilities,1,1,PEWNE,MIL H1 2026,
,BANK_P,Instrumenty pochodne – rachunkowość zabezpieczeń,held_to_maturity_financial_liabilities,1,1,PEWNE,MIL H1 2026,
,BANK_P,Zobowiązania podatkowe,tax_liabilities,1,1,PEWNE,MIL H1 2026,
,BANK_P,Inne zobowiązania,other_liabilities,1,1,PEWNE,MIL H1 2026,
MIL,BANK_P,Zobowiązania razem,total_liabilities,1,1,PEWNE,MIL H1 2026,
MIL,BANK_P,Instrumenty pochodne,POMIN,1,1,PEWNE,MIL H1 2026,rozwiniecie pozycji nadrzednej
MIL,BANK_P,Zobowiązania z tytułu krótkiej sprzedaży papierów wartościowych,POMIN,1,1,PEWNE,MIL H1 2026,rozwiniecie pozycji nadrzednej
MIL,BANK_P,Zobowiązania finansowe wyceniane według zamortyzowanego kosztu,POMIN,1,1,PEWNE,MIL H1 2026,rozwiniecie pozycji nadrzednej
MIL,BANK_P,Transakcje z przyrzeczeniem odkupu,POMIN,1,1,PEWNE,MIL H1 2026,rozwiniecie pozycji nadrzednej
MIL,BANK_P,Sprawy sporne,POMIN,1,1,PEWNE,MIL H1 2026,rozwiniecie pozycji nadrzednej
MIL,BANK_P,Udzielone zobowiązania i gwarancje,POMIN,1,1,PEWNE,MIL H1 2026,rozwiniecie pozycji nadrzednej
MIL,BANK_P,Odprawy emerytalne,POMIN,1,1,PEWNE,MIL H1 2026,rozwiniecie pozycji nadrzednej
MIL,BANK_P,Bieżące zobowiązania podatkowe,POMIN,1,1,PEWNE,MIL H1 2026,rozwiniecie pozycji nadrzednej
MIL,BANK_P,Rezerwy z tytułu odroczonego podatku dochodowego,POMIN,1,1,PEWNE,MIL H1 2026,rozwiniecie pozycji nadrzednej
,BANK_K,KAPITAŁ WŁASNY,POMIN,1,1,PEWNE,MIL H1 2026,naglowek bloku
,BANK_K,Kapitał zakładowy,share_capital,1,1,PEWNE,MIL H1 2026,
,BANK_K,Akcje własne,own_share,1,1,PEWNE,MIL H1 2026,juz ze znakiem ujemnym
,BANK_K,Kapitał ze sprzedaży akcji powyżej wartości nominalnej,share_premium,1,1,PEWNE,MIL H1 2026,
,BANK_K,Dodatkowe pozycje kapitału,share_premium,1,1,PEWNE,MIL H1 2026,POTWIERDZONE wzorcem MIL: 1147502 + 1500000 = 2647502
,BANK_K,Skumulowane inne całkowite dochody,revaluation_reserves,1,1,PEWNE,MIL H1 2026,
MIL,BANK_K,Zyski zatrzymane,retained_earnings,1,1,PEWNE,MIL H1 2026,
,BANK_K,Kapitał własny razem,own_capital,1,1,PEWNE,MIL H1 2026,
,BANK_K,Kapitał własny razem,total_capital,1,1,PEWNE,MIL H1 2026,"brak udzialow niekontrolujacych, wiec obie pozycje rowne"
,PASYWA,Zobowiązania i kapitał własny razem,total_equity_liabilities,1,1,PEWNE,MIL H1 2026,
MIL,CF,Zysk (strata) po opodatkowaniu,POMIN,1,1,PEWNE,MIL H1 2026,punkt wyjscia - juz w RZiS
MIL,CF,Korekty razem:,POMIN,1,1,PEWNE,MIL H1 2026,suma posrednia
MIL,CF,Amortyzacja,amortization,1,1,PEWNE,MIL H1 2026,
MIL,CF,Środki pieniężne netto z działalności operacyjnej,operating_cashflow,1,1,PEWNE,MIL H1 2026,
MIL,CF,Środki pieniężne netto z działalności inwestycyjnej,investing_cashflow,1,1,PEWNE,MIL H1 2026,
MIL,CF,Środki pieniężne netto z działalności finansowej,financing_cashflow,1,1,PEWNE,MIL H1 2026,
MIL,CF,Nabycie wartości niematerialnych oraz składników rzeczowego majątku trwałego,capex,-1,1,PEWNE,MIL H1 2026,
MIL,CF,Płatności dywidend i innych wypłat na rzecz właścicieli,dividend,-1,1,PEWNE,MIL H1 2026,
MIL,CF,D. ZMIANA STANU ŚRODKÓW PIENIĘŻNYCH NETTO (A+B+C),net_cashflow,1,1,PEWNE,MIL H1 2026,
MIL,CF,Wynik z tytułu odsetek (z rachunku zysków i strat),POMIN,1,1,WYSOKA,MIL H1 2026,brak odpowiednika w standardzie bankowym
MIL,CF,Odsetki otrzymane,POMIN,1,1,WYSOKA,MIL H1 2026,brak odpowiednika w standardzie bankowym
MIL,CF,Odsetki zapłacone,POMIN,1,1,WYSOKA,MIL H1 2026,brak odpowiednika w standardzie bankowym
MIL,CF,Zyski/straty z tytułu różnic kursowych,POMIN,1,1,WYSOKA,MIL H1 2026,brak odpowiednika w standardzie bankowym
MIL,CF,Przychody z tytułu dywidend,POMIN,1,1,WYSOKA,MIL H1 2026,brak odpowiednika w standardzie bankowym
MIL,CF,Zmiana stanu rezerw,POMIN,1,1,WYSOKA,MIL H1 2026,brak odpowiednika w standardzie bankowym
MIL,CF,Wynik na sprzedaży i likwidacji inwestycyjnych aktywów finansowych,POMIN,1,1,WYSOKA,MIL H1 2026,brak odpowiednika w standardzie bankowym
MIL,CF,Zmiana stanu aktywów finansowych wycenianych do wartości godziwej przez Rachunek zysków i strat,POMIN,1,1,WYSOKA,MIL H1 2026,brak odpowiednika w standardzie bankowym
MIL,CF,Zmiana stanu kredytów i pożyczek udzielonych innym bankom,POMIN,1,1,WYSOKA,MIL H1 2026,brak odpowiednika w standardzie bankowym
MIL,CF,Zmiana stanu kredytów i pożyczek udzielonych klientom,POMIN,1,1,WYSOKA,MIL H1 2026,brak odpowiednika w standardzie bankowym
MIL,CF,Zmiana stanu należności z tytułu zakupionych papierów wartościowych z przyrzeczeniem odkupu,POMIN,1,1,WYSOKA,MIL H1 2026,brak odpowiednika w standardzie bankowym
MIL,CF,Zmiana stanu zobowiązań wycenianych do wartości godziwej przez Rachunek zysków i strat,POMIN,1,1,WYSOKA,MIL H1 2026,brak odpowiednika w standardzie bankowym
MIL,CF,Zmiana stanu zobowiązań wobec banków,POMIN,1,1,WYSOKA,MIL H1 2026,brak odpowiednika w standardzie bankowym
MIL,CF,Zmiana stanu zobowiązań wobec klientów,POMIN,1,1,WYSOKA,MIL H1 2026,brak odpowiednika w standardzie bankowym
MIL,CF,Zmiana stanu zobowiązań z tytułu sprzedanych papierów wartościowych z udzielonym przyrzeczeniem odkupu,POMIN,1,1,WYSOKA,MIL H1 2026,brak odpowiednika w standardzie bankowym
MIL,CF,Zmiana stanu zobowiązań z tytułu emisji dłużnych papierów wartościowych,POMIN,1,1,WYSOKA,MIL H1 2026,brak odpowiednika w standardzie bankowym
MIL,CF,Podatek dochodowy (z rachunku zysków i strat),POMIN,1,1,WYSOKA,MIL H1 2026,brak odpowiednika w standardzie bankowym
MIL,CF,Podatek dochodowy zapłacony,POMIN,1,1,WYSOKA,MIL H1 2026,brak odpowiednika w standardzie bankowym
MIL,CF,Zmiana stanu pozostałych aktywów i pasywów,POMIN,1,1,WYSOKA,MIL H1 2026,brak odpowiednika w standardzie bankowym
MIL,CF,Wpływy z działalności inwestycyjnej,POMIN,1,1,WYSOKA,MIL H1 2026,brak odpowiednika w standardzie bankowym
MIL,CF,Zbycie wartości niematerialnych oraz składników rzeczowego majątku trwałego,POMIN,1,1,WYSOKA,MIL H1 2026,brak odpowiednika w standardzie bankowym
MIL,CF,Zbycie akcji i udziałów w podmiotach podporządkowanych,POMIN,1,1,WYSOKA,MIL H1 2026,brak odpowiednika w standardzie bankowym
MIL,CF,Zbycie/wykup inwestycyjnych aktywów finansowych,POMIN,1,1,WYSOKA,MIL H1 2026,brak odpowiednika w standardzie bankowym
MIL,CF,Pozostałe wpływy inwestycyjne - dywidendy,POMIN,1,1,WYSOKA,MIL H1 2026,brak odpowiednika w standardzie bankowym
MIL,CF,Wydatki z tytułu działalności inwestycyjnej,POMIN,1,1,WYSOKA,MIL H1 2026,brak odpowiednika w standardzie bankowym
MIL,CF,Nabycie akcji i udziałów w podmiotach podporządkowanych,POMIN,1,1,WYSOKA,MIL H1 2026,brak odpowiednika w standardzie bankowym
MIL,CF,Nabycie inwestycyjnych aktywów finansowych,POMIN,1,1,WYSOKA,MIL H1 2026,brak odpowiednika w standardzie bankowym
MIL,CF,Pozostałe wydatki inwestycyjne,POMIN,1,1,WYSOKA,MIL H1 2026,brak odpowiednika w standardzie bankowym
MIL,CF,Wpływy z działalności finansowej,POMIN,1,1,WYSOKA,MIL H1 2026,brak odpowiednika w standardzie bankowym
MIL,CF,Zaciągnięcie kredytów długoterminowych,POMIN,1,1,WYSOKA,MIL H1 2026,brak odpowiednika w standardzie bankowym
MIL,CF,Emisja dłużnych papierów wartościowych,POMIN,1,1,WYSOKA,MIL H1 2026,brak odpowiednika w standardzie bankowym
MIL,CF,Zwiększenie stanu zobowiązań podporządkowanych,POMIN,1,1,WYSOKA,MIL H1 2026,brak odpowiednika w standardzie bankowym
MIL,CF,Wpływy z emisji instrumentów AT1,POMIN,1,1,WYSOKA,MIL H1 2026,brak odpowiednika w standardzie bankowym
MIL,CF,Pozostałe wpływy finansowe,POMIN,1,1,WYSOKA,MIL H1 2026,brak odpowiednika w standardzie bankowym
MIL,CF,Wydatki z tytułu działalności finansowej,POMIN,1,1,WYSOKA,MIL H1 2026,brak odpowiednika w standardzie bankowym
MIL,CF,Spłata kredytów długoterminowych,POMIN,1,1,WYSOKA,MIL H1 2026,brak odpowiednika w standardzie bankowym
MIL,CF,Wykup dłużnych papierów wartościowych,POMIN,1,1,WYSOKA,MIL H1 2026,brak odpowiednika w standardzie bankowym
MIL,CF,Zmniejszenie stanu zobowiązań podporządkowanych,POMIN,1,1,WYSOKA,MIL H1 2026,brak odpowiednika w standardzie bankowym
MIL,CF,Wydatki z tytułu instrumentów AT1,POMIN,1,1,WYSOKA,MIL H1 2026,brak odpowiednika w standardzie bankowym
MIL,CF,Umorzenie akcji,POMIN,1,1,WYSOKA,MIL H1 2026,brak odpowiednika w standardzie bankowym
MIL,CF,Płatności zobowiązań z tytułu leasingu,POMIN,1,1,WYSOKA,MIL H1 2026,brak odpowiednika w standardzie bankowym
MIL,CF,Pozostałe wydatki finansowe – w tym zapłacone odsetki,POMIN,1,1,WYSOKA,MIL H1 2026,brak odpowiednika w standardzie bankowym
MIL,CF,- w tym z tytułu różnic kursowych,POMIN,1,1,WYSOKA,MIL H1 2026,brak odpowiednika w standardzie bankowym
MIL,CF,E. ŚRODKI PIENIĘŻNE NA POCZĄTEK OKRESU SPRAWOZDAWCZEGO,POMIN,1,1,WYSOKA,MIL H1 2026,brak odpowiednika w standardzie bankowym
MIL,CF,F. ŚRODKI PIENIĘŻNE NA KONIEC OKRESU SPRAWOZDAWCZEGO (D+E),POMIN,1,1,WYSOKA,MIL H1 2026,brak odpowiednika w standardzie bankowym
ALR,RZIS,Przychody z tytułu odsetek obliczone przy zastosowaniu metody efektywnej stopy procentowej,interest_income,1,1,PEWNE,ALR H1 2026,POTWIERDZONE wzorcem ALR: 2843986 + 286591 = 3130577
,RZIS,Przychody o podobnym charakterze,interest_income,1,1,PEWNE,ALR H1 2026,
,RZIS,Wynik na instrumentach wycenianych do wartości godziwej przez rachunek zysków i strat i wynik z pozycji wymiany,realised_gains,1,1,PEWNE,ALR H1 2026,
,RZIS,"Wynik z tytułu zaprzestania ujmowania instrumentów finansowych niewycenianych do wartości godziwej przez rachunek zysków i strat, w tym:",net_other_financial_income,1,1,PEWNE,ALR H1 2026,
,RZIS,wycenianych do wartości godziwej przez inne całkowite dochody,POMIN,1,1,PEWNE,ALR H1 2026,pozycja 'w tym'
,RZIS,wycenianych według zamortyzowanego kosztu,POMIN,1,1,PEWNE,ALR H1 2026,pozycja 'w tym'
,RZIS,Koszty działania Grupy,administration_costs,1,1,PEWNE,ALR H1 2026,standard trzyma UJEMNIE
,RZIS,Wynik z tytułu oczekiwanych strat kredytowych,impairment_losses,1,1,PEWNE,ALR H1 2026,POTWIERDZONE wzorcem ALR: trzy pozycje sumuja sie do -297431
,RZIS,Wynik z tytułu utraty wartości aktywów niefinansowych,impairment_losses,1,1,PEWNE,ALR H1 2026,POTWIERDZONE wzorcem ALR: trzy pozycje sumuja sie do -297431
,RZIS,Koszty ryzyka prawnego kredytów hipotecznych w walutach obcych,impairment_losses,1,1,PEWNE,ALR H1 2026,POTWIERDZONE wzorcem ALR: trzy pozycje sumuja sie do -297431
ALR,RZIS,Zysk brutto,beforetax_profit,1,1,PEWNE,ALR H1 2026,
ALR,RZIS,Zysk netto,net_profit,1,1,PEWNE,ALR H1 2026,
,RZIS,Zysk netto przypadający akcjonariuszom Banku,shareholder_net_profit,1,1,PEWNE,ALR H1 2026,
,RZIS,Zysk podstawowy/rozwodniony netto przypadający na jedną akcję zwykłą (w zł),POMIN,1,1,PEWNE,ALR H1 2026,
ALR,BILANS,Środki pieniężne i ich ekwiwalenty,cash_and_balances_with_the_central_bank,1,1,PEWNE,ALR H1 2026,
ALR,BILANS,Należności od banków,loans_to_banks,1,1,PEWNE,ALR H1 2026,
,BILANS,Papiery wartościowe i instrumenty pochodne,financial_assets_held_for_trading,1,1,PEWNE,ALR H1 2026,
,BILANS,Pochodne instrumenty zabezpieczające,held_to_maturity_financial_assets,1,1,PEWNE,ALR H1 2026,
,BILANS,Należności od klientów,loans_to_customers,1,1,PEWNE,ALR H1 2026,
ALR,BILANS,Aktywa stanowiące zabezpieczenie zobowiązań,other_assets,1,1,PEWNE,ALR H1 2026,
ALR,BILANS,Rzeczowe aktywa trwałe,property,1,1,PEWNE,ALR H1 2026,
ALR,BILANS,Wartości niematerialne,intangible_assets,1,1,DO_WERYFIKACJI,ALR H1 2026,"bilans nie rozbija na wartosc firmy (wzorzec ma 976) - rozbicie jest w nocie, ktorej nie ma w tym pliku"
ALR,BILANS,Aktywa przeznaczone do sprzedaży,other_assets,1,1,PEWNE,ALR H1 2026,
ALR,BILANS,Aktywa z tytułu podatku dochodowego,tax_assets,1,1,PEWNE,ALR H1 2026,
ALR,BILANS,Pozostałe aktywa,other_assets,1,1,PEWNE,ALR H1 2026,
ALR,BILANS,wyceniane w wartości godziwej przez inne całkowite dochody,POMIN,1,1,PEWNE,ALR H1 2026,rozwiniecie pozycji nadrzednej
ALR,BILANS,wyceniane w wartości godziwej przez rachunek zysków i strat,POMIN,1,1,PEWNE,ALR H1 2026,rozwiniecie pozycji nadrzednej
ALR,BILANS,wyceniane według zamortyzowanego kosztu,POMIN,1,1,PEWNE,ALR H1 2026,rozwiniecie pozycji nadrzednej
ALR,BILANS,aktywa z tytułu bieżącego podatku dochodowego,POMIN,1,1,PEWNE,ALR H1 2026,rozwiniecie pozycji nadrzednej
ALR,BILANS,aktywa z tytułu odroczonego podatku dochodowego,POMIN,1,1,PEWNE,ALR H1 2026,rozwiniecie pozycji nadrzednej
ALR,AKTYWA,AKTYWA RAZEM,total_assets,1,1,PEWNE,ALR H1 2026,
ALR,BANK_P,Zobowiązania wobec banków,liabilities_due_to_banks,1,1,PEWNE,ALR H1 2026,pierwszy wiersz bloku - sluzy tez za znacznik sekcji
ALR,BANK_P,Pochodne instrumenty zabezpieczające,held_to_maturity_financial_liabilities,1,1,PEWNE,ALR H1 2026,
,BANK_P,Zmiana wyceny do wartości godziwej pozycji zabezpieczanych w zabezpieczeniu portfela przed ryzykiem stopy procentowej,other_liabilities,1,1,PEWNE,ALR H1 2026,
ALR,BANK_P,Zobowiązania z tytułu podatku dochodowego,tax_liabilities,1,1,PEWNE,ALR H1 2026,
ALR,BANK_P,bieżące zobowiązanie z tytułu podatku dochodowego,POMIN,1,1,PEWNE,ALR H1 2026,rozwiniecie
ALR,BANK_P,rezerwa z tytułu odroczonego podatku dochodowego,POMIN,1,1,PEWNE,ALR H1 2026,rozwiniecie
ALR,BANK_P,Zobowiązania z tytułu emisji dłużnych papierów wartościowych,debt_securities,1,1,PEWNE,ALR H1 2026,
ALR,BANK_P,Kapitał akcyjny,share_capital,1,1,PEWNE,ALR H1 2026,
ALR,BANK_P,Kapitał zapasowy,share_premium,1,1,PEWNE,ALR H1 2026,POTWIERDZONE wzorcem ALR: 9901055 + 161792 = 10062847
ALR,BANK_P,Pozostałe kapitały rezerwowe,share_premium,1,1,PEWNE,ALR H1 2026,
ALR,BANK_P,Kapitał z aktualizacji wyceny,revaluation_reserves,1,1,PEWNE,ALR H1 2026,
ALR,BANK_P,Niepodzielony wynik z lat ubiegłych,retained_earnings,1,1,PEWNE,ALR H1 2026,
ALR,BANK_P,Zysk bieżącego okresu,year_profit,1,1,PEWNE,ALR H1 2026,POTWIERDZONE wzorcem ALR: pierwszy bank z wypelnionym year_profit
ALR,BANK_P,Kapitał własny,own_capital,1,1,PEWNE,ALR H1 2026,
ALR,BANK_P,Kapitał własny,total_capital,1,1,PEWNE,ALR H1 2026,brak udzialow niekontrolujacych
ALR,PASYWA,ZOBOWIĄZANIA I KAPITAŁY RAZEM,total_equity_liabilities,1,1,PEWNE,ALR H1 2026,
ALR,CF,Działalność operacyjna,POMIN,1,1,PEWNE,ALR H1 2026,naglowek bloku
ALR,CF,Zysk brutto za okres,POMIN,1,1,PEWNE,ALR H1 2026,punkt wyjscia - juz w RZiS
,CF,Amortyzacja środków trwałych oraz wartości niematerialnych,amortization,1,1,PEWNE,ALR H1 2026,
ALR,CF,Przepływy pieniężne netto z działalności operacyjnej,operating_cashflow,1,1,PEWNE,ALR H1 2026,
ALR,CF,Niezrealizowane zyski/straty z tytułu różnic kursowych,POMIN,1,1,WYSOKA,ALR H1 2026,korekta / zmiana stanu - standard bankowy nie ma kapitalu obrotowego
ALR,CF,Zmiana odpisu aktualizującego z tytułu utraty wartości środków trwałych i wartości niematerialnych,POMIN,1,1,WYSOKA,ALR H1 2026,korekta / zmiana stanu - standard bankowy nie ma kapitalu obrotowego
ALR,CF,Wynik z tytułu odsetek,POMIN,1,1,WYSOKA,ALR H1 2026,korekta / zmiana stanu - standard bankowy nie ma kapitalu obrotowego
ALR,CF,Dywidendy do otrzymania,POMIN,1,1,WYSOKA,ALR H1 2026,korekta / zmiana stanu - standard bankowy nie ma kapitalu obrotowego
ALR,CF,Zmiana stanu kredytów i innych należności,POMIN,1,1,WYSOKA,ALR H1 2026,korekta / zmiana stanu - standard bankowy nie ma kapitalu obrotowego
ALR,CF,Zmiana stanu aktywów wycenianych w wartości godziwej przez inne całkowite dochody,POMIN,1,1,WYSOKA,ALR H1 2026,korekta / zmiana stanu - standard bankowy nie ma kapitalu obrotowego
ALR,CF,Zmiana stanu aktywów wycenianych w wartości godziwej przez rachunek zysków i strat,POMIN,1,1,WYSOKA,ALR H1 2026,korekta / zmiana stanu - standard bankowy nie ma kapitalu obrotowego
ALR,CF,Zmiana stanu aktywów stanowiących zabezpieczenie zobowiązań,POMIN,1,1,WYSOKA,ALR H1 2026,korekta / zmiana stanu - standard bankowy nie ma kapitalu obrotowego
ALR,CF,Zmiana stanu aktywów przeznaczonych do sprzedaży,POMIN,1,1,WYSOKA,ALR H1 2026,korekta / zmiana stanu - standard bankowy nie ma kapitalu obrotowego
ALR,CF,Zmiana stanu pozostałych aktywów,POMIN,1,1,WYSOKA,ALR H1 2026,korekta / zmiana stanu - standard bankowy nie ma kapitalu obrotowego
ALR,CF,Zmiana stanu depozytów,POMIN,1,1,WYSOKA,ALR H1 2026,korekta / zmiana stanu - standard bankowy nie ma kapitalu obrotowego
ALR,CF,Zmiana stanu zobowiązań z tytułu własnej emisji,POMIN,1,1,WYSOKA,ALR H1 2026,korekta / zmiana stanu - standard bankowy nie ma kapitalu obrotowego
ALR,CF,Zmiana stanu zobowiązań wycenianych w wartości godziwej przez rachunek zysków i strat,POMIN,1,1,WYSOKA,ALR H1 2026,korekta / zmiana stanu - standard bankowy nie ma kapitalu obrotowego
ALR,CF,Zmiana stanu instrumentów pochodnych zabezpieczających,POMIN,1,1,WYSOKA,ALR H1 2026,korekta / zmiana stanu - standard bankowy nie ma kapitalu obrotowego
ALR,CF,Zmiana stanu innych zobowiązań,POMIN,1,1,WYSOKA,ALR H1 2026,korekta / zmiana stanu - standard bankowy nie ma kapitalu obrotowego
ALR,CF,Zmiana stanu rezerw,POMIN,1,1,WYSOKA,ALR H1 2026,korekta / zmiana stanu - standard bankowy nie ma kapitalu obrotowego
ALR,CF,Krótkoterminowe umowy leasingu,POMIN,1,1,WYSOKA,ALR H1 2026,korekta / zmiana stanu - standard bankowy nie ma kapitalu obrotowego
ALR,CF,Odsetki otrzymane,POMIN,1,1,WYSOKA,ALR H1 2026,korekta / zmiana stanu - standard bankowy nie ma kapitalu obrotowego
ALR,CF,Odsetki zapłacone,POMIN,1,1,WYSOKA,ALR H1 2026,korekta / zmiana stanu - standard bankowy nie ma kapitalu obrotowego
ALR,CF,Podatek zapłacony,POMIN,1,1,WYSOKA,ALR H1 2026,korekta / zmiana stanu - standard bankowy nie ma kapitalu obrotowego
ALR,CF_INW,Nabycie rzeczowych aktywów trwałych,capex,-1,1,PEWNE,ALR H1 2026,POTWIERDZONE wzorcem ALR: 47968 + 60606 = 108574
ALR,CF_INW,Nabycie wartości niematerialnych,capex,-1,1,PEWNE,ALR H1 2026,
ALR,CF_INW,Przepływy pieniężne netto z działalności inwestycyjnej,investing_cashflow,1,1,PEWNE,ALR H1 2026,
ALR,CF_INW,Działalność inwestycyjna,POMIN,1,1,PEWNE,ALR H1 2026,brak odpowiednika w standardzie bankowym
ALR,CF_INW,Wydatki z tytułu działalności inwestycyjnej:,POMIN,1,1,PEWNE,ALR H1 2026,brak odpowiednika w standardzie bankowym
ALR,CF_INW,Nabycie aktywów wycenianych według zamortyzowanego kosztu,POMIN,1,1,PEWNE,ALR H1 2026,brak odpowiednika w standardzie bankowym
ALR,CF_INW,Wpływy z działalności inwestycyjnej:,POMIN,1,1,PEWNE,ALR H1 2026,brak odpowiednika w standardzie bankowym
ALR,CF_INW,Zbycie rzeczowych aktywów trwałych i wartości niematerialnych,POMIN,1,1,PEWNE,ALR H1 2026,brak odpowiednika w standardzie bankowym
ALR,CF_INW,Wykup aktywów wycenianych według zamortyzowanego kosztu,POMIN,1,1,PEWNE,ALR H1 2026,brak odpowiednika w standardzie bankowym
ALR,CF_FIN,Wypłata dywidendy,dividend,-1,1,PEWNE,ALR H1 2026,
ALR,CF_FIN,Przepływy pieniężne netto z działalności finansowej,financing_cashflow,1,1,PEWNE,ALR H1 2026,
ALR,CF_FIN,Przepływy pieniężne netto razem,net_cashflow,1,1,PEWNE,ALR H1 2026,
ALR,CF_FIN,Działalność finansowa,POMIN,1,1,PEWNE,ALR H1 2026,brak odpowiednika w standardzie bankowym
ALR,CF_FIN,Wydatki z tytułu działalności finansowej:,POMIN,1,1,PEWNE,ALR H1 2026,brak odpowiednika w standardzie bankowym
ALR,CF_FIN,Spłata zobowiązań długoterminowych - kapitał,POMIN,1,1,PEWNE,ALR H1 2026,brak odpowiednika w standardzie bankowym
ALR,CF_FIN,Spłata zobowiązań długoterminowych - odsetki,POMIN,1,1,PEWNE,ALR H1 2026,brak odpowiednika w standardzie bankowym
ALR,CF_FIN,Płatności zobowiązań z tytułu leasingu część kapitałowa,POMIN,1,1,PEWNE,ALR H1 2026,brak odpowiednika w standardzie bankowym
ALR,CF_FIN,Płatności zobowiązań z tytułu leasingu część odsetkowa,POMIN,1,1,PEWNE,ALR H1 2026,brak odpowiednika w standardzie bankowym
ALR,CF_FIN,Wpływy z działalności finansowej,POMIN,1,1,PEWNE,ALR H1 2026,brak odpowiednika w standardzie bankowym
ALR,CF_FIN,Emisja dłużnych papierów wartościowych – zobowiązania długoterminowe,POMIN,1,1,PEWNE,ALR H1 2026,brak odpowiednika w standardzie bankowym
ALR,CF_FIN,w tym: zmiana stanu środków pieniężnych z tytułu różnic kursowych,POMIN,1,1,PEWNE,ALR H1 2026,brak odpowiednika w standardzie bankowym
ALR,CF_FIN,Bilansowa zmiana stanu środków pieniężnych i ich ekwiwalentów,POMIN,1,1,PEWNE,ALR H1 2026,brak odpowiednika w standardzie bankowym
ALR,CF_FIN,"Środki pieniężne i ich ekwiwalenty, bilans otwarcia",POMIN,1,1,PEWNE,ALR H1 2026,brak odpowiednika w standardzie bankowym
ALR,CF_FIN,"Środki pieniężne i ich ekwiwalenty, bilans zamknięcia",POMIN,1,1,PEWNE,ALR H1 2026,brak odpowiednika w standardzie bankowym
CDR,RZIS,Koszty sprzedaży,distribution_expenses,1,1,PEWNE,CDR Q1 2026,CD Projekt podaje koszty DODATNIE
CDR,RZIS,"Koszty ogólnego zarządu, w tym:",administrative_expenses,1,1,PEWNE,CDR Q1 2026,CD Projekt podaje koszty DODATNIE
CDR,RZIS,Pozostałe koszty operacyjne,other_operating_costs,1,1,PEWNE,CDR Q1 2026,CD Projekt podaje koszty DODATNIE
CDR,RZIS,Koszty finansowe,finance_costs,1,1,PEWNE,CDR Q1 2026,CD Projekt podaje koszty DODATNIE
CDR,RZIS,"Koszty sprzedanych produktów, towarów i materiałów",cost_of_sales,1,1,PEWNE,CDR Q1 2026,koszty dodatnie
CDR,RZIS,Zysk netto,net_profit,1,1,PEWNE,CDR Q1 2026,
CDR,RZIS,Zysk netto,shareholder_net_profit,1,1,PEWNE,CDR Q1 2026,brak osobnej pozycji dla akcjonariuszy jednostki dominujacej
CDR,RZIS,Zysk netto z działalności zaniechanej,discontinued_profit,1,1,PEWNE,CDR Q1 2026,
CDR,RZIS,Przychody ze sprzedaży produktów,POMIN,1,1,PEWNE,CDR Q1 2026,rozwiniecie pozycji nadrzednej
CDR,RZIS,Przychody ze sprzedaży towarów i materiałów,POMIN,1,1,PEWNE,CDR Q1 2026,rozwiniecie pozycji nadrzednej
CDR,RZIS,Koszty wytworzenia sprzedanych produktów,POMIN,1,1,PEWNE,CDR Q1 2026,rozwiniecie pozycji nadrzednej
CDR,RZIS,Wartość sprzedanych towarów i materiałów,POMIN,1,1,PEWNE,CDR Q1 2026,rozwiniecie pozycji nadrzednej
CDR,RZIS,koszty prac badawczych,POMIN,1,1,PEWNE,CDR Q1 2026,rozwiniecie pozycji nadrzednej
,RZIS,(Utrata wartości)/odwrócenie utraty wartości instrumentów finansowych,POMIN,1,1,DO_WERYFIKACJI,CDR Q1 2026,wzorzec CDR nie ujmuje tej pozycji w skladnikach EBIT - stad roznica 3 w sumie kontrolnej
CDR,RZIS,Podstawowy za okres obrotowy,POMIN,1,1,PEWNE,CDR Q1 2026,wskazniki na akcje
CDR,RZIS,Rozwodniony za okres obrotowy,POMIN,1,1,PEWNE,CDR Q1 2026,wskazniki na akcje
CDR,RZIS,Zysk netto na jedną akcję (w zł),POMIN,1,1,PEWNE,CDR Q1 2026,wskazniki na akcje
CDR,RZIS,Zysk netto z działalności kontynuowanej na jedną akcję (w zł),POMIN,1,1,PEWNE,CDR Q1 2026,wskazniki na akcje
CDR,RZIS,Zysk netto z działalności zaniechanej na jedną akcję (w zł),POMIN,1,1,PEWNE,CDR Q1 2026,wskazniki na akcje
CDR,AKT_TRW,Aktywa niematerialne,other_intangible_assets,1,1,PEWNE,CDR Q1 2026,
CDR,AKT_TRW,Aktywa niematerialne,intangible_assets,1,1,PEWNE,CDR Q1 2026,POTWIERDZONE wzorcem CDR: WNiP = 88899 + 65782 + 1317610 = 1472291
CDR,AKT_TRW,Wartość firmy,goodwill,1,1,PEWNE,CDR Q1 2026,
CDR,AKT_TRW,Wartość firmy,intangible_assets,1,1,PEWNE,CDR Q1 2026,wchodzi tez do sumy WNiP
CDR,AKT_TRW,Nakłady na prace rozwojowe,intangible_assets,1,1,PEWNE,CDR Q1 2026,
,AKT_TRW,Akcje i udziały w jednostkach podporządkowanych nieobjętych konsolidacją,noncurrent_investments,1,1,PEWNE,CDR Q1 2026,
CDR,AKT_TRW,Rozliczenia międzyokresowe,other_noncurrent_assets,1,1,PEWNE,CDR Q1 2026,
CDR,AKT_TRW,Pozostałe aktywa finansowe,noncurrent_investments,1,1,PEWNE,CDR Q1 2026,
CDR,AKT_TRW,Pozostałe należności,noncurrent_receivables,1,1,PEWNE,CDR Q1 2026,
CDR,AKT_OBR,Pozostałe należności,current_receivables,1,1,PEWNE,CDR Q1 2026,
CDR,AKT_OBR,Rozliczenia międzyokresowe,other_current_assets,1,1,PEWNE,CDR Q1 2026,
,AKT_OBR,Lokaty bankowe powyżej 3 miesięcy,current_investments,1,1,PEWNE,CDR Q1 2026,
CDR,AKT_OBR,Środki pieniężne i ekwiwalenty środków pieniężnych,cash,1,1,PEWNE,CDR Q1 2026,
CDR,AKT_OBR,Środki pieniężne i ekwiwalenty środków pieniężnych,current_investments,1,1,PEWNE,CDR Q1 2026,inwestycje krotkoterminowe zawieraja srodki pieniezne
CDR,AKTYWA,AKTYWA RAZEM,total_assets,1,1,PEWNE,CDR Q1 2026,
CDR,KAPITAL,Kapitał zakładowy,share_capital,1,1,PEWNE,CDR Q1 2026,
CDR,KAPITAL,Kapitał zapasowy ze sprzedaży akcji powyżej wartości nominalnej,kapitaly_pozostale_nierozdzielone,1,1,PEWNE,CDR Q1 2026,POTWIERDZONE wzorcem CDR: reserve = tylko kapital zapasowy 2400607
,KAPITAL,Niepodzielony wynik finansowy,retained_earnings,1,1,PEWNE,CDR Q1 2026,
,KAPITAL,Wynik finansowy bieżącego okresu,year_profit,1,1,PEWNE,CDR Q1 2026,
CDR,ZOB_DL,Pozostałe zobowiązania finansowe,noncurrent_leasing,1,1,PEWNE,CDR Q1 2026,CD Projekt ujmuje tu zobowiazania leasingowe
CDR,ZOB_DL,Pozostałe zobowiązania,noncurrent_other_liabilities,1,1,PEWNE,CDR Q1 2026,
CDR,ZOB_DL,Rezerwy z tytułu odroczonego podatku dochodowego,noncurrent_other_liabilities,1,1,PEWNE,CDR Q1 2026,
,ZOB_DL,Rozliczenia międzyokresowe przychodów,noncurrent_other_liabilities,1,1,PEWNE,CDR Q1 2026,
CDR,ZOB_DL,Pozostałe rezerwy,noncurrent_other_liabilities,1,1,PEWNE,CDR Q1 2026,
CDR,ZOB_KR,Pozostałe zobowiązania finansowe,current_leasing,1,1,PEWNE,CDR Q1 2026,
CDR,ZOB_KR,Pozostałe zobowiązania,current_other_liabilities,1,1,PEWNE,CDR Q1 2026,
,ZOB_KR,Rozliczenia międzyokresowe przychodów,current_other_liabilities,1,1,PEWNE,CDR Q1 2026,
,ZOB_KR,Rezerwa na świadczenia emerytalne i podobne,current_other_liabilities,1,1,PEWNE,CDR Q1 2026,
CDR,ZOB_KR,Pozostałe rezerwy,current_other_liabilities,1,1,PEWNE,CDR Q1 2026,
,CF,DZIAŁALNOŚĆ OPERACYJNA,POMIN,1,1,PEWNE,CDR Q1 2026,naglowek bloku
CDR,CF,Zysk netto,POMIN,1,1,PEWNE,CDR Q1 2026,punkt wyjscia - juz w RZiS
CDR,CF,Korekty razem:,POMIN,1,1,PEWNE,CDR Q1 2026,suma posrednia
,CF,Zmiana stanu zobowiązań z wyjątkiem pożyczek i kredytów,change_in_payables,1,1,PEWNE,CDR Q1 2026,inna kolejnosc slow niz u Forte
,CF,"Amortyzacja rzeczowych aktywów trwałych, aktywów niematerialnych oraz nakładów na prace rozwojowe",amortization,1,1,PEWNE,CDR Q1 2026,POTWIERDZONE wzorcem CDR: 2845 + 10325 = 13170
,CF,Amortyzacja prac rozwojowych ujęta jako koszt własny sprzedaży,amortization,1,1,PEWNE,CDR Q1 2026,
CDR,CF,Gotówka z działalności operacyjnej,POMIN,1,1,PEWNE,CDR Q1 2026,suma posrednia przed podatkiem
CDR,CF,(Zysk)/strata z tytułu różnic kursowych,change_in_other_assets,1,1,WYSOKA,CDR Q1 2026,korekta zbiorcza
CDR,CF,Odsetki i udziały w zyskach,change_in_other_assets,1,1,WYSOKA,CDR Q1 2026,korekta zbiorcza
CDR,CF,Zmiana stanu pozostałych aktywów i pasywów,change_in_other_assets,1,1,WYSOKA,CDR Q1 2026,korekta zbiorcza
CDR,CF,Koszty programów motywacyjnych rozliczanych w akcjach,change_in_other_assets,1,1,WYSOKA,CDR Q1 2026,korekta zbiorcza
CDR,CF,Podatek dochodowy od zysku przed opodatkowaniem,change_in_other_assets,1,1,WYSOKA,CDR Q1 2026,korekta zbiorcza
CDR,CF,Podatek u źródła zapłacony za granicą,change_in_other_assets,1,1,WYSOKA,CDR Q1 2026,korekta zbiorcza
CDR,CF,Podatek dochodowy (zapłacony)/zwrócony,change_in_other_assets,1,1,WYSOKA,CDR Q1 2026,korekta zbiorcza
,CF_INW,DZIAŁALNOŚĆ INWESTYCYJNA,POMIN,1,1,PEWNE,CDR Q1 2026,naglowek bloku
CDR,CF_INW,Nabycie aktywów niematerialnych oraz rzeczowych aktywów trwałych,capex,1,1,PEWNE,CDR Q1 2026,POTWIERDZONE wzorcem CDR: 30924 + 149743 + 11629 = 192296 (wartosci dodatnie)
CDR,CF_INW,Nakłady na prace rozwojowe,capex,1,1,PEWNE,CDR Q1 2026,
CDR,CF_INW,Nabycie nieruchomości inwestycyjnych oraz aktywowanie nakładów,capex,1,1,PEWNE,CDR Q1 2026,
CDR,CF_INW,Odsetki od obligacji,proceed_bank_loans,1,1,PEWNE,CDR Q1 2026,POTWIERDZONE wzorcem CDR: 6974 + 4215 = 11189
CDR,CF_INW,Odsetki od lokat,proceed_bank_loans,1,1,PEWNE,CDR Q1 2026,
CDR,CF_INW,Wpływy,POMIN,1,1,PEWNE,CDR Q1 2026,brak odpowiednika
CDR,CF_INW,Wydatki,POMIN,1,1,PEWNE,CDR Q1 2026,brak odpowiednika
CDR,CF_INW,Zbycie aktywów niematerialnych oraz rzeczowych aktywów trwałych,POMIN,1,1,PEWNE,CDR Q1 2026,brak odpowiednika
CDR,CF_INW,Spłata udzielonych pożyczek,POMIN,1,1,PEWNE,CDR Q1 2026,brak odpowiednika
CDR,CF_INW,Sprzedaż udziałów w spółce zależnej,POMIN,1,1,PEWNE,CDR Q1 2026,brak odpowiednika
CDR,CF_INW,Wygaśnięcie lokat bankowych powyżej 3 miesięcy,POMIN,1,1,PEWNE,CDR Q1 2026,brak odpowiednika
CDR,CF_INW,Wykup lub sprzedaż obligacji,POMIN,1,1,PEWNE,CDR Q1 2026,brak odpowiednika
CDR,CF_INW,Wpływy z realizacji kontraktów terminowych,POMIN,1,1,PEWNE,CDR Q1 2026,brak odpowiednika
CDR,CF_INW,Inne wpływy inwestycyjne,POMIN,1,1,PEWNE,CDR Q1 2026,brak odpowiednika
CDR,CF_INW,Założenie lokat bankowych powyżej 3 miesięcy,POMIN,1,1,PEWNE,CDR Q1 2026,brak odpowiednika
CDR,CF_INW,Zakup udziałów w private equity w segmencie gamingowym,POMIN,1,1,PEWNE,CDR Q1 2026,brak odpowiednika
CDR,CF_INW,Zakup obligacji oraz koszty ich nabycia,POMIN,1,1,PEWNE,CDR Q1 2026,brak odpowiednika
CDR,CF_INW,Wydatki okołotransakcyjne związane ze sprzedażą udziałów,POMIN,1,1,PEWNE,CDR Q1 2026,brak odpowiednika
,CF_FIN,DZIAŁALNOŚĆ FINANSOWA,POMIN,1,1,PEWNE,CDR Q1 2026,naglowek bloku
CDR,CF_FIN,Odsetki,repaid_bank_loans,1,1,PEWNE,CDR Q1 2026,"POTWIERDZONE wzorcem CDR: 209 (pozycja wystepuje dwa razy, druga to 0)"
CDR,CF_FIN,Płatności zobowiązań z tytułu umów leasingu,lease_liab_payments,1,1,PEWNE,CDR Q1 2026,wartosci dodatnie
CDR,CF_FIN,Wpływy,POMIN,1,1,PEWNE,CDR Q1 2026,brak odpowiednika
CDR,CF_FIN,Wydatki,POMIN,1,1,PEWNE,CDR Q1 2026,brak odpowiednika
CDR,CF_FIN,Płatności należności z tytułu umów leasingu,POMIN,1,1,PEWNE,CDR Q1 2026,brak odpowiednika
CDR,CF_FIN,Bilansowa zmiana stanu środków pieniężnych,POMIN,1,1,PEWNE,CDR Q1 2026,brak odpowiednika
CDR,CF_FIN,o ograniczonej możliwości dysponowania,POMIN,1,1,PEWNE,CDR Q1 2026,brak odpowiednika
PLW,RZIS,Przychody netto ze sprzedaży produktów,revenues,1,1,PEWNE,PLW Q1 2026,
,RZIS,Pozostałe przychody,other_operating_income,1,1,PEWNE,PLW Q1 2026,
PLW,RZIS,Amortyzacja,cost_of_sales,1,1,PEWNE,PLW Q1 2026,POTWIERDZONE wzorcem PLW: uklad rodzajowy sumuje sie do 30536
PLW,RZIS,Zużycie materiałów i energii,cost_of_sales,1,1,PEWNE,PLW Q1 2026,POTWIERDZONE wzorcem PLW: uklad rodzajowy sumuje sie do 30536
PLW,RZIS,Usługi obce,cost_of_sales,1,1,PEWNE,PLW Q1 2026,POTWIERDZONE wzorcem PLW: uklad rodzajowy sumuje sie do 30536
PLW,RZIS,Wynagrodzenia i świadczenia pracownicze,cost_of_sales,1,1,PEWNE,PLW Q1 2026,POTWIERDZONE wzorcem PLW: uklad rodzajowy sumuje sie do 30536
PLW,RZIS,Pozostałe koszty według rodzaju,cost_of_sales,1,1,PEWNE,PLW Q1 2026,POTWIERDZONE wzorcem PLW: uklad rodzajowy sumuje sie do 30536
PLW,RZIS,Pozostałe koszty operacyjne,other_operating_costs,1,1,PEWNE,PLW Q1 2026,koszty dodatnie
PLW,RZIS,Zysk (strata) z działalności operacyjnej,ebit,1,1,PEWNE,PLW Q1 2026,
PLW,RZIS,Koszty finansowe,finance_costs,1,1,PEWNE,PLW Q1 2026,koszty dodatnie
,RZIS,Zysk (strata) z udziału w jednostkach stowarzyszonych,other_income,1,1,PEWNE,PLW Q1 2026,
PLW,RZIS,Zysk (strata) przed opodatkowaniem,before_tax_profit,1,1,PEWNE,PLW Q1 2026,
PLW,RZIS,Zysk (strata) przed opodatkowaniem,net_gross_profit,1,1,PEWNE,PLW Q1 2026,standard duplikuje te pozycje
,RZIS,"Zysk (strata) netto, w tym:",net_profit,1,1,PEWNE,PLW Q1 2026,
PLW,RZIS,- przypadające na Jednostkę dominującą,shareholder_net_profit,1,1,PEWNE,PLW Q1 2026,wystepuje tez pod calkowitymi dochodami - rozdziela znacznik sekcji
PLW,RZIS,Zysk (strata) netto z działalności zaniechanej,discontinued_profit,1,1,PEWNE,PLW Q1 2026,
PLW,RZIS,Działalność kontynuowana,POMIN,1,1,PEWNE,PLW Q1 2026,naglowek / rozwiniecie / wskaznik
PLW,RZIS,Przychody,POMIN,1,1,PEWNE,PLW Q1 2026,naglowek / rozwiniecie / wskaznik
PLW,RZIS,Koszty działalności operacyjnej,POMIN,1,1,PEWNE,PLW Q1 2026,naglowek / rozwiniecie / wskaznik
PLW,RZIS,Działalność zaniechana,POMIN,1,1,PEWNE,PLW Q1 2026,naglowek / rozwiniecie / wskaznik
PLW,RZIS,Zysk (strata) netto z działalności kontynuowanej,POMIN,1,1,PEWNE,PLW Q1 2026,naglowek / rozwiniecie / wskaznik
PLW,RZIS,- przypadające na udziały niedające kontroli,POMIN,1,1,PEWNE,PLW Q1 2026,naglowek / rozwiniecie / wskaznik
PLW,RZIS,Podatek dochodowy,POMIN,1,1,PEWNE,PLW Q1 2026,naglowek / rozwiniecie / wskaznik
PLW,RZIS,EBITDA,POMIN,1,1,PEWNE,PLW Q1 2026,naglowek / rozwiniecie / wskaznik
PLW,RZIS,Średnioważona liczba akcji w okresie,POMIN,1,1,PEWNE,PLW Q1 2026,naglowek / rozwiniecie / wskaznik
PLW,RZIS,Zysk (strata) netto na jedną akcję przypadający akcjonariuszom Jednostki dominującej (zł),POMIN,1,1,PEWNE,PLW Q1 2026,naglowek / rozwiniecie / wskaznik
PLW,RZIS_CD,"Inne całkowite dochody, w tym:",POMIN,1,1,PEWNE,PLW Q1 2026,inne calkowite dochody / wskazniki
PLW,RZIS_CD,- wycena aktywów finansowych wycenianych w wartości godziwej,POMIN,1,1,PEWNE,PLW Q1 2026,inne calkowite dochody / wskazniki
PLW,RZIS_CD,- podatek odroczony od wyceny aktywów do wartości godziwej,POMIN,1,1,PEWNE,PLW Q1 2026,inne calkowite dochody / wskazniki
PLW,RZIS_CD,- wynik na zmianie udziału w aktywach netto jednostek stowarzyszonych,POMIN,1,1,PEWNE,PLW Q1 2026,inne calkowite dochody / wskazniki
PLW,RZIS_CD,- podatek odroczony od wyniku na zmianie udziału w aktywach netto jednostek stowarzyszonych,POMIN,1,1,PEWNE,PLW Q1 2026,inne calkowite dochody / wskazniki
PLW,RZIS_CD,"Całkowite dochody ogółem, w tym:",POMIN,1,1,PEWNE,PLW Q1 2026,inne calkowite dochody / wskazniki
PLW,RZIS_CD,- przypadające na Jednostkę dominującą,POMIN,1,1,PEWNE,PLW Q1 2026,inne calkowite dochody / wskazniki
PLW,RZIS_CD,- przypadające na udziały niedające kontroli,POMIN,1,1,PEWNE,PLW Q1 2026,inne calkowite dochody / wskazniki
PLW,RZIS_CD,"Podstawowy, w tym:",POMIN,1,1,PEWNE,PLW Q1 2026,inne calkowite dochody / wskazniki
PLW,RZIS_CD,"Rozwodniony, w tym:",POMIN,1,1,PEWNE,PLW Q1 2026,inne calkowite dochody / wskazniki
PLW,RZIS_CD,- z działalności kontynuowanej,POMIN,1,1,PEWNE,PLW Q1 2026,inne calkowite dochody / wskazniki
PLW,RZIS_CD,- z działalności zaniechanej,POMIN,1,1,PEWNE,PLW Q1 2026,inne calkowite dochody / wskazniki
PLW,RZIS_CD,EBITDA,POMIN,1,1,PEWNE,PLW Q1 2026,inne calkowite dochody / wskazniki
PLW,RZIS_CD,Średnioważona liczba akcji w okresie,POMIN,1,1,PEWNE,PLW Q1 2026,inne calkowite dochody / wskazniki
PLW,RZIS_CD,Zysk (strata) netto na jedną akcję przypadający akcjonariuszom Jednostki dominującej (zł),POMIN,1,1,PEWNE,PLW Q1 2026,inne calkowite dochody / wskazniki
PLW,AKT_TRW,Prawo do użytkowania aktywów,property,1,1,PEWNE,PLW Q1 2026,property zawiera prawo do uzytkowania
PLW,AKT_TRW,Prawo do użytkowania aktywów,right_to_use_assets,1,1,PEWNE,PLW Q1 2026,pozycja 'w tym'
,AKT_TRW,Inwestycje wyceniane zgodnie z metodą praw własności,noncurrent_investments,1,1,PEWNE,PLW Q1 2026,
PLW,AKT_TRW,Aktywa finansowe wyceniane w wartości godziwej przez inne całkowite dochody,noncurrent_investments,1,1,PEWNE,PLW Q1 2026,
PLW,AKT_TRW,Aktywa finansowe wyceniane według zamortyzowanego kosztu,noncurrent_investments,1,1,PEWNE,PLW Q1 2026,
,AKT_TRW,Należności z tytułu dostaw i usług oraz inne należności długoterminowe,noncurrent_receivables,1,1,PEWNE,PLW Q1 2026,
PLW,AKT_OBR,Należności z tytułu dostaw i usług oraz pozostałe,current_receivables,1,1,PEWNE,PLW Q1 2026,
,AKT_OBR,Należność z tytułu podatku dochodowego,current_receivables,1,1,PEWNE,PLW Q1 2026,
PLW,AKT_OBR,Aktywa finansowe wyceniane według zamortyzowanego kosztu,current_investments,1,1,PEWNE,PLW Q1 2026,
,AKT_OBR,Aktywa obrotowe inne niż aktywa zakwalifikowane jako przeznaczone do sprzedaży,POMIN,1,1,PEWNE,PLW Q1 2026,suma posrednia
,AKT_OBR,Aktywa trwałe zakwalifikowane jako przeznaczone do sprzedaży,assets_for_sale,1,1,PEWNE,PLW Q1 2026,
,KAPITAL,Razem kapitał własny,capital,1,1,PEWNE,PLW Q1 2026,
PLW,KAPITAL,Kapitały przypadające akcjonariuszom Jednostki dominującej,POMIN,1,1,PEWNE,PLW Q1 2026,suma posrednia
PLW,KAPITAL,Kapitał akcyjny,share_capital,1,1,PEWNE,PLW Q1 2026,
,KAPITAL,Nadwyżka ceny emisyjnej powyżej wartości nominalnej akcji,reserve,1,1,PEWNE,PLW Q1 2026,
,KAPITAL,Kapitał z tytułu płatności w formie akcji,kapitaly_pozostale_nierozdzielone,1,1,PEWNE,PLW Q1 2026,
PLW,KAPITAL,Zyski zatrzymane,retained_earnings,1,1,PEWNE,PLW Q1 2026,
,KAPITAL,- w tym zysk (strata) netto,year_profit,1,1,PEWNE,PLW Q1 2026,POTWIERDZONE wzorcem PLW: retained_earnings = zyski zatrzymane MINUS wynik okresu
,KAPITAL,- w tym zysk (strata) netto,retained_earnings,-1,1,PEWNE,PLW Q1 2026,odejmowane od zyskow zatrzymanych
,KAPITAL,Kapitał przypadający udziałom niedającym kontroli,nonshare_capital,1,1,PEWNE,PLW Q1 2026,
,ZOB_DL,Zobowiązanie długoterminowe,noncurrent_liabilities,1,1,PEWNE,PLW Q1 2026,
PLW,ZOB_DL,Rezerwa z tytułu odroczonego podatku dochodowego,noncurrent_other_liabilities,1,1,PEWNE,PLW Q1 2026,
PLW,ZOB_DL,Zobowiązania z tytułu leasingu,noncurrent_leasing,1,1,PEWNE,PLW Q1 2026,
PLW,ZOB_KR,Rezerwy krótkoterminowe,current_other_liabilities,1,1,PEWNE,PLW Q1 2026,
PLW,ZOB_KR,Zobowiązania z tytułu leasingu,current_leasing,1,1,PEWNE,PLW Q1 2026,
,ZOB_KR,Kredyty bankowe i pożyczki zaciągnięte,current_borrowings,1,1,PEWNE,PLW Q1 2026,
,ZOB_KR,Zobowiązania z tytułu dostaw i usług oraz pozostałe,current_trade_payables,1,1,PEWNE,PLW Q1 2026,
,ZOB_KR,Zobowiązania krótkoterminowe inne niż związane z aktywami przeznaczonymi do sprzedaży,POMIN,1,1,PEWNE,PLW Q1 2026,suma posrednia
,CF,PRZEPŁYWY ŚRODKÓW PIENIĘŻNYCH Z DZIAŁALNOŚCI OPERACYJNEJ,POMIN,1,1,PEWNE,PLW Q1 2026,naglowek bloku
,CF,Środki pieniężne wygenerowane na działalności operacyjnej,POMIN,1,1,PEWNE,PLW Q1 2026,suma posrednia przed podatkiem
,CF,Podatek dochodowy zwrócony (zapłacony),change_in_other_assets,1,1,WYSOKA,PLW Q1 2026,
PLW,CF,Przychody z tytułu odsetek,change_in_other_assets,1,1,WYSOKA,PLW Q1 2026,korekta zbiorcza
PLW,CF,Koszty z tytułu odsetek,change_in_other_assets,1,1,WYSOKA,PLW Q1 2026,korekta zbiorcza
PLW,CF,Zysk (strata) z działalności inwestycyjnej,change_in_other_assets,1,1,WYSOKA,PLW Q1 2026,korekta zbiorcza
PLW,CF,Udział w wyniku jednostek stowarzyszonych wycenianych metodą praw własności,change_in_other_assets,1,1,WYSOKA,PLW Q1 2026,korekta zbiorcza
PLW,CF,Odpisy aktualizujący wartość udziałów i akcji,change_in_other_assets,1,1,WYSOKA,PLW Q1 2026,korekta zbiorcza
PLW,CF,Odpis aktualizujący wartości niematerialne i prawne oraz rzeczowe aktywa trwałe,change_in_other_assets,1,1,WYSOKA,PLW Q1 2026,korekta zbiorcza
PLW,CF,Odpisy aktualizujące wartość udzielonych pożyczek,change_in_other_assets,1,1,WYSOKA,PLW Q1 2026,korekta zbiorcza
,CF_INW,PRZEPŁYWY ŚRODKÓW PIENIĘŻNYCH Z DZIAŁALNOŚCI INWESTYCYJNEJ,POMIN,1,1,PEWNE,PLW Q1 2026,naglowek bloku
PLW,CF_INW,Otrzymane odsetki,proceed_bank_loans,1,1,PEWNE,PLW Q1 2026,
PLW,CF_INW,Zbycie rzeczowych aktywów trwałych i wartości niematerialnych,POMIN,1,1,PEWNE,PLW Q1 2026,brak odpowiednika
PLW,CF_INW,Zbycie udziałów/akcji jednostek stowarzyszonych,POMIN,1,1,PEWNE,PLW Q1 2026,brak odpowiednika
PLW,CF_INW,Zbycie udziałów/akcji jednostek zależnych,POMIN,1,1,PEWNE,PLW Q1 2026,brak odpowiednika
PLW,CF_INW,Spłata pożyczek udzielonych stronom pozostałym,POMIN,1,1,PEWNE,PLW Q1 2026,brak odpowiednika
PLW,CF_INW,Nabycie udziałów w jednostkach zależnych,POMIN,1,1,PEWNE,PLW Q1 2026,brak odpowiednika
PLW,CF_INW,Udzielenie pożyczek stronom powiązanym,POMIN,1,1,PEWNE,PLW Q1 2026,brak odpowiednika
PLW,CF_INW,Udzielenie pożyczek stronom pozostałym,POMIN,1,1,PEWNE,PLW Q1 2026,brak odpowiednika
PLW,CF_INW,Inne wpływy/wydatki inwestycyjne (otwarcie i zamknięcie lokat),POMIN,1,1,PEWNE,PLW Q1 2026,brak odpowiednika
,CF_FIN,PRZEPŁYWY ŚRODKÓW PIENIĘŻNYCH Z DZIAŁALNOŚCI FINANSOWEJ,POMIN,1,1,PEWNE,PLW Q1 2026,naglowek bloku
PLW,CF_FIN,Płatności zobowiązań z tytułu leasingu finansowego,lease_liab_payments,-1,1,PEWNE,PLW Q1 2026,
,CF_FIN,Odsetki od zobowiązań z tytułu leasingu,repaid_bank_loans,-1,1,PEWNE,PLW Q1 2026,
PLW,CF_FIN,PRZEPŁYWY PIENIĘŻNE NETTO RAZEM,net_cashflow,1,1,PEWNE,PLW Q1 2026,
PLW,CF_FIN,Nabycie udziałów (akcji) własnych,POMIN,1,1,PEWNE,PLW Q1 2026,brak odpowiednika
PLW,CF_FIN,Kredyty bankowe i pożyczki zaciągnięte,POMIN,1,1,PEWNE,PLW Q1 2026,brak odpowiednika
PLW,CF_FIN,Spłata kredytów bankowych i pożyczek zaciągniętych,POMIN,1,1,PEWNE,PLW Q1 2026,brak odpowiednika
PLW,CF_FIN,Odsetki pozostałe,POMIN,1,1,PEWNE,PLW Q1 2026,brak odpowiednika
PLW,CF_FIN,Inne wpływy (wypływy) finansowe,POMIN,1,1,PEWNE,PLW Q1 2026,brak odpowiednika
PLW,CF_FIN,"BILANSOWA ZMIANA STANU ŚRODKÓW PIENIĘŻNYCH, W TYM",POMIN,1,1,PEWNE,PLW Q1 2026,brak odpowiednika
PLW,CF_FIN,- zmiana stanu środków pieniężnych z tytułu różnic kursowych,POMIN,1,1,PEWNE,PLW Q1 2026,brak odpowiednika
PLW,CF_FIN,ŚRODKI PIENIĘŻNE NA POCZĄTEK OKRESU,POMIN,1,1,PEWNE,PLW Q1 2026,brak odpowiednika
PLW,CF_FIN,"ŚRODKI PIENIĘŻNE NA KONIEC OKRESU, W TYM",POMIN,1,1,PEWNE,PLW Q1 2026,brak odpowiednika
PLW,CF_FIN,- o ograniczonej możliwości dysponowania,POMIN,1,1,PEWNE,PLW Q1 2026,brak odpowiednika
,RZIS,Razem przychody z działalności operacyjnej,POMIN,1,1,PEWNE,11B Q1 2026,suma posrednia
11B,RZIS,Amortyzacja,cost_of_sales,-1,1,PEWNE,11B Q1 2026,POTWIERDZONE wzorcem 11B: uklad rodzajowy BEZ pozostalych kosztow operacyjnych = 24963
11B,RZIS,Zużycie surowców i materiałów,cost_of_sales,-1,1,PEWNE,11B Q1 2026,POTWIERDZONE wzorcem 11B: uklad rodzajowy BEZ pozostalych kosztow operacyjnych = 24963
11B,RZIS,Usługi obce,cost_of_sales,-1,1,PEWNE,11B Q1 2026,POTWIERDZONE wzorcem 11B: uklad rodzajowy BEZ pozostalych kosztow operacyjnych = 24963
11B,RZIS,Wynagrodzenia i świadczenia pracownicze,cost_of_sales,-1,1,PEWNE,11B Q1 2026,POTWIERDZONE wzorcem 11B: uklad rodzajowy BEZ pozostalych kosztow operacyjnych = 24963
11B,RZIS,Podatki i opłaty,cost_of_sales,-1,1,PEWNE,11B Q1 2026,POTWIERDZONE wzorcem 11B: uklad rodzajowy BEZ pozostalych kosztow operacyjnych = 24963
11B,RZIS,Razem koszty działalności operacyjnej,POMIN,1,1,PEWNE,11B Q1 2026,suma posrednia - skladniki mapowane osobno
11B,RZIS,Zysk na działalności operacyjnej,ebit,1,1,PEWNE,11B Q1 2026,
,RZIS,Udział w zysku/(stracie) jednostki stowarzyszonej,other_income,1,1,PEWNE,11B Q1 2026,
11B,RZIS,ZYSK NETTO,net_profit,1,1,PEWNE,11B Q1 2026,
11B,RZIS,ZYSK NETTO,shareholder_net_profit,1,1,PEWNE,11B Q1 2026,brak udzialow niekontrolujacych
11B,RZIS,Zwyczajny (zysk na akcję),POMIN,1,1,PEWNE,11B Q1 2026,wskazniki / calkowite dochody
11B,RZIS,Rozwodniony (zysk na akcję),POMIN,1,1,PEWNE,11B Q1 2026,wskazniki / calkowite dochody
11B,RZIS,Pozostałe całkowite dochody,POMIN,1,1,PEWNE,11B Q1 2026,wskazniki / calkowite dochody
11B,RZIS,SUMA CAŁKOWITYCH DOCHODÓW,POMIN,1,1,PEWNE,11B Q1 2026,wskazniki / calkowite dochody
11B,BILANS,AKTYWA,POMIN,1,1,PEWNE,11B Q1 2026,naglowek bloku
,AKT_TRW,Prawo wieczystego użytkowania gruntu,property,1,1,PEWNE,11B Q1 2026,POTWIERDZONE wzorcem 11B: 21400 + 4042 = 25442
,AKT_TRW,Prawo wieczystego użytkowania gruntu,right_to_use_assets,1,1,PEWNE,11B Q1 2026,pozycja 'w tym' - nie sumuje sie do aktywow trwalych
,AKT_TRW,Inwestycje w jednostki stowarzyszone,noncurrent_investments,1,1,PEWNE,11B Q1 2026,
,AKT_TRW,Inwestycje długoterminowe w akcje,noncurrent_investments,1,1,PEWNE,11B Q1 2026,
11B,AKT_TRW,Aktywa z tytułu podatku odroczonego,other_noncurrent_assets,1,1,PEWNE,11B Q1 2026,
,AKT_TRW,Pozostałe aktywa długoterminowe,other_noncurrent_assets,1,1,PEWNE,11B Q1 2026,
,AKT_TRW,Instrumenty finansowe (IRS),noncurrent_investments,1,1,PEWNE,11B Q1 2026,
11B,AKT_OBR,Należności z tytułu dostaw i usług oraz pozostałe należności,current_receivables,1,1,PEWNE,11B Q1 2026,
11B,AKT_OBR,Należności z tytułu podatku dochodowego,current_receivables,1,1,PEWNE,11B Q1 2026,
,AKT_OBR,Towary,inventory,1,1,PEWNE,11B Q1 2026,
,AKT_OBR,Pozostałe aktywa krótkoterminowe,other_current_assets,1,1,PEWNE,11B Q1 2026,
,AKT_OBR,Instrumenty finansowe (IRS),current_investments,1,1,PEWNE,11B Q1 2026,
,AKT_OBR,Aktywa finansowe krótkoterminowe,current_investments,1,1,PEWNE,11B Q1 2026,
11B,KAPITAL,Kapitał podstawowy,share_capital,1,1,PEWNE,11B Q1 2026,
,KAPITAL,Kapitał z nadwyżki wartości emisyjnej ponad wartość nominalną,kapitaly_pozostale_nierozdzielone,1,1,PEWNE,11B Q1 2026,
,KAPITAL,Kapitał rezerwowy z tytułu płatności w akcjach,kapitaly_pozostale_nierozdzielone,1,1,PEWNE,11B Q1 2026,
,ZOB_DL,Rezerwy pracownicze i pozostałe,noncurrent_other_liabilities,1,1,PEWNE,11B Q1 2026,
,ZOB_KR,Rezerwy pracownicze i pozostałe,current_other_liabilities,1,1,PEWNE,11B Q1 2026,
,ZOB_KR,Zobowiązania z tytułu tantiem,current_other_liabilities,1,1,PEWNE,11B Q1 2026,
11B,ZOB_KR,Zobowiązania z tytułu umów z klientami,current_other_liabilities,1,1,PEWNE,11B Q1 2026,
11B,ZOB_KR,Zobowiązania z tytułu dostaw i usług oraz pozostałe zobowiązania,current_trade_payables,1,1,PEWNE,11B Q1 2026,
11B,CF,Przepływy pieniężne z działalności operacyjnej,POMIN,1,1,PEWNE,11B Q1 2026,naglowek bloku
11B,AKT_OBR,PASYWA,POMIN,1,1,PEWNE,11B Q1 2026,naglowek bloku
,CF,Zysk za okres sprawozdawczy,POMIN,1,1,PEWNE,11B Q1 2026,punkt wyjscia - juz w RZiS
11B,CF,Środki pieniężne wygenerowane na działalności operacyjnej,POMIN,1,1,PEWNE,11B Q1 2026,suma posrednia
,CF,Zmiana salda zapasów,change_in_inventories,1,1,PEWNE,11B Q1 2026,
,CF,Zmiana salda należności z tytułu dostaw i usług oraz pozostałych należności,change_in_receivables,1,1,PEWNE,11B Q1 2026,
,CF,Zmiana salda należności z tytułu podatku u źródła,change_in_receivables,1,1,PEWNE,11B Q1 2026,
,CF,Zmiana salda zobowiązań z tytułu dostaw i usług oraz pozostałych zobowiązań,change_in_payables,1,1,PEWNE,11B Q1 2026,
,CF,Zmiana salda zobowiązań z tytułu umów z klientami,change_in_payables,1,1,PEWNE,11B Q1 2026,
11B,CF,Środki pieniężne netto z działalności operacyjnej,operating_cashflow,1,1,PEWNE,11B Q1 2026,
11B,CF,Realokowanie opłat licencyjnych za Unreal Engine między projektami,change_in_other_assets,1,1,WYSOKA,11B Q1 2026,korekta zbiorcza
11B,CF,Efekt podatku dochodowego ujęty w wyniku,change_in_other_assets,1,1,WYSOKA,11B Q1 2026,korekta zbiorcza
11B,CF,Koszty Programu Motywacyjnego na lata 2021-2025,change_in_other_assets,1,1,WYSOKA,11B Q1 2026,korekta zbiorcza
11B,CF,(Zyski)/straty z tytułu zmiany wartości godziwej aktywów finansowych wycenianych w wartości godziwej przez wynik finansowy,change_in_other_assets,1,1,WYSOKA,11B Q1 2026,korekta zbiorcza
11B,CF,Udział w (zysku)/stracie spółki stowarzyszonej,change_in_other_assets,1,1,WYSOKA,11B Q1 2026,korekta zbiorcza
11B,CF,Przychody odsetkowe netto,change_in_other_assets,1,1,WYSOKA,11B Q1 2026,korekta zbiorcza
11B,CF,Ujemne różnice kursowe od środków pieniężnych,change_in_other_assets,1,1,WYSOKA,11B Q1 2026,korekta zbiorcza
11B,CF,Zmiana salda pozostałych aktywów,change_in_other_assets,1,1,WYSOKA,11B Q1 2026,korekta zbiorcza
11B,CF,Zmiana salda rezerw,change_in_other_assets,1,1,WYSOKA,11B Q1 2026,korekta zbiorcza
11B,CF,Zapłacony podatek dochodowy,change_in_other_assets,1,1,WYSOKA,11B Q1 2026,korekta zbiorcza
,CF_INW,Płatności za rzeczowe aktywa trwałe i wartości niematerialne,capex,-1,1,PEWNE,11B Q1 2026,
11B,CF_INW,Wpływy z tytułu odsetek od lokat bankowych powyżej 3 miesięcy i obligacji,POMIN,1,1,DO_WERYFIKACJI,11B Q1 2026,wzorzec 11B ma proceed_bank_loans=0 mimo 209 tys. w raporcie - do sprawdzenia po Waszej stronie
11B,CF_INW,Pożyczki dla pracowników,POMIN,1,1,PEWNE,11B Q1 2026,brak odpowiednika
11B,CF_INW,Wygaśnięcie lokat bankowych powyżej 3 miesięcy,POMIN,1,1,PEWNE,11B Q1 2026,brak odpowiednika
11B,CF_INW,Nabycie aktywów finansowych,POMIN,1,1,PEWNE,11B Q1 2026,brak odpowiednika
11B,CF_INW,Wpływy z tytułu sprzedaży aktywów finansowych,POMIN,1,1,PEWNE,11B Q1 2026,brak odpowiednika
11B,CF_INW,Założenie lokat bankowych powyżej 3 miesięcy,POMIN,1,1,PEWNE,11B Q1 2026,brak odpowiednika
,CF_FIN,Wpływy / (wypływy) z tytułu otrzymanego kredytu,POMIN,1,1,WYSOKA,11B Q1 2026,standard nie ma klucza na kredyty
,CF_FIN,Spłata odsetek od kredytu,repaid_bank_loans,-1,1,PEWNE,11B Q1 2026,
,CF_FIN,Zwiększenie netto środków pieniężnych i ich ekwiwalentów,net_cashflow,1,1,PEWNE,11B Q1 2026,
11B,CF_FIN,Wpływ zmian kursowych na stan środków pieniężnych i ich ekwiwalentów,POMIN,1,1,PEWNE,11B Q1 2026,stany srodkow pienieznych
11B,CF_FIN,Środki pieniężne na początek okresu sprawozdawczego,POMIN,1,1,PEWNE,11B Q1 2026,stany srodkow pienieznych
11B,CF_FIN,ŚRODKI PIENIĘŻNE NA KONIEC OKRESU SPRAWOZDAWCZEGO,POMIN,1,1,PEWNE,11B Q1 2026,stany srodkow pienieznych
UNI,RZIS,"Koszty sprzedanych produktów, towarów i materiałów",cost_of_sales,1,1,PEWNE,UNI Q1 2026,Unibep podaje koszty DODATNIE
UNI,RZIS,Koszty sprzedaży,distribution_expenses,1,1,PEWNE,UNI Q1 2026,Unibep podaje koszty DODATNIE
UNI,RZIS,Koszty zarządu,administrative_expenses,1,1,PEWNE,UNI Q1 2026,Unibep podaje koszty DODATNIE
UNI,RZIS,Pozostałe koszty operacyjne,other_operating_costs,1,1,PEWNE,UNI Q1 2026,Unibep podaje koszty DODATNIE
UNI,RZIS,Koszty finansowe,finance_costs,1,1,PEWNE,UNI Q1 2026,Unibep podaje koszty DODATNIE
UNI,RZIS,Oczekiwane straty kredytowe,other_income,-1,1,PEWNE,UNI Q1 2026,POTWIERDZONE wzorcem UNI: 1547 wchodzi jako -1547 do other_income
UNI,RZIS,Zysk (strata) netto,net_profit,1,1,PEWNE,UNI Q1 2026,
UNI,RZIS,Zysk (strata) netto z działalności kontynuowanej,POMIN,1,1,PEWNE,UNI Q1 2026,rowne zyskowi netto - inaczej liczyloby sie dwa razy
UNI,CF,Przepływy pieniężne z działalności operacyjnej,POMIN,1,1,PEWNE,UNI Q1 2026,naglowek bloku
,RZIS,z tego przypadający: akcjonariuszom jednostki dominującej,shareholder_net_profit,1,1,PEWNE,UNI Q1 2026,
,RZIS,z tego przypadający: udziałom niesprawującym kontroli,POMIN,1,1,PEWNE,UNI Q1 2026,ujete w nonshare_capital
UNI,RZIS,Liczba akcji zwykłych*,POMIN,1,1,DO_WERYFIKACJI,UNI Q1 2026,"wzorzec UNI ma 35070634 akcji, raport podaje 33015259 - liczba akcji prowadzona recznie"
UNI,RZIS,Średnia ważona liczba akcji zwykłych w okresie,POMIN,1,1,DO_WERYFIKACJI,UNI Q1 2026,"wzorzec UNI ma 35070634 akcji, raport podaje 33015259 - liczba akcji prowadzona recznie"
UNI,RZIS,Liczba akcji zwykłych rozwodnionych,POMIN,1,1,DO_WERYFIKACJI,UNI Q1 2026,"wzorzec UNI ma 35070634 akcji, raport podaje 33015259 - liczba akcji prowadzona recznie"
UNI,RZIS,Podstawowy i rozwodniony zysk przypadający akcjonariuszom Jednostki Dominującej na akcję (w złotych),POMIN,1,1,DO_WERYFIKACJI,UNI Q1 2026,"wzorzec UNI ma 35070634 akcji, raport podaje 33015259 - liczba akcji prowadzona recznie"
,AKT_TRW,AKTYWA TRWAŁE DŁUGOTERMINOWE,POMIN,1,1,PEWNE,UNI Q1 2026,naglowek bloku
UNI,AKT_TRW,Środki trwałe,property,1,1,PEWNE,UNI Q1 2026,
UNI,AKT_TRW,Wartości niematerialne,intangible_assets,1,1,DO_WERYFIKACJI,UNI Q1 2026,bilans nie rozbija na wartosc firmy (wzorzec ma 11058) - rozbicie jest w nocie
UNI,AKT_TRW,Należności z tytułu dostaw i usług oraz inne należności długoterminowe,noncurrent_receivables,1,1,PEWNE,UNI Q1 2026,
,AKT_TRW,Kaucje z tytułu umów z klientami,noncurrent_receivables,1,1,PEWNE,UNI Q1 2026,POTWIERDZONE wzorcem UNI: 15761 + 11793 = 27554
,AKT_TRW,Pożyczki udzielone,noncurrent_investments,1,1,PEWNE,UNI Q1 2026,
,AKT_TRW,Aktywa z tytułu pochodnych instrumentów finansowych,noncurrent_investments,1,1,PEWNE,UNI Q1 2026,
UNI,AKT_TRW,Inne długoterminowe aktywa finansowe,noncurrent_investments,1,1,PEWNE,UNI Q1 2026,
,AKT_TRW,Grunty przeznaczone pod zabudowę,noncurrent_investments,1,1,PEWNE,UNI Q1 2026,"POTWIERDZONE wzorcem UNI: grunty ida w inwestycje dlugoterminowe, nie w zapasy"
,AKT_TRW,Aktywa trwałe (długoterminowe) razem,noncurrent_assets,1,1,PEWNE,UNI Q1 2026,
,AKT_OBR,AKTYWA OBROTOWE KRÓTKOTERMINOWE,POMIN,1,1,PEWNE,UNI Q1 2026,naglowek bloku
,AKT_OBR,Należności z tytułu dostaw i usług oraz pozostałe należności krótkoterminowe,current_receivables,1,1,PEWNE,UNI Q1 2026,
,AKT_OBR,Kaucje z tytułu umów z klientami,current_receivables,1,1,PEWNE,UNI Q1 2026,
,AKT_OBR,Aktywa kontraktowe,current_receivables,1,1,PEWNE,UNI Q1 2026,POTWIERDZONE wzorcem UNI: aktywa kontraktowe ida w naleznosci krotkoterminowe
UNI,AKT_OBR,Pożyczki udzielone,current_investments,1,1,PEWNE,UNI Q1 2026,
,AKT_OBR,Aktywa z tytułu pochodnych instrumentów finansowych,current_investments,1,1,PEWNE,UNI Q1 2026,
UNI,AKT_OBR,Inne krótkoterminowe aktywa finansowe,current_investments,1,1,PEWNE,UNI Q1 2026,
,AKT_OBR,Aktywa obrotowe (krótkoterminowe) razem,current_assets,1,1,PEWNE,UNI Q1 2026,
UNI,AKTYWA,AKTYWA RAZEM,total_assets,1,1,PEWNE,UNI Q1 2026,
UNI,KAPITAL,KAPITAŁ WŁASNY,POMIN,1,1,PEWNE,UNI Q1 2026,naglowek bloku
,KAPITAL,Kapitał ze sprzedaży akcji powyżej ceny nominalnej,reserve,1,1,PEWNE,UNI Q1 2026,
,KAPITAL,Zyski (straty) zatrzymane,retained_earnings,1,1,PEWNE,UNI Q1 2026,
UNI,KAPITAL,Kapitał własny przypadający akcjonariuszom jednostki dominującej,POMIN,1,1,PEWNE,UNI Q1 2026,suma posrednia
,KAPITAL,Kapitał przypadający udziałom niesprawującym kontroli,nonshare_capital,1,1,PEWNE,UNI Q1 2026,
UNI,KAPITAL,Kapitał własny ogółem,capital,1,1,PEWNE,UNI Q1 2026,
UNI,ZOB_DL,ZOBOWIĄZANIA DŁUGOTERMINOWE,POMIN,1,1,PEWNE,UNI Q1 2026,naglowek bloku
,ZOB_DL,Zobowiązania z tytułu dostaw i usług oraz inne zobowiązania długoterminowe,noncurrent_trade_payables,1,1,PEWNE,UNI Q1 2026,jedna z nielicznych spolek z niezerowym noncurrent_trade_payables
,ZOB_DL,"Kredyty, pożyczki i inne zobowiązania finansowe – długoterminowe",noncurrent_borrowings,1,1,PEWNE,UNI Q1 2026,
,ZOB_DL,Zobowiązania leasingowe długoterminowe,noncurrent_leasing,1,1,PEWNE,UNI Q1 2026,
,ZOB_DL,Zobowiązania z tytułu pochodnych instrumentów finansowych,noncurrent_other_liabilities,1,1,PEWNE,UNI Q1 2026,
,ZOB_DL,Rezerwy długoterminowe,noncurrent_other_liabilities,1,1,PEWNE,UNI Q1 2026,
,ZOB_DL,Kaucje z tytułu umów z klientami,noncurrent_other_liabilities,1,1,PEWNE,UNI Q1 2026,
,ZOB_DL,Rezerwy z tytułu podatku odroczonego,noncurrent_other_liabilities,1,1,PEWNE,UNI Q1 2026,
UNI,ZOB_KR,ZOBOWIĄZANIA KRÓTKOTERMINOWE,POMIN,1,1,PEWNE,UNI Q1 2026,naglowek bloku
,ZOB_KR,Zobowiązania z tytułu dostaw i usług oraz pozostałe zobowiązania krótkoterminowe,current_trade_payables,1,1,PEWNE,UNI Q1 2026,
,ZOB_KR,Zobowiązania kontraktowe,current_other_liabilities,1,1,PEWNE,UNI Q1 2026,
,ZOB_KR,Kaucje z tytułu umów z klientami,current_other_liabilities,1,1,PEWNE,UNI Q1 2026,
,ZOB_KR,"Kredyty, pożyczki i inne zobowiązania finansowe – krótkoterminowe",current_borrowings,1,1,PEWNE,UNI Q1 2026,
,ZOB_KR,Zobowiązania leasingowe krótkoterminowe,current_leasing,1,1,PEWNE,UNI Q1 2026,
,ZOB_KR,Zobowiązania z tytułu pochodnych instrumentów finansowych,current_other_liabilities,1,1,PEWNE,UNI Q1 2026,
UNI,ZOB_KR,Rezerwy krótkoterminowe,current_other_liabilities,1,1,PEWNE,UNI Q1 2026,
UNI,ZOB_KR,Zobowiązania ogółem,POMIN,1,1,PEWNE,UNI Q1 2026,suma posrednia
,CF,I. Zysk (strata) brutto,POMIN,1,1,PEWNE,UNI Q1 2026,punkt wyjscia - juz w RZiS
UNI,CF,1. Amortyzacja,amortization,1,1,PEWNE,UNI Q1 2026,
UNI,CF,6. Zmiana stanu zapasów,change_in_inventories,1,1,PEWNE,UNI Q1 2026,
,CF,"7. Zmiana stanu należności, w tym: aktywa kontraktowe, kaucje z tytułu umów z klientami",change_in_receivables,1,1,PEWNE,UNI Q1 2026,
,CF,"8. Zmiana stanu zobowiązań krótkoterminowych, z wyjątkiem zobowiązań finansowych, rezerw",change_in_payables,1,1,PEWNE,UNI Q1 2026,
UNI,CF,Środki pieniężne z działalności operacyjnej,POMIN,1,1,PEWNE,UNI Q1 2026,suma posrednia przed podatkiem
,CF,10. Podatek dochodowy zapłacony/zwrócony,change_in_other_assets,1,1,WYSOKA,UNI Q1 2026,
UNI,CF,2. Zyski (straty) z tytułu różnic kursowych,change_in_other_assets,1,1,WYSOKA,UNI Q1 2026,korekta zbiorcza
UNI,CF,3. Odsetki i udziały w zyskach (dywidendy),change_in_other_assets,1,1,WYSOKA,UNI Q1 2026,korekta zbiorcza
UNI,CF,4. Zysk (strata) z działalności inwestycyjnej,change_in_other_assets,1,1,WYSOKA,UNI Q1 2026,korekta zbiorcza
UNI,CF,5. Zmiana stanu rezerw,change_in_other_assets,1,1,WYSOKA,UNI Q1 2026,korekta zbiorcza
UNI,CF,9. Inne korekty,change_in_other_assets,1,1,WYSOKA,UNI Q1 2026,korekta zbiorcza
,CF_INW,"Nabycie środków trwałych, wartości niematerialnych, nieruchomości inwestycyjnych",capex,-1,1,PEWNE,UNI Q1 2026,
UNI,CF_INW,"Wpływy z tytułu zbycia środków trwałych, wartości niematerialnych, nieruchomości inwestycyjnych",POMIN,1,1,PEWNE,UNI Q1 2026,brak odpowiednika
UNI,CF_INW,Pożyczki udzielone stronom trzecim,POMIN,1,1,PEWNE,UNI Q1 2026,brak odpowiednika
UNI,CF_INW,Pozostałe (w tym realizacja instrumentów pochodnych),POMIN,1,1,PEWNE,UNI Q1 2026,brak odpowiednika
,CF_FIN,PRZEPŁYWY PIENIĘŻNE Z DZIAŁALNOŚCI FINANSOWEJ,POMIN,1,1,PEWNE,UNI Q1 2026,naglowek bloku
,CF_FIN,Płatność zobowiązań z tytułu umów leasingu,lease_liab_payments,-1,1,PEWNE,UNI Q1 2026,
,CF_FIN,Zapłacone odsetki,repaid_bank_loans,-1,1,PEWNE,UNI Q1 2026,
,CF_FIN,Zmiana netto stanu środków pieniężnych z wyłączeniem różnic kursowych,net_cashflow,1,1,PEWNE,UNI Q1 2026,
UNI,CF_FIN,"Wpływy z pożyczek, kredytów, obligacji, weksli",POMIN,1,1,PEWNE,UNI Q1 2026,brak odpowiednika
UNI,CF_FIN,"Spłata pożyczek, kredytów, obligacji, weksli",POMIN,1,1,PEWNE,UNI Q1 2026,brak odpowiednika
UNI,CF_FIN,Inne wpływy (wypływy) środków pieniężnych,POMIN,1,1,PEWNE,UNI Q1 2026,brak odpowiednika
UNI,CF_FIN,Różnice kursowe,POMIN,1,1,PEWNE,UNI Q1 2026,brak odpowiednika
UNI,CF_FIN,Zmiana netto stanu środków pieniężnych,POMIN,1,1,PEWNE,UNI Q1 2026,brak odpowiednika
UNI,CF_FIN,Środki pieniężne na początek okresu,POMIN,1,1,PEWNE,UNI Q1 2026,brak odpowiednika
UNI,CF_FIN,Środki pieniężne na koniec okresu,POMIN,1,1,PEWNE,UNI Q1 2026,brak odpowiednika
UNI,CF_FIN,w tym: o ograniczonej możliwości dysponowania,POMIN,1,1,PEWNE,UNI Q1 2026,brak odpowiednika
,RZIS,"Przychody ze sprzedaży produktów, towarów i materiałów",revenues,1,1,PEWNE,DOM/1AT Q1 2026,
,RZIS,Zysk netto z działalności zaniechanej*),discontinued_profit,1,1,PEWNE,DOM/1AT Q1 2026,
,RZIS,Zysk netto przypadający na: Akcjonariuszy jednostki dominującej,shareholder_net_profit,1,1,PEWNE,DOM/1AT Q1 2026,
,RZIS,Zysk na jedną akcję zwykłą przypadający akcjonariuszom jednostki dominującej Podstawowy (w PLN),POMIN,1,1,PEWNE,DOM/1AT Q1 2026,
,RZIS,Zysk na jedną akcję zwykłą przypadający akcjonariuszom jednostki dominującej Rozwodniony (w PLN),POMIN,1,1,PEWNE,DOM/1AT Q1 2026,
,RZIS,Zysk/strata brutto,before_tax_profit,1,1,PEWNE,DOM/1AT Q1 2026,
,RZIS,Zysk/strata brutto,net_gross_profit,1,1,PEWNE,DOM/1AT Q1 2026,
,RZIS,Zysk/strata za rok obrotowy na działalności zaniedbanej,discontinued_profit,1,1,PEWNE,DOM/1AT Q1 2026,
,RZIS,Zysk/strata netto za okres sprawozdawczy,POMIN,1,1,PEWNE,DOM/1AT Q1 2026,powtorzenie zysku z dzialalnosci kontynuowanej
,RZIS,Zysk/ strata netto przypadający/a na: Akcjonariuszy jednostki dominującej,shareholder_net_profit,1,1,PEWNE,DOM/1AT Q1 2026,
,RZIS,Zysk/ strata netto przypadający/a na: Udziały niedające kontroli,POMIN,1,1,PEWNE,DOM/1AT Q1 2026,
,RZIS,Pozostałe dochody całkowite,POMIN,1,1,PEWNE,DOM/1AT Q1 2026,
,RZIS,Dochody całkowite razem,POMIN,1,1,PEWNE,DOM/1AT Q1 2026,
,RZIS,Dochody całkowite przypadające na: Akcjonariuszy jednostki dominującej,POMIN,1,1,PEWNE,DOM/1AT Q1 2026,
,RZIS,Dochody całkowite przypadające na: Udziały niedające kontroli,POMIN,1,1,PEWNE,DOM/1AT Q1 2026,
,RZIS,Zysk na jedną akcję z działalności kontynuowanej i zaniedbanej: Podstawowy,POMIN,1,1,PEWNE,DOM/1AT Q1 2026,
,RZIS,Zysk na jedną akcję z działalności kontynuowanej i zaniedbanej: Rozwodniony,POMIN,1,1,PEWNE,DOM/1AT Q1 2026,
,CF,Korekta o pozycje:,POMIN,1,1,PEWNE,DOM/1AT Q1 2026,
,CF,Udziały w wyniku finansowym jednostek wycenianych metodą praw własności,POMIN,1,1,PEWNE,DOM/1AT Q1 2026,korekta w CF
,CF,(Zysk)/strata na inwestycjach,POMIN,1,1,PEWNE,DOM/1AT Q1 2026,
,CF,Koszty/(przychody) finansowe z tytułu odsetek,POMIN,1,1,PEWNE,DOM/1AT Q1 2026,
,CF,Koszty z tytułu wyceny programów opcji menedżerskich,POMIN,1,1,PEWNE,DOM/1AT Q1 2026,
,CF,Zmiany stanu rezerw,POMIN,1,1,PEWNE,DOM/1AT Q1 2026,
,CF,Zmiany stanu zapasów,change_in_inventories,1,1,PEWNE,DOM/1AT Q1 2026,nadpisywane metoda bilansowa
,CF,Zmiany stanu należności,change_in_receivables,1,1,PEWNE,DOM/1AT Q1 2026,nadpisywane metoda bilansowa
,CF,Zmiany stanu zobowiązań krótkoterminowych z wyjątkiem kredytów i obligacji,change_in_payables,1,1,PEWNE,DOM/1AT Q1 2026,
,CF,Zmiany stanu rozliczeń międzyokresowych i przychodów przyszłych okresów,change_in_other_assets,1,1,PEWNE,DOM/1AT Q1 2026,
,CF,Odsetki otrzymane,proceed_bank_loans,1,1,PEWNE,DOM/1AT Q1 2026,klucz historycznie nazwany bledne - to Odsetki otrzymane
,CF,Zysk/ strata,POMIN,1,1,PEWNE,DOM/1AT Q1 2026,
,CF,Korekty wynikające z obciążeń z tytułu podatku dochodowego,POMIN,1,1,PEWNE,DOM/1AT Q1 2026,
,CF,Straty/zyski z tytułu zmiana wartości godziwej nieruchomości inwestycyjnych,POMIN,1,1,PEWNE,DOM/1AT Q1 2026,
,CF,Przychody z tytułu dywidend,POMIN,1,1,PEWNE,DOM/1AT Q1 2026,korekta w CF
,CF,Program opcji menadżerskich,POMIN,1,1,PEWNE,DOM/1AT Q1 2026,
,CF,Zmiana stanu innych aktywów,change_in_other_assets,1,1,PEWNE,DOM/1AT Q1 2026,
,CF,Zmiana stanu zobowiązań,change_in_payables,1,1,PEWNE,DOM/1AT Q1 2026,
,CF,Przepływy środków pieniężnych netto z działalności,POMIN,1,1,PEWNE,DOM/1AT Q1 2026,suma czesciowa przed podatkiem
,CF,Zapłacony/ zwrócony podatek dochodowy,POMIN,1,1,PEWNE,DOM/1AT Q1 2026,
,CF,Przepływy środków pieniężnych netto z działalności operacyjnej,operating_cashflow,1,1,PEWNE,DOM/1AT Q1 2026,
,CF_INW,Wpłaty z tytułu udzielonych pożyczek,POMIN,1,1,PEWNE,DOM/1AT Q1 2026,
,CF_INW,Inne wpływy/(wydatki) z aktywów finansowych,POMIN,1,1,PEWNE,DOM/1AT Q1 2026,
,CF_INW,Wydatki z tytułu udzielonych pożyczek,POMIN,1,1,PEWNE,DOM/1AT Q1 2026,
,CF_INW,Nabycie aktywów finansowych i dopłaty do kapitału,outflows_for_acquisitions,-1,1,PEWNE,DOM/1AT Q1 2026,
,CF_INW,Środki pieniężne netto wykorzystane w działalności inwestycyjnej,investing_cashflow,1,1,PEWNE,DOM/1AT Q1 2026,
,CF_INW,Przepływy środków pieniężnych netto z działalności inwestycyjnej,investing_cashflow,1,1,PEWNE,DOM/1AT Q1 2026,
,CF_INW,Wydatki na nabycie wartości niematerialnych,capex,-1,1,PEWNE,DOM/1AT Q1 2026,
,CF_INW,Wpływy ze sprzedaży wartości niematerialnych,POMIN,1,1,PEWNE,DOM/1AT Q1 2026,
,CF_INW,Wydatki na nabycie rzeczowych aktywów trwałych,capex,-1,1,PEWNE,DOM/1AT Q1 2026,
,CF_INW,Wpływy ze sprzedaży środków trwałych,POMIN,1,1,PEWNE,DOM/1AT Q1 2026,
,CF_INW,Wydatki na nabycie nieruchomości inwestycyjnych,capex,-1,1,PEWNE,DOM/1AT Q1 2026,
,CF_INW,Wydatki na nabycie podmiotów zależnych,outflows_for_acquisitions,-1,1,PEWNE,DOM/1AT Q1 2026,
,CF_INW,Wpływy ze sprzedaży podmiotów zależnych,POMIN,1,1,PEWNE,DOM/1AT Q1 2026,
,CF_INW,Inne korekty,POMIN,1,1,PEWNE,DOM/1AT Q1 2026,
,CF_FIN,Wpływy z tytułu emisji akcji (realizacje opcji na akcje),share_capital_cash,1,1,PEWNE,DOM/1AT Q1 2026,
,CF_FIN,Wpływy z tytułu zaciągniętych kredytów,POMIN,1,1,PEWNE,DOM/1AT Q1 2026,standard nie ma klucza na wplywy z kredytow
,CF_FIN,Wpływy z emisji dłużnych papierów wartościowych,POMIN,1,1,PEWNE,DOM/1AT Q1 2026,
,CF_FIN,Wydatki z tytułu spłaty kredytów,POMIN,1,1,PEWNE,DOM/1AT Q1 2026,
,CF_FIN,Wydatki z tytułu wykupu dłużnych papierów wartościowych,POMIN,1,1,PEWNE,DOM/1AT Q1 2026,
,CF_FIN,Wydatki z tytułu podziału zysku (dywidenda),dividend,-1,1,PEWNE,DOM/1AT Q1 2026,
,CF_FIN,Środki pieniężne netto wykorzystane w działalności finansowej,financing_cashflow,1,1,PEWNE,DOM/1AT Q1 2026,
,CF_FIN,Przepływy środków pieniężnych netto z działalności finansowej,financing_cashflow,1,1,PEWNE,DOM/1AT Q1 2026,
,CF_FIN,Wpływy z emisji akcji,share_capital_cash,1,1,PEWNE,DOM/1AT Q1 2026,
,CF_FIN,"Wpływy z emisji obligacji, weksli, bonów",POMIN,1,1,PEWNE,DOM/1AT Q1 2026,
,CF_FIN,"Wykup obligacji, weksli, bonów",POMIN,1,1,PEWNE,DOM/1AT Q1 2026,
,CF_FIN,Wpływy z kredytów i pożyczek,POMIN,1,1,PEWNE,DOM/1AT Q1 2026,
,CF_FIN,Dywidendy wypłacone akcjonariuszom/udziałowcom posiadającym udziały niedające kontroli,dividend,-1,1,PEWNE,DOM/1AT Q1 2026,
,CF_FIN,Inne wydatki,POMIN,1,1,PEWNE,DOM/1AT Q1 2026,
,CF_FIN,Zwiększenie/ zmniejszenie stanu środków pieniężnych i ekwiwalentów środków pieniężnych przed skutkami zmian kursów wymiany,POMIN,1,1,PEWNE,DOM/1AT Q1 2026,
,CF_FIN,"Zyski/straty z tytułu różnic kursowych dotyczące wyceny środków pieniężnych, ekwiwalentów środków pieniężnych oraz kredytów w rachunku bieżącym",POMIN,1,1,PEWNE,DOM/1AT Q1 2026,
,CF_FIN,Zwiększenie/ zmniejszenie stanu środków pieniężnych i ekwiwalentów środków pieniężnych,net_cashflow,1,1,PEWNE,DOM/1AT Q1 2026,
,CF_FIN,"Środki pieniężne, ekwiwalenty środków pieniężnych oraz kredyty w rachunku bieżącym na początek okresu",POMIN,1,1,PEWNE,DOM/1AT Q1 2026,
,CF_FIN,"Środki pieniężne, ekwiwalenty środków pieniężnych oraz kredyty w rachunku bieżącym na koniec okresu",POMIN,1,1,PEWNE,DOM/1AT Q1 2026,
,CF_FIN,W tym o ograniczonej możliwości dysponowania,POMIN,1,1,PEWNE,DOM/1AT Q1 2026,
,AKT_TRW,Aktywo z tytułu podatku odroczonego,other_noncurrent_assets,1,1,PEWNE,DOM/1AT Q1 2026,
,AKT_TRW,Pożyczki udzielone długoterminowe,noncurrent_investments,1,1,PEWNE,DOM/1AT Q1 2026,
,AKT_TRW,Długoterminowe pożyczki i należności,noncurrent_investments,1,1,PEWNE,DOM/1AT Q1 2026,
,AKT_OBR,Pozostałe aktywa obrotowe,other_current_assets,1,1,PEWNE,DOM/1AT Q1 2026,
,AKT_OBR,Pożyczki udzielone krótkoterminowe,current_investments,1,1,PEWNE,DOM/1AT Q1 2026,
,AKT_OBR,Krótkoterminowe aktywa finansowe,current_investments,1,1,PEWNE,DOM/1AT Q1 2026,
,AKT_OBR,"Należności z tytułu dostaw, robót i usług oraz inne należności krótkoterminowe",current_receivables,1,1,PEWNE,DOM/1AT Q1 2026,
,AKT_OBR,Aktywa obrotowe inne niż aktywa trwałe lub grupy do zbycia zaklasyfikowane jako przeznaczone do sprzedaży lub do wydania właścicielom,POMIN,1,1,PEWNE,DOM/1AT Q1 2026,powtorzenie sumy aktywow obrotowych
,AKT_OBR,- w tym środki na rachunkach powierniczych,POMIN,1,1,PEWNE,DOM/1AT Q1 2026,pozycja 'w tym'
,KAPITAL,Kapitał zakładowy,share_capital,1,1,PEWNE,DOM/1AT Q1 2026,
,KAPITAL,Nadwyżka ze sprzedaży akcji powyżej ich wartości nominalnej,reserve,1,1,PEWNE,DOM/1AT Q1 2026,
,KAPITAL,Pozostałe kapitały (kapitał zapasowy),reserve,1,1,PEWNE,DOM/1AT Q1 2026,
,KAPITAL,Kapitały rezerwowe i zapasowe,reserve,1,1,PEWNE,DOM/1AT Q1 2026,
,KAPITAL,Kapitał rezerwowy z wyceny zabezpieczeń przepływów pieniężnych,kapitaly_pozostale_nierozdzielone,1,1,PEWNE,DOM/1AT Q1 2026,
,KAPITAL,Kapitał rezerwowy z obniżenia kapitału akcyjnego,kapitaly_pozostale_nierozdzielone,1,1,PEWNE,DOM/1AT Q1 2026,
,KAPITAL,Kapitał własny przypadający na akcjonariuszy jednostki dominującej,POMIN,1,1,PEWNE,DOM/1AT Q1 2026,
,KAPITAL,Kapitał własny przypadający na akcjonariuszy / udziałowców jednostki dominującej,POMIN,1,1,PEWNE,DOM/1AT Q1 2026,
,KAPITAL,Udziały niekontrolujące,nonshare_capital,1,1,PEWNE,DOM/1AT Q1 2026,
,PASYWA,ZOBOWIĄZANIA,POMIN,1,1,PEWNE,DOM/1AT Q1 2026,suma zobowiazan - standard RAP nie ma takiego klucza
,ZOB_DL,Kredyty – część długoterminowa,noncurrent_borrowings,1,1,PEWNE,DOM/1AT Q1 2026,
,ZOB_DL,Obligacje – część długoterminowa,noncurrent_obligations,1,1,PEWNE,DOM/1AT Q1 2026,
,ZOB_DL,Rezerwa z tytułu podatku odroczonego,noncurrent_other_liabilities,1,1,PEWNE,DOM/1AT Q1 2026,
,ZOB_DL,Rezerwa z tytułu odroczonego podatku dochodowego,noncurrent_other_liabilities,1,1,PEWNE,DOM/1AT Q1 2026,
,ZOB_DL,Zobowiązania z tytułu leasingu - część długoterminowa,noncurrent_leasing,1,1,PEWNE,DOM/1AT Q1 2026,
,ZOB_DL,Pozostałe zobowiązania długoterminowe,noncurrent_other_liabilities,1,1,PEWNE,DOM/1AT Q1 2026,
,ZOB_DL,Długoterminowe kredyty bankowe i pożyczki,noncurrent_borrowings,1,1,PEWNE,DOM/1AT Q1 2026,
,ZOB_DL,Leasing,noncurrent_leasing,1,1,PEWNE,DOM/1AT Q1 2026,
,ZOB_DL,Pozostałe długoterminowe zobowiązania finansowe,noncurrent_obligations,1,1,PEWNE,DOM/1AT Q1 2026,
,ZOB_DL,"Zobowiązania z tytułu dostaw, robót i usług oraz inne zobowiązania długoterminowe",noncurrent_trade_payables,1,1,PEWNE,DOM/1AT Q1 2026,
,ZOB_DL,Otrzymane zaliczki na dostawy,noncurrent_other_liabilities,1,1,PEWNE,DOM/1AT Q1 2026,zaliczki na mieszkania - specyfika deweloperow
,ZOB_DL,Rezerwy,POMIN,1,1,PEWNE,DOM/1AT Q1 2026,rozbicie pozycji 'Rezerwy dlugoterminowe'
,ZOB_KR,"Zobowiązania z tytułu dostaw, usług i podatków oraz pozostałe zobowiązania",current_trade_payables,1,1,PEWNE,DOM/1AT Q1 2026,
,ZOB_KR,Kredyty – część krótkoterminowa,current_borrowings,1,1,PEWNE,DOM/1AT Q1 2026,
,ZOB_KR,Obligacje – część krótkoterminowa,current_obligations,1,1,PEWNE,DOM/1AT Q1 2026,
,ZOB_KR,Zobowiązania z tytułu odsetek od kredytów i obligacji,current_other_liabilities,1,1,PEWNE,DOM/1AT Q1 2026,
,ZOB_KR,Zobowiązania z tytułu leasingu - część krótkoterminowa,current_leasing,1,1,PEWNE,DOM/1AT Q1 2026,
,ZOB_KR,Zobowiązania z tytułu podatku dochodowego od osób prawnych,current_other_liabilities,1,1,PEWNE,DOM/1AT Q1 2026,
,ZOB_KR,Przychody przyszłych okresów,current_other_liabilities,1,1,PEWNE,DOM/1AT Q1 2026,zaliczki na mieszkania - specyfika deweloperow
,ZOB_KR,"Zobowiązania krótkoterminowe inne niż zobowiązania wchodzące w skład grup przeznaczonych do sprzedaży, zaklasyfikowanych jako utrzymywane z przeznaczeniem do sprzedaży",POMIN,1,1,PEWNE,DOM/1AT Q1 2026,powtorzenie sumy
,ZOB_KR,Rezerwy bieżące,current_other_liabilities,1,1,PEWNE,DOM/1AT Q1 2026,
,ZOB_KR,Inne rezerwy,POMIN,1,1,PEWNE,DOM/1AT Q1 2026,rozbicie pozycji 'Rezerwy biezace'
,ZOB_KR,Rezerwy bieżące z tytułu świadczeń pracowniczych,POMIN,1,1,PEWNE,DOM/1AT Q1 2026,rozbicie pozycji 'Rezerwy biezace'
,ZOB_KR,Krótkoterminowe kredyty bankowe i pożyczki,current_borrowings,1,1,PEWNE,DOM/1AT Q1 2026,
,ZOB_KR,Leasing krótkoterminowy,current_leasing,1,1,PEWNE,DOM/1AT Q1 2026,
,ZOB_KR,Pozostałe krótkoterminowe zobowiązania finansowe,current_obligations,1,1,PEWNE,DOM/1AT Q1 2026,
,ZOB_KR,"Zobowiązania z tytułu dostaw, robót i usług oraz inne zobowiązania krótkoterminowe",current_trade_payables,1,1,PEWNE,DOM/1AT Q1 2026,
,ZOB_KR,Otrzymane zaliczki na dostawy,current_other_liabilities,1,1,PEWNE,DOM/1AT Q1 2026,zaliczki na mieszkania - specyfika deweloperow
DOM,RZIS,Udziały w wyniku finansowym jednostek wycenianych metodą praw własności,other_operating_income,1,1,PEWNE,DOM/1AT Q1 2026,Dom Development pokazuje te pozycje POWYZEJ zysku operacyjnego
DOM,RZIS,Zysk brutto,before_tax_profit,1,1,PEWNE,DOM/1AT Q1 2026,globalny alias 'ZYSK BRUTTO' prowadzi do klucza bankowego
DOM,RZIS,Zysk brutto,net_gross_profit,1,1,PEWNE,DOM/1AT Q1 2026,
1AT,RZIS,"Koszty sprzedanych produktów, towarów i materiałów",cost_of_sales,1,1,PEWNE,DOM/1AT Q1 2026,ATAL podaje koszty bez minusa
1AT,RZIS,Koszty sprzedaży,distribution_expenses,1,1,PEWNE,DOM/1AT Q1 2026,ATAL podaje koszty bez minusa
1AT,RZIS,Koszty ogólnego zarządu,administrative_expenses,1,1,PEWNE,DOM/1AT Q1 2026,ATAL podaje koszty bez minusa
1AT,RZIS,Pozostałe koszty operacyjne,other_operating_costs,1,1,PEWNE,DOM/1AT Q1 2026,ATAL podaje koszty bez minusa
1AT,RZIS,Koszty finansowe,finance_costs,1,1,PEWNE,DOM/1AT Q1 2026,ATAL podaje koszty bez minusa
1AT,ZOB_DL,Rezerwy z tytułu świadczeń pracowniczych,POMIN,1,1,PEWNE,DOM/1AT Q1 2026,rozbicie pozycji 'Rezerwy dlugoterminowe'
DOM,CF_FIN,Zwiększenie/(zmniejszenie) netto stanu środków pieniężnych i ich ekwiwalentów,net_cashflow,1,1,PEWNE,DOM/1AT Q1 2026,"globalny alias (z Forte) daje tu POMIN, bo Forte ma osobna linie 'przed skutkami zmian kursow'"
,RZIS_CD,Pozycje nie przenoszone do wyniku finansowego,POMIN,1,1,PEWNE,WLT Q1 2026,blok pozostalych dochodow calkowitych i wskazniki
,RZIS_CD,Przeszacowanie rzeczowych aktywów trwałych,POMIN,1,1,PEWNE,WLT Q1 2026,blok pozostalych dochodow calkowitych i wskazniki
,RZIS_CD,"Podatek dochodowy od innych całkowitych dochodów, które nie zostaną przeniesione w późniejszych okresach",POMIN,1,1,PEWNE,WLT Q1 2026,blok pozostalych dochodow calkowitych i wskazniki
,RZIS_CD,Pozycje przenoszone do wyniku finansowego,POMIN,1,1,PEWNE,WLT Q1 2026,blok pozostalych dochodow calkowitych i wskazniki
,RZIS_CD,Instrumenty zabezpieczające przepływy pieniężne,POMIN,1,1,PEWNE,WLT Q1 2026,blok pozostalych dochodow calkowitych i wskazniki
,RZIS_CD,Instrumenty zabezpieczające przepływy pieniężne - zyski (straty) ujęte w okresie w innych dochodach całkowitych,POMIN,1,1,PEWNE,WLT Q1 2026,blok pozostalych dochodow calkowitych i wskazniki
,RZIS_CD,Instrumenty zabezpieczające przepływy pieniężne - kwoty przeniesione do wyniku finansowego,POMIN,1,1,PEWNE,WLT Q1 2026,blok pozostalych dochodow calkowitych i wskazniki
,RZIS_CD,Instrumenty zabezpieczające przepływy pieniężne - kwoty ujęte w wartości początkowej pozycji zabezpieczanych,POMIN,1,1,PEWNE,WLT Q1 2026,blok pozostalych dochodow calkowitych i wskazniki
,RZIS_CD,Różnice kursowe z przeliczenia jednostek zagranicznych,POMIN,1,1,PEWNE,WLT Q1 2026,blok pozostalych dochodow calkowitych i wskazniki
,RZIS_CD,Różnice kursowe z przeliczenia jednostek zagranicznych - zyski (straty) ujęte w okresie w innych dochodach całkowitych,POMIN,1,1,PEWNE,WLT Q1 2026,blok pozostalych dochodow calkowitych i wskazniki
,RZIS_CD,Różnice kursowe z przeliczenia jednostek zagranicznych - kwoty przeniesione do wyniku – sprzedaż jednostek zagranicznych / zmiana metody konsolidacji,POMIN,1,1,PEWNE,WLT Q1 2026,blok pozostalych dochodow calkowitych i wskazniki
,RZIS_CD,Udziały w innych dochodach całkowitych jednostek wycenianych metodą praw własności,POMIN,1,1,PEWNE,WLT Q1 2026,blok pozostalych dochodow calkowitych i wskazniki
,RZIS_CD,Pozostałe całkowite dochody przed opodatkowaniem,POMIN,1,1,PEWNE,WLT Q1 2026,blok pozostalych dochodow calkowitych i wskazniki
,RZIS_CD,"Podatek dochodowy od innych całkowitych dochodów, które mogą być przeniesione do wyniku",POMIN,1,1,PEWNE,WLT Q1 2026,blok pozostalych dochodow calkowitych i wskazniki
,RZIS_CD,Pozostałe całkowite dochody po opodatkowaniu,POMIN,1,1,PEWNE,WLT Q1 2026,blok pozostalych dochodow calkowitych i wskazniki
,RZIS_CD,Całkowite dochody razem,POMIN,1,1,PEWNE,WLT Q1 2026,blok pozostalych dochodow calkowitych i wskazniki
,RZIS_CD,Całkowite dochody przypadające: - akcjonariuszom jednostki dominującej,POMIN,1,1,PEWNE,WLT Q1 2026,blok pozostalych dochodow calkowitych i wskazniki
,RZIS_CD,Całkowite dochody przypadające: - akcjonariuszom niekontrolującym,POMIN,1,1,PEWNE,WLT Q1 2026,blok pozostalych dochodow calkowitych i wskazniki
,RZIS_CD,Podstawowy zysk na akcję z działalności kontynuowanej,POMIN,1,1,PEWNE,WLT Q1 2026,blok pozostalych dochodow calkowitych i wskazniki
,RZIS_CD,Podstawowy zysk na akcję z działalności zaniechanej,POMIN,1,1,PEWNE,WLT Q1 2026,blok pozostalych dochodow calkowitych i wskazniki
,RZIS_CD,Rozwodniony zysk na akcję z działalności kontynuowanej,POMIN,1,1,PEWNE,WLT Q1 2026,blok pozostalych dochodow calkowitych i wskazniki
,RZIS_CD,Rozwodniony zysk na akcję z działalności zaniechanej,POMIN,1,1,PEWNE,WLT Q1 2026,blok pozostalych dochodow calkowitych i wskazniki
,RZIS_CD,EBITDA,POMIN,1,1,PEWNE,WLT Q1 2026,blok pozostalych dochodow calkowitych i wskazniki
,RZIS_CD,Średnia ważona liczba akcji zwykłych,POMIN,1,1,PEWNE,WLT Q1 2026,blok pozostalych dochodow calkowitych i wskazniki
,RZIS_CD,Średnia ważona rozwodniona liczba akcji zwykłych,POMIN,1,1,PEWNE,WLT Q1 2026,blok pozostalych dochodow calkowitych i wskazniki
,RZIS,Działalność kontynuowana,POMIN,1,1,PEWNE,WLT Q1 2026,naglowek bloku
,RZIS,Działalność zaniechana,POMIN,1,1,PEWNE,WLT Q1 2026,naglowek bloku
,RZIS,Zysk na okazijnym nabyciu jednostki zależnej,other_operating_income,1,1,PEWNE,WLT Q1 2026,literowka w raporcie Wieltona
,RZIS,Zysk (strata) netto przypadający: - akcjonariuszom jednostki dominującej,shareholder_net_profit,1,1,PEWNE,WLT Q1 2026,
,CF,Amortyzacja i odpisy aktualizujące aktywa trwałe i wartości niematerialne i prawne,amortization,1,1,PEWNE,WLT Q1 2026,
,CF,Zmiana wartości godziwej aktywów (zobowiązań) finansowych wycenianych w wartości godziwej przez wynik,POMIN,1,1,PEWNE,WLT Q1 2026,
,CF,Instrumenty zabezpieczające przepływy środków pieniężnych przeniesione z kapitału,POMIN,1,1,PEWNE,WLT Q1 2026,
,CF,Zysk (strata) ze sprzedaży aktywów trwałych,POMIN,1,1,PEWNE,WLT Q1 2026,
,CF,Koszty odsetek,POMIN,1,1,PEWNE,WLT Q1 2026,
,CF,Przychody z odsetek,POMIN,1,1,PEWNE,WLT Q1 2026,
,CF,Przepływy pieniężne z działalności,POMIN,1,1,PEWNE,WLT Q1 2026,suma posrednia przed podatkiem
,CF,Wpływy (wydatki) z rozliczenia instrumentów pochodnych,POMIN,1,1,PEWNE,WLT Q1 2026,
,CF,Zapłacone odsetki z działalności operacyjnej,POMIN,1,1,PEWNE,WLT Q1 2026,
,CF_INW,Wpływy ze sprzedaży rzeczowych aktywów trwałych,POMIN,1,1,PEWNE,WLT Q1 2026,
,CF_INW,Wydatki netto na nabycie jednostek zależnych,outflows_for_acquisitions,-1,1,PEWNE,WLT Q1 2026,
,CF_INW,Otrzymane spłaty pożyczek udzielonych,POMIN,1,1,PEWNE,WLT Q1 2026,
,CF_INW,Pożyczki udzielone,POMIN,1,1,PEWNE,WLT Q1 2026,
,CF_INW,Wydatki na nabycie pozostałych aktywów finansowych,POMIN,1,1,PEWNE,WLT Q1 2026,
,CF_INW,Wpływy ze sprzedaży pozostałych aktywów finansowych,POMIN,1,1,PEWNE,WLT Q1 2026,
,CF_INW,Wpływy z otrzymanych dotacji,POMIN,1,1,PEWNE,WLT Q1 2026,
,CF_FIN,Wpływy z tytułu emisji akcji,share_capital_cash,1,1,PEWNE,WLT Q1 2026,
,CF_FIN,Spłata zobowiązań z tytułu leasingu finansowego,lease_liab_payments,-1,1,PEWNE,WLT Q1 2026,
,CF_FIN,Dywidendy wypłacone,dividend,-1,1,PEWNE,WLT Q1 2026,
,CF_FIN,Inne wpływy (wydatki),POMIN,1,1,PEWNE,WLT Q1 2026,
,CF_FIN,Zmiana netto stanu środków pieniężnych i ich ekwiwalentów bez różnic kursowych,net_cashflow,1,1,PEWNE,WLT Q1 2026,
,CF_FIN,Zmiana stanu środków pieniężnych i ich ekwiwalentów z tytułu różnic kursowych,POMIN,1,1,PEWNE,WLT Q1 2026,
,AKT_TRW,Pozostałe długoterminowe aktywa finansowe,noncurrent_investments,1,1,PEWNE,WLT Q1 2026,
,AKT_OBR,Aktywa obrotowe bez aktywów przeznaczonych do sprzedaży,POMIN,1,1,PEWNE,WLT Q1 2026,suma czesciowa
,AKT_OBR,Aktywa zaklasyfikowane jako przeznaczone do sprzedaży,POMIN,1,1,PEWNE,WLT Q1 2026,u Wieltona wchodzi juz do sumy aktywow obrotowych - osobny klucz assets_for_sale liczylby sie dwa razy
,KAPITAL,Kapitał ze sprzedaży akcji powyżej ich wartości nominalnej,reserve,1,1,PEWNE,WLT Q1 2026,
,KAPITAL,- zysk (strata) z lat ubiegłych,retained_earnings,1,1,PEWNE,WLT Q1 2026,
,KAPITAL,- zysk (strata) netto przypadający akcjonariuszom jednostki dominującej,year_profit,1,1,PEWNE,WLT Q1 2026,
,ZOB_DL,"Kredyty, pożyczki, inne instrumenty dłużne",noncurrent_borrowings,1,1,PEWNE,WLT Q1 2026,
,ZOB_DL,Zobowiązania z tytułu dostaw i usług oraz pozostałe zobowiązania,noncurrent_trade_payables,1,1,PEWNE,WLT Q1 2026,
,ZOB_KR,"Kredyty, pożyczki, inne instrumenty dłużne",current_borrowings,1,1,PEWNE,WLT Q1 2026,
,ZOB_KR,Leasing,current_leasing,1,1,PEWNE,WLT Q1 2026,
,ZOB_KR,Zobowiązania krótkoterminowe bez związanych z aktywami przeznaczonymi do sprzedaży,POMIN,1,1,PEWNE,WLT Q1 2026,suma czesciowa
,ZOB_KR,Zobowiązania związane z aktywami przeznaczonymi do sprzedaży,POMIN,1,1,PEWNE,WLT Q1 2026,
WLT,RZIS,Koszt własny sprzedaży,cost_of_sales,1,1,PEWNE,WLT Q1 2026,Wielton podaje koszty bez minusa
WLT,RZIS,Koszty sprzedaży,distribution_expenses,1,1,PEWNE,WLT Q1 2026,Wielton podaje koszty bez minusa
WLT,RZIS,Koszty ogólnego zarządu,administrative_expenses,1,1,PEWNE,WLT Q1 2026,Wielton podaje koszty bez minusa
WLT,RZIS,Pozostałe koszty operacyjne,other_operating_costs,1,1,PEWNE,WLT Q1 2026,Wielton podaje koszty bez minusa
WLT,RZIS,Koszty finansowe,finance_costs,1,1,PEWNE,WLT Q1 2026,Wielton podaje koszty bez minusa
WLT,RZIS,Zysk (strata) netto,POMIN,1,1,PEWNE,WLT Q1 2026,rowne zyskowi z dzialalnosci kontynuowanej - inaczej dwa razy
WLT,KAPITAL,Zyski zatrzymane:,POMIN,1,1,PEWNE,WLT Q1 2026,naglowek nad 'z lat ubieglych' i 'netto' - inaczej dwa razy
WLT,CF_FIN,Zmiana netto stanu środków pieniężnych i ich ekwiwalentów,POMIN,1,1,PEWNE,WLT Q1 2026,"standard bierze linie 'bez roznic kursowych' (-46), nie te po roznicach (-40)"
,RZIS,Przychody ze sprzedaży produktów,POMIN,1,1,PEWNE,VGO Q1 2026,rozbicie przychodow ogolem
,RZIS,Przychody ze sprzedaży usług,POMIN,1,1,PEWNE,VGO Q1 2026,rozbicie przychodow ogolem
,RZIS,Przychody ze sprzedaży towarów i materiałów,POMIN,1,1,PEWNE,VGO Q1 2026,rozbicie przychodow ogolem
,RZIS,Zysk (strata) brutto na sprzedaży,POMIN,1,1,PEWNE,VGO Q1 2026,standardowy gross_profit liczy sie regula
,RZIS,- koszty prac badawczych,POMIN,1,1,PEWNE,VGO Q1 2026,pozycja 'w tym' wewnatrz kosztow zarzadu
,RZIS,Zysk (strata) na działalności operacyjnej,ebit,1,1,PEWNE,VGO Q1 2026,
,RZIS,Zysk/Strata z wyceny udziałów metodą praw własności,other_income,1,1,PEWNE,VGO Q1 2026,"wchodzi ponizej EBIT, przed wynikiem brutto"
,RZIS,Podatek dochodowy bieżący,POMIN,1,1,PEWNE,VGO Q1 2026,rozbicie podatku
,RZIS,Odroczony podatek dochodowy,POMIN,1,1,PEWNE,VGO Q1 2026,rozbicie podatku
,RZIS_CD,Składniki innych całkowitych dochodów:,POMIN,1,1,PEWNE,VGO Q1 2026,
,RZIS_CD,"Pozycje, które nie będą przekwalifikowane do rachunku zysków i strat w kolejnych okresach",POMIN,1,1,PEWNE,VGO Q1 2026,
,RZIS_CD,Zyski (straty) aktuarialne z programów określonych świadczeń,POMIN,1,1,PEWNE,VGO Q1 2026,
,RZIS_CD,"Pozycje, które mogą zostać przeniesione w późniejszych okresach do rachunku zysków i strat",POMIN,1,1,PEWNE,VGO Q1 2026,
,RZIS_CD,Suma dochodów całkowitych,POMIN,1,1,PEWNE,VGO Q1 2026,
,RZIS_CD,Zysk (strata) netto na jedną akcję (w zł),POMIN,1,1,PEWNE,VGO Q1 2026,
,RZIS_CD,Podstawowy za okres obrotowy,POMIN,1,1,PEWNE,VGO Q1 2026,
,RZIS_CD,Rozwodniony za okres obrotowy,POMIN,1,1,PEWNE,VGO Q1 2026,
,CF,Podatek dochodowy,POMIN,1,1,PEWNE,VGO Q1 2026,korekta w CF
,CF,Zysk / Strata netto,POMIN,1,1,PEWNE,VGO Q1 2026,
,CF,Odsetki i udziały w zyskach (dywidendy),POMIN,1,1,PEWNE,VGO Q1 2026,korekta w CF
,CF,Zmiana stanu przedpłat,POMIN,1,1,PEWNE,VGO Q1 2026,
,CF,Zmiana stanu rozliczeń międzyokresowych i należności z tytułu dotacji,change_in_other_assets,1,1,PEWNE,VGO Q1 2026,
,CF,Wynik jednostek ujmowanych metodą praw własności,POMIN,1,1,PEWNE,VGO Q1 2026,korekta w CF
,CF,Gotówka z działalności operacyjnej,POMIN,1,1,PEWNE,VGO Q1 2026,suma posrednia przed podatkiem
,CF,A. Przepływy pieniężne netto z działalności operacyjnej,operating_cashflow,1,1,PEWNE,VGO Q1 2026,
,CF_INW,Wpływy,POMIN,1,1,PEWNE,VGO Q1 2026,naglowek podbloku
,CF_INW,Wydatki,POMIN,1,1,PEWNE,VGO Q1 2026,naglowek podbloku
,CF_INW,Otrzymane dofinansowania,POMIN,1,1,PEWNE,VGO Q1 2026,
,CF_INW,Wpływy z tytułu sprzedaży środków trwałych,POMIN,1,1,PEWNE,VGO Q1 2026,
,CF_INW,Wpływy z tytułu udzielonych pożyczek,POMIN,1,1,PEWNE,VGO Q1 2026,
,CF_INW,Odsetki otrzymane od udzielonych pożyczek,proceed_bank_loans,1,1,PEWNE,VGO Q1 2026,
,CF_INW,Nabycie zorganizowanej części przedsiębiorstwa,outflows_for_acquisitions,-1,1,PEWNE,VGO Q1 2026,
,CF_INW,Nakłady na niezakończone prace rozwojowe,capex,-1,1,PEWNE,VGO Q1 2026,prace rozwojowe to u Vigo naklad inwestycyjny - standard liczy je do capex
,CF_INW,Nakłady na inne aktywa finansowe,POMIN,1,1,PEWNE,VGO Q1 2026,
,CF_INW,B. Przepływy pieniężne netto z działalności inwestycyjnej,investing_cashflow,1,1,PEWNE,VGO Q1 2026,
,CF_FIN,Wpływy,POMIN,1,1,PEWNE,VGO Q1 2026,naglowek podbloku
,CF_FIN,Wydatki,POMIN,1,1,PEWNE,VGO Q1 2026,naglowek podbloku
,CF_FIN,Kredyty i pożyczki,POMIN,1,1,PEWNE,VGO Q1 2026,standard nie ma klucza na wplywy z kredytow
,CF_FIN,Wpływy z emisji,share_capital_cash,1,1,PEWNE,VGO Q1 2026,
,CF_FIN,Odsetki otrzymane,proceed_bank_loans,1,1,PEWNE,VGO Q1 2026,
,CF_FIN,Odsetki,repaid_bank_loans,-1,1,PEWNE,VGO Q1 2026,
,CF_FIN,Opłaty z tytułu leasingu,lease_liab_payments,-1,1,PEWNE,VGO Q1 2026,
,CF_FIN,C. Przepływy pieniężne netto z działalności finansowej,financing_cashflow,1,1,PEWNE,VGO Q1 2026,
,CF_FIN,D. Przepływy pieniężne netto razem,net_cashflow,1,1,PEWNE,VGO Q1 2026,
,CF_FIN,E. Bilansowa zmiana stanu środków pieniężnych,POMIN,1,1,PEWNE,VGO Q1 2026,"standard bierze linie D, przed roznicami kursowymi"
,CF_FIN,- zmiana stanu środków pieniężnych z tytułu różnic kursowych,POMIN,1,1,PEWNE,VGO Q1 2026,
,CF_FIN,G. Środki pieniężne na koniec okresu,POMIN,1,1,PEWNE,VGO Q1 2026,
,AKT_TRW,Prawo do użytkowania,property,1,1,PEWNE,VGO Q1 2026,standard trzyma prawo do uzytkowania W rzeczowych aktywach
,AKT_TRW,Prawo do użytkowania,right_to_use_assets,1,1,PEWNE,VGO Q1 2026,i dodatkowo jako pozycja informacyjna
,AKT_TRW,Nakłady na projekty rozwojowe,other_intangible_assets,1,1,PEWNE,VGO Q1 2026,
,AKT_TRW,Inwestycje w jednostkach współkontrolowanych,noncurrent_investments,1,1,PEWNE,VGO Q1 2026,
,AKT_TRW,Rozliczenia międzyokresowe,other_noncurrent_assets,1,1,PEWNE,VGO Q1 2026,
,AKT_OBR,Pozostałe należności,current_receivables,1,1,PEWNE,VGO Q1 2026,
,AKT_OBR,Należności z tytułu dotacji,current_receivables,1,1,PEWNE,VGO Q1 2026,
,AKT_OBR,Należności z tytułu wpłat na kapitał zakładowy,current_receivables,1,1,PEWNE,VGO Q1 2026,
,AKT_OBR,Pozostałe należności finansowe,current_receivables,1,1,PEWNE,VGO Q1 2026,
,AKT_OBR,Rozliczenia międzyokresowe,other_current_assets,1,1,PEWNE,VGO Q1 2026,
,KAPITAL,Kapitał zapasowy z emisji akcji powyżej wartości nominalnej,reserve,1,1,PEWNE,VGO Q1 2026,
,KAPITAL,Różnice z przeszacowania,kapitaly_pozostale_nierozdzielone,1,1,PEWNE,VGO Q1 2026,
,ZOB_DL,Kredyty i pożyczki,noncurrent_borrowings,1,1,PEWNE,VGO Q1 2026,
,ZOB_KR,Zobowiązania handlowe i inne,current_trade_payables,1,1,PEWNE,VGO Q1 2026,
VGO,RZIS,"Koszty sprzedanych produktów, towarów i materiałów",cost_of_sales,1,1,PEWNE,VGO Q1 2026,Vigo podaje koszty bez minusa
VGO,RZIS,Koszty sprzedaży,distribution_expenses,1,1,PEWNE,VGO Q1 2026,Vigo podaje koszty bez minusa
VGO,RZIS,"Koszty ogólnego zarządu, w tym:",administrative_expenses,1,1,PEWNE,VGO Q1 2026,Vigo podaje koszty bez minusa
VGO,RZIS,Pozostałe koszty operacyjne,other_operating_costs,1,1,PEWNE,VGO Q1 2026,Vigo podaje koszty bez minusa
VGO,RZIS,Koszty finansowe,finance_costs,1,1,PEWNE,VGO Q1 2026,Vigo podaje koszty bez minusa
VGO,RZIS,Zysk (strata) netto,POMIN,1,1,PEWNE,VGO Q1 2026,rowne zyskowi z dzialalnosci kontynuowanej - inaczej dwa razy
VGO,KAPITAL,Pozostałe kapitały,retained_earnings,1,1,PEWNE,VGO Q1 2026,"u Vigo to zyski zatrzymane, nie kapitaly rezerwowe"
VGO,KAPITAL,Kapitał z aktualizacji wyceny,kapitaly_pozostale_nierozdzielone,1,1,PEWNE,VGO Q1 2026,
,RZIS,Koszt sprzedanych towarów,cost_of_sales,-1,1,PEWNE,TOA Q1 2026,
,RZIS,Zysk netto za okres przypadający na: Akcjonariuszy Spółki,shareholder_net_profit,1,1,PEWNE,TOA Q1 2026,
,RZIS,Zysk netto za okres przypadający na: Udziały mniejszości,POMIN,1,1,PEWNE,TOA Q1 2026,ujete w nonshare_capital
,RZIS,Podstawowy zysk przypadający na jedną akcję w zł,POMIN,1,1,PEWNE,TOA Q1 2026,
,RZIS,Podstawowy zysk na jedną akcję - z działalności kontynuowanej,POMIN,1,1,PEWNE,TOA Q1 2026,
,RZIS,Podstawowy zysk na jedną akcję - z działalności zaniedbanej,POMIN,1,1,PEWNE,TOA Q1 2026,
,RZIS,Rozwodniony zysk przypadający na jedną akcję w zł,POMIN,1,1,PEWNE,TOA Q1 2026,
,RZIS,Rozwodniony zysk na jedną akcję - z działalności kontynuowanej,POMIN,1,1,PEWNE,TOA Q1 2026,
,RZIS,Rozwodniony zysk na jedną akcję - z działalności zaniedbanej,POMIN,1,1,PEWNE,TOA Q1 2026,
,RZIS_CD,"Inne całkowite dochody, które mogą być przeklasyfikowane do zysku lub straty",POMIN,1,1,PEWNE,TOA Q1 2026,
,RZIS_CD,Inne całkowite dochody netto,POMIN,1,1,PEWNE,TOA Q1 2026,
,RZIS_CD,Całkowite dochody netto za rok obrotowy,POMIN,1,1,PEWNE,TOA Q1 2026,
,RZIS_CD,Całkowity dochód za okres przypadający na: Akcjonariuszy jednostki dominującej,POMIN,1,1,PEWNE,TOA Q1 2026,
,RZIS_CD,Całkowity dochód za okres przypadający na: Udziałowców niekontrolujących,POMIN,1,1,PEWNE,TOA Q1 2026,
,CF,Zysk brutto przed opodatkowaniem,POMIN,1,1,PEWNE,TOA Q1 2026,punkt wyjscia metody posredniej
,CF,Zmiany w pozycjach bilansowych:,POMIN,1,1,PEWNE,TOA Q1 2026,naglowek bloku
,CF,Zmiana stanu należności z tytułu dostaw i usług oraz pozostałych należności,change_in_receivables,1,1,PEWNE,TOA Q1 2026,
,CF,Zmiana stanu zobowiązań z tyt. dostaw i usług oraz pozostałych zobowiązań,change_in_payables,1,1,PEWNE,TOA Q1 2026,
,CF,Zmiana stanu zobowiązań z tytułu świadczeń pracowniczych,change_in_payables,1,1,PEWNE,TOA Q1 2026,
,CF,Środki pieniężne z działalności,POMIN,1,1,PEWNE,TOA Q1 2026,suma posrednia przed podatkiem
,CF_INW,Wydatki inwestycyjne na rzeczowe aktywa trwałe i wartości niematerialne,capex,-1,1,PEWNE,TOA Q1 2026,
,CF_FIN,Wpływy z tytułu zaciągnięcia kredytów,POMIN,1,1,PEWNE,TOA Q1 2026,standard nie ma klucza na wplywy z kredytow
,CF_FIN,Spłata kredytów,POMIN,1,1,PEWNE,TOA Q1 2026,
,CF_FIN,Zapłacone odsetki od kredytów,repaid_bank_loans,-1,1,PEWNE,TOA Q1 2026,
,CF_FIN,Zapłacone odsetki od leasingu,repaid_bank_loans,-1,1,PEWNE,TOA Q1 2026,
,CF_FIN,"Bilansowa zmiana środków pieniężnych, w tym",POMIN,1,1,PEWNE,TOA Q1 2026,standard bierze zmiane PRZED roznicami kursowymi
,AKT_TRW,Pozostałe należności,noncurrent_receivables,1,1,PEWNE,TOA Q1 2026,
,KAPITAL,Kapitał zapasowy z nadwyżki ceny emisyjnej nad wartością nominalną akcji,reserve,1,1,PEWNE,TOA Q1 2026,
,ZOB_DL,Inne zobowiązania długoterminowe,noncurrent_other_liabilities,1,1,PEWNE,TOA Q1 2026,
,ZOB_KR,Zobowiązania z tytułu kredytów,current_borrowings,1,1,PEWNE,TOA Q1 2026,
,ZOB_KR,Rezerwy,current_other_liabilities,1,1,PEWNE,TOA Q1 2026,
TOA,RZIS,Oczekiwane straty kredytowe,other_operating_income,1,1,PEWNE,TOA Q1 2026,"POTWIERDZONE wzorcem TOA: 650 + (-161) = 489. Toya podaje te pozycje ze znakiem MINUS, wiec znak=1 (Unibep podaje ja dodatnio i ma znak=-1). Alias globalny (z Grupy Pracuj) prowadzi do cost_of_sales"
TOA,RZIS,Koszty administracyjne,administrative_expenses,-1,1,PEWNE,TOA Q1 2026,alias globalny (z Millennium) prowadzi do klucza BANKOWEGO administration_costs
TOA,KAPITAL,Kapitał rezerwowy (*),kapitaly_pozostale_nierozdzielone,1,1,PEWNE,TOA Q1 2026,u Toi kapital rezerwowy nie wchodzi do reserve - tam idzie tylko nadwyzka ceny emisyjnej
TOA,CF_FIN,Zmiana stanu środków pieniężnych netto,net_cashflow,1,1,PEWNE,TOA Q1 2026,"alias globalny (z Auto Partnera) daje POMIN, bo tam byla to linia powtorzona"
,RZIS,Przychody ze sprzedaży produktów i usług,POMIN,1,1,PEWNE,SGN Q1 2026,rozbicie przychodow - suma jest ponizej
,RZIS,Przychody netto ze sprzedaży razem,revenues,1,1,PEWNE,SGN Q1 2026,
,RZIS,Koszt wytworzenia sprzedanych produktów i usług,POMIN,1,1,PEWNE,SGN Q1 2026,rozbicie kosztu wlasnego
,RZIS,Wartość sprzedanych towarów i materiałów,POMIN,1,1,PEWNE,SGN Q1 2026,rozbicie kosztu wlasnego
,RZIS,"Koszt sprzedanych produktów, towarów i materiałów razem",cost_of_sales,-1,1,PEWNE,SGN Q1 2026,
,RZIS,Wynik na operacjach finansowych,POMIN,1,1,PEWNE,SGN Q1 2026,suma przychodow i kosztow finansowych
,RZIS,Różnice kursowe z przeliczenia jednostek zależnych,POMIN,1,1,PEWNE,SGN Q1 2026,inne calkowite dochody
,RZIS,Inne całkowite dochody podlegające przeniesieniu do rachunku zysków i strat,POMIN,1,1,PEWNE,SGN Q1 2026,
,RZIS,Całkowite dochody,POMIN,1,1,PEWNE,SGN Q1 2026,
,RZIS,Zysk netto przypadający: - Udziałowcom niekontrolującym,POMIN,1,1,PEWNE,SGN Q1 2026,ujete w nonshare_capital
,RZIS,Całkowite dochody przypadające: - Akcjonariuszom jednostki dominującej,POMIN,1,1,PEWNE,SGN Q1 2026,
,RZIS,Całkowite dochody przypadające: - Udziałowcom niekontrolującym,POMIN,1,1,PEWNE,SGN Q1 2026,
,RZIS,Podstawowy i rozwodniony zysk netto na jedną akcję (nie w tysiącach PLN),POMIN,1,1,PEWNE,SGN Q1 2026,
,CF,Udział w wyniku wspólnego przedsięwzięcia oraz odpis wartości inwestycji we wspólne przedsięwzięcie,POMIN,1,1,PEWNE,SGN Q1 2026,
,CF,Koszty odsetkowe,POMIN,1,1,PEWNE,SGN Q1 2026,korekta w CF
,CF,Strata / (zysk) z działalności inwestycyjnej,POMIN,1,1,PEWNE,SGN Q1 2026,korekta w CF
,CF,Zmiana stanu rezerw długoterminowych,POMIN,1,1,PEWNE,SGN Q1 2026,korekta w CF
,CF,Zmiana kapitału obrotowego*,POMIN,1,1,PEWNE,SGN Q1 2026,lacznie - rozbicie jest w nocie na koncu przeplywow
,CF,Podatek dochodowy otrzymany / (zapłacony),POMIN,1,1,PEWNE,SGN Q1 2026,
,CF,Przepływy środków pieniężnych z działalności operacyjnej (Razem),operating_cashflow,1,1,PEWNE,SGN Q1 2026,
,CF_INW,Wpływy ze sprzedaży rzeczowych aktywów trwałych oraz wartości niematerialnych innych niż prace rozwojowe,investing_cashflow,1,1,PEWNE,SGN Q1 2026,
,CF_INW,Nabycie rzeczowych aktywów trwałych oraz wartości niematerialnych innych niż prace rozwojowe,capex,-1,1,PEWNE,SGN Q1 2026,
,CF_INW,Nabycie rzeczowych aktywów trwałych oraz wartości niematerialnych innych niż prace rozwojowe,investing_cashflow,1,1,PEWNE,SGN Q1 2026,
,CF_INW,Wydatki z tytułu nabycia akcji i udziałów w jednostkach zależnych,outflows_for_acquisitions,-1,1,PEWNE,SGN Q1 2026,
,CF_INW,Wydatki z tytułu nabycia akcji i udziałów w jednostkach zależnych,investing_cashflow,1,1,PEWNE,SGN Q1 2026,
,CF_INW,Pożyczki spłacone / (udzielone),investing_cashflow,1,1,PEWNE,SGN Q1 2026,
,CF_FIN,Wydatki z tytułu spłaty zaciągniętych kredytów i pożyczek,POMIN,1,1,PEWNE,SGN Q1 2026,standard nie ma klucza na splate kredytow
,CF_FIN,Zakup akcji własnych,change_in_bank_loans,-1,1,PEWNE,SGN Q1 2026,klucz historycznie zle nazwany - to Skup akcji wlasnych
,CF_FIN,Przepływy pieniężne z działalności finansowej (Razem),financing_cashflow,1,1,PEWNE,SGN Q1 2026,
,CF_FIN,Różnice kursowe z przeliczenia jednostek zależnych,POMIN,1,1,PEWNE,SGN Q1 2026,
,CF_FIN,*Zmiana kapitału obrotowego,POMIN,1,1,PEWNE,SGN Q1 2026,naglowek noty na koncu przeplywow
,NOTY,Zmiana stanu rezerw,POMIN,1,1,PEWNE,SGN Q1 2026,
,NOTY,Zmiana stanu zapasów / kosztów realizacji umów z klientami,change_in_inventories,1,1,PEWNE,SGN Q1 2026,nadpisywane metoda bilansowa
,NOTY,Zmiana stanu należności / aktywów z tytułu umów z klientami,change_in_receivables,1,1,PEWNE,SGN Q1 2026,nadpisywane metoda bilansowa
,NOTY,Zmiana stanu zobowiązań**,change_in_payables,1,1,PEWNE,SGN Q1 2026,nadpisywane metoda bilansowa
,NOTY,Zmiana stanu rozliczeń międzyokresowych przychodów / zobowiązań z tytułu umów z klientami,change_in_other_assets,1,1,PEWNE,SGN Q1 2026,
,NOTY,Razem (Zmiana kapitału obrotowego),POMIN,1,1,PEWNE,SGN Q1 2026,
,AKT_TRW,Inwestycja we wspólne przedsięwzięcie,noncurrent_investments,1,1,PEWNE,SGN Q1 2026,
,AKT_TRW,Aktywa finansowe wyceniane w zamortyzowanym koszcie,other_noncurrent_assets,1,1,PEWNE,SGN Q1 2026,
,AKT_TRW,Aktywa trwałe razem (podsumowanie sekcji),noncurrent_assets,1,1,PEWNE,SGN Q1 2026,
,AKT_OBR,Koszty realizacji umów z klientami,current_receivables,1,1,PEWNE,SGN Q1 2026,u firmy softwarowej to koszty kontraktow w toku - standard traktuje je jak naleznosci
,AKT_OBR,Aktywa z tytułu umów z klientami,current_receivables,1,1,PEWNE,SGN Q1 2026,
,AKT_OBR,Środki pieniężne i depozyty krótkoterminowe,cash,1,1,PEWNE,SGN Q1 2026,
,AKT_OBR,Środki pieniężne i depozyty krótkoterminowe,current_investments,1,1,PEWNE,SGN Q1 2026,
,AKT_OBR,Aktywa sklasyfikowane jako przeznaczone do sprzedaży,assets_for_sale,1,1,PEWNE,SGN Q1 2026,u Sygnity wchodza JUZ do sumy aktywow obrotowych - klucz jest tu informacyjny
,AKT_OBR,Aktywa obrotowe razem (podsumowanie sekcji),current_assets,1,1,PEWNE,SGN Q1 2026,
,KAPITAL,Kapitał własny (przypisany akcjonariuszom jednostki dominującej),capital,1,1,PEWNE,SGN Q1 2026,
,KAPITAL,Różnice kursowe z przeliczenia jednostek zależnych,kapitaly_pozostale_nierozdzielone,1,1,PEWNE,SGN Q1 2026,
,ZOB_DL,Zobowiązania handlowe i pozostałe zobowiązania,noncurrent_other_liabilities,1,1,PEWNE,SGN Q1 2026,POTWIERDZONE wzorcem SGN: noncurrent_trade_payables zostaje 0
,ZOB_DL,Zobowiązania długoterminowe razem (podsumowanie sekcji),noncurrent_liabilities,1,1,PEWNE,SGN Q1 2026,
,ZOB_KR,Zobowiązania z tytułu obligacji,current_obligations,1,1,PEWNE,SGN Q1 2026,
,ZOB_KR,Pozostałe zobowiązania krótkoterminowe,current_other_liabilities,1,1,PEWNE,SGN Q1 2026,
,ZOB_KR,Zobowiązania z tytułu umów z klientami i rozliczenia międzyokresowe przychodów,current_other_liabilities,1,1,PEWNE,SGN Q1 2026,
,ZOB_KR,Zobowiązania krótkoterminowe razem (podsumowanie sekcji),current_liabilities,1,1,PEWNE,SGN Q1 2026,
SGN,KAPITAL,Kapitał rezerwowy,kapitaly_pozostale_nierozdzielone,1,1,PEWNE,SGN Q1 2026,u Sygnity w reserve siedzi tylko nadwyzka emisyjna i kapital zapasowy
SGN,ZOB_DL,Rezerwy,noncurrent_other_liabilities,1,1,PEWNE,SGN Q1 2026,"alias globalny (z ATAL) daje POMIN, bo tam byla to pozycja rozbijana na skladniki"
SGN,CF_INW,Przepływy pieniężne z działalności inwestycyjnej (Razem),POMIN,1,1,PEWNE,SGN Q1 2026,"W pliku ta suma ma BLEDNY ZNAK w kolumnie I 2026 (+4202 zamiast -4202), a poprawny w kolumnie porownawczej (-6864). Jeden znak nie naprawi obu, wiec suma jest odtwarzana ze skladnikow"
,RZIS,Utrata wartości aktywów finansowych,other_operating_costs,1,1,PEWNE,SEL Q1 2026,"UWAGA: wzorzec SEL tej pozycji NIE ujmuje, przez co jego wlasny EBIT nie schodzi sie o 680"
,RZIS,Udział w wynikach jednostki stowarzyszonej,other_income,1,1,PEWNE,SEL Q1 2026,
,RZIS,Wynik netto z działalności zaniechanej,discontinued_profit,1,1,PEWNE,SEL Q1 2026,
,RZIS,Zysk netto za okres,POMIN,1,1,PEWNE,SEL Q1 2026,rowne zyskowi z dzialalnosci kontynuowanej
,RZIS,– akcjonariuszom jednostki dominującej,shareholder_net_profit,1,1,PEWNE,SEL Q1 2026,
,RZIS,– udziałom niedającym kontroli,POMIN,1,1,PEWNE,SEL Q1 2026,ujete w nonshare_capital
,RZIS,– podstawowy zysk na akcję,POMIN,1,1,PEWNE,SEL Q1 2026,
,RZIS,z działalności kontynuowanej (podstawowy),POMIN,1,1,PEWNE,SEL Q1 2026,
,RZIS,z działalności zaniechanej (podstawowy),POMIN,1,1,PEWNE,SEL Q1 2026,
,RZIS,– rozwodniony zysk na akcję,POMIN,1,1,PEWNE,SEL Q1 2026,
,RZIS,z działalności kontynuowanej (rozwodniony),POMIN,1,1,PEWNE,SEL Q1 2026,
,RZIS,z działalności zaniechanej (rozwodniony),POMIN,1,1,PEWNE,SEL Q1 2026,
,RZIS,Średnia liczba akcji zwykłych,POMIN,1,1,PEWNE,SEL Q1 2026,
,CF,"Korekty w celu uzgodnienia zysku, w tym:",POMIN,1,1,PEWNE,SEL Q1 2026,naglowek bloku korekt
,CF,Udział w wyniku jednostek wycenianych metodą praw własności,POMIN,1,1,PEWNE,SEL Q1 2026,korekta w CF
,CF,Odsetki,POMIN,1,1,PEWNE,SEL Q1 2026,korekta w CF
,CF,Pozostałe,POMIN,1,1,PEWNE,SEL Q1 2026,korekta zbiorcza
,CF,Środki pieniężne netto z działalności operacyjnej przed podatkiem,POMIN,1,1,PEWNE,SEL Q1 2026,suma posrednia
,CF,"Bilansowa zmiana środków pieniężnych, w tym:",net_cashflow,1,1,PEWNE,SEL Q1 2026,Selena nie podaje zmiany PRZED roznicami kursowymi - odejmujemy je wierszem nizej
,CF,Różnice kursowe netto,net_cashflow,-1,1,PEWNE,SEL Q1 2026,zdejmuje roznice kursowe z bilansowej zmiany srodkow
,CF_INW,Płatności z tytułu nabycia rzeczowych aktywów trwałych i wartości niematerialnych,capex,-1,1,PEWNE,SEL Q1 2026,
,CF_INW,Wpływy ze sprzedaży rzeczowych aktywów trwałych i wartości niematerialnych,POMIN,1,1,PEWNE,SEL Q1 2026,
,CF_INW,Wpływ w związku z udzieleniem pożyczek,POMIN,1,1,PEWNE,SEL Q1 2026,
,CF_INW,Otrzymane spłaty udzielonych pożyczek,POMIN,1,1,PEWNE,SEL Q1 2026,
,CF_INW,Zakup udziałów w inwestycjach rozliczanych metodą praw własności,outflows_for_acquisitions,-1,1,PEWNE,SEL Q1 2026,"UWAGA: wzorzec SEL ma tu 0, mimo ze raport pokazuje 1825"
,CF_FIN,Wpływy z tytułu zaciągnięcia pożyczek i kredytów,POMIN,1,1,PEWNE,SEL Q1 2026,standard nie ma klucza na wplywy z kredytow
,CF_FIN,Wpływy w związku ze spłatą pożyczek i kredytów,POMIN,1,1,PEWNE,SEL Q1 2026,mylaca nazwa - to WYDATEK na splate
,AKT_TRW,Inwestycje w jednostki wyceniane metodą praw własności,noncurrent_investments,1,1,PEWNE,SEL Q1 2026,
,AKT_OBR,Pozostałe krótkoterminowe aktywa niefinansowe,other_current_assets,1,1,PEWNE,SEL Q1 2026,
,AKT_OBR,Należności handlowe oraz pozostałe,current_receivables,1,1,PEWNE,SEL Q1 2026,
,AKT_OBR,Należności z tytułu podatku dochodowego od osób prawnych,current_receivables,1,1,PEWNE,SEL Q1 2026,
,KAPITAL,Różnice kursowe z przeliczenia jednostki zagranicznej,kapitaly_pozostale_nierozdzielone,1,1,PEWNE,SEL Q1 2026,
,KAPITAL,Kapitał własny przypadający udziałom niedającym kontroli,nonshare_capital,1,1,PEWNE,SEL Q1 2026,
,ZOB_DL,Długoterminowa część kredytów bankowych i pożyczek,noncurrent_borrowings,1,1,PEWNE,SEL Q1 2026,
,ZOB_DL,Długoterminowe zobowiązania z tytułu leasingu,noncurrent_leasing,1,1,PEWNE,SEL Q1 2026,
,ZOB_DL,Zobowiązanie z tytułu odroczonego podatku dochodowego,noncurrent_other_liabilities,1,1,PEWNE,SEL Q1 2026,
,ZOB_DL,Pozostałe długoterminowe zobowiązania niefinansowe,noncurrent_other_liabilities,1,1,PEWNE,SEL Q1 2026,
,ZOB_KR,Zobowiązania handlowe oraz pozostałe,current_trade_payables,1,1,PEWNE,SEL Q1 2026,
,ZOB_KR,Zobowiązania z tytułu bonusów obrotowych dla klientów,current_other_liabilities,1,1,PEWNE,SEL Q1 2026,rabaty retro dla dystrybutorow - specyfika sprzedazy przez kanal B2B
,ZOB_KR,Krótkoterminowa część kredytów bankowych i pożyczek,current_borrowings,1,1,PEWNE,SEL Q1 2026,
,ZOB_KR,Krótkoterminowe zobowiązania z tytułu leasingu,current_leasing,1,1,PEWNE,SEL Q1 2026,
,ZOB_KR,Pozostałe krótkoterminowe zobowiązania niefinansowe,current_other_liabilities,1,1,PEWNE,SEL Q1 2026,
SEL,RZIS,Koszt własny sprzedaży,cost_of_sales,1,1,PEWNE,SEL Q1 2026,Selena podaje koszty bez minusa
SEL,RZIS,Koszty sprzedaży,distribution_expenses,1,1,PEWNE,SEL Q1 2026,Selena podaje koszty bez minusa
SEL,RZIS,Koszty ogólnego zarządu,administrative_expenses,1,1,PEWNE,SEL Q1 2026,Selena podaje koszty bez minusa
SEL,RZIS,Pozostałe koszty operacyjne,other_operating_costs,1,1,PEWNE,SEL Q1 2026,Selena podaje koszty bez minusa
SEL,RZIS,Koszty finansowe,finance_costs,1,1,PEWNE,SEL Q1 2026,Selena podaje koszty bez minusa
SEL,RZIS,Zysk netto z działalności kontynuowanej,net_profit,1,1,PEWNE,SEL Q1 2026,alias globalny daje POMIN (u innych spolek to powtorzenie zysku netto); Selena nie ma osobnej linii zysku netto
SEL,ZOB_KR,Pozostałe krótkoterminowe zobowiązania finansowe,current_other_liabilities,1,1,PEWNE,SEL Q1 2026,alias globalny (z ATAL) prowadzi do current_obligations - u Seleny wzorzec trzyma to w pozostalych
SEL,RZIS,Zysk brutto,before_tax_profit,1,1,PEWNE,SEL Q1 2026,globalny alias 'ZYSK BRUTTO' prowadzi do klucza bankowego
SEL,RZIS,Zysk brutto,net_gross_profit,1,1,PEWNE,SEL Q1 2026,
,RZIS,Udział w zyskach (stratach) jednostek wycenianych metodą praw własności,other_income,1,1,PEWNE,OPN Q1 2026,
,RZIS,Zysk (strata) z działalności zaniechanej,discontinued_profit,1,1,PEWNE,OPN Q1 2026,
,RZIS,przypadający akcjonariuszom niekontrolującym,POMIN,1,1,PEWNE,OPN Q1 2026,ujete w nonshare_capital
,RZIS_CD,"Inne dochody całkowite, które zostaną przeklasyfikowane do wyniku",POMIN,1,1,PEWNE,OPN Q1 2026,
,RZIS_CD,Inne dochody całkowite przed opodatkowaniem,POMIN,1,1,PEWNE,OPN Q1 2026,
,RZIS_CD,"Podatek dochodowy dotyczący innych dochodów całkowitych, które zostaną przeklasyfikowane do wyniku",POMIN,1,1,PEWNE,OPN Q1 2026,
,RZIS_CD,Inne dochody całkowite netto,POMIN,1,1,PEWNE,OPN Q1 2026,
,RZIS_CD,"Całkowite dochody razem, w tym:",POMIN,1,1,PEWNE,OPN Q1 2026,
,RZIS_CD,przypadające na akcjonariuszy jednostki dominującej,POMIN,1,1,PEWNE,OPN Q1 2026,
,RZIS_CD,przypadające akcjonariuszom niekontrolującym,POMIN,1,1,PEWNE,OPN Q1 2026,
,RZIS_CD,Zysk (strata) na jedną akcję zwykłą,POMIN,1,1,PEWNE,OPN Q1 2026,
,RZIS_CD,Rozwodniony zysk (strata) na jedną akcję zwykłą,POMIN,1,1,PEWNE,OPN Q1 2026,
,CF,Zmiana stanu zobowiązań z tytułu dostaw i usług oraz pozostałych zobowiązań,change_in_payables,1,1,PEWNE,OPN Q1 2026,
,CF,Razem przepływy pieniężne z działalności,POMIN,1,1,PEWNE,OPN Q1 2026,suma posrednia przed podatkiem
,CF_INW,Zbycie wartości niematerialnych,POMIN,1,1,PEWNE,OPN Q1 2026,
,CF_INW,Zbycie rzeczowych aktywów trwałych,POMIN,1,1,PEWNE,OPN Q1 2026,
,CF_INW,Zbycie nieruchomości inwestycyjnych,POMIN,1,1,PEWNE,OPN Q1 2026,
,CF_INW,Zbycie udziałów w jednostkach zależnych,POMIN,1,1,PEWNE,OPN Q1 2026,
,CF_INW,Zbycie pozostałych aktywów finansowych,POMIN,1,1,PEWNE,OPN Q1 2026,
,CF_INW,Dywidendy otrzymane,POMIN,1,1,PEWNE,OPN Q1 2026,
,CF_INW,Spłata udzielonych pożyczek długoterminowych,POMIN,1,1,PEWNE,OPN Q1 2026,
,CF_INW,Spłata odsetek dotyczących działalności inwestycyjnej,proceed_bank_loans,1,1,PEWNE,OPN Q1 2026,
,CF_INW,Nabycie wartości niematerialnych,capex,-1,1,PEWNE,OPN Q1 2026,
,CF_INW,Wydatki na nieruchomości inwestycyjne,capex,-1,1,PEWNE,OPN Q1 2026,POTWIERDZONE wzorcem OPN: capex 13825 = 491 + 13036 + 298
,CF_INW,Nabycie udziałów w jednostkach zależnych,outflows_for_acquisitions,-1,1,PEWNE,OPN Q1 2026,
,CF_INW,Udzielone pożyczki długoterminowe,POMIN,1,1,PEWNE,OPN Q1 2026,
,CF_INW,Inne wpływy (wydatki) inwestycyjne,POMIN,1,1,PEWNE,OPN Q1 2026,
,CF_INW,Razem przepływy pieniężne netto z działalności inwestycyjnej,investing_cashflow,1,1,PEWNE,OPN Q1 2026,
,CF_FIN,Wpływy netto z emisji akcji,share_capital_cash,1,1,PEWNE,OPN Q1 2026,
,CF_FIN,Otrzymane kredyty i pożyczki,POMIN,1,1,PEWNE,OPN Q1 2026,standard nie ma klucza na wplywy z kredytow
,CF_FIN,Wpływy z emisji obligacji,POMIN,1,1,PEWNE,OPN Q1 2026,
,CF_FIN,Nabycie udziałów (akcji) własnych,change_in_bank_loans,-1,1,PEWNE,OPN Q1 2026,klucz historycznie zle nazwany - to Skup akcji wlasnych
,CF_FIN,Wypłacone dywidendy,dividend,-1,1,PEWNE,OPN Q1 2026,
,CF_FIN,Wykup obligacji,POMIN,1,1,PEWNE,OPN Q1 2026,
,CF_FIN,Płatności z tytułu umów leasingu finansowego,lease_liab_payments,-1,1,PEWNE,OPN Q1 2026,
,CF_FIN,Inne wpływy (wydatki) finansowe,POMIN,1,1,PEWNE,OPN Q1 2026,
,CF_FIN,Razem przepływy pieniężne netto z działalności finansowej,financing_cashflow,1,1,PEWNE,OPN Q1 2026,
,CF_FIN,Przepływy pieniężne przed zmianami z tytułu różnic kursowych,POMIN,1,1,PEWNE,OPN Q1 2026,rowne sumie ponizej
,CF_FIN,Razem przepływy pieniężne netto,net_cashflow,1,1,PEWNE,OPN Q1 2026,
,AKT_TRW,Inwestycje rozliczane zgodnie z metodą praw własności,noncurrent_investments,1,1,PEWNE,OPN Q1 2026,
,KAPITAL,Kapitał przynależny akcjonariuszom jednostki dominującej,POMIN,1,1,PEWNE,OPN Q1 2026,
,KAPITAL,Kapitał własny przynależny akcjonariuszom niekontrolującym,nonshare_capital,1,1,PEWNE,OPN Q1 2026,
,ZOB_DL,Zobowiązania finansowe długoterminowe,noncurrent_borrowings,1,1,PEWNE,OPN Q1 2026,
,ZOB_KR,Krótkoterminowe zobowiązania finansowe,current_borrowings,1,1,PEWNE,OPN Q1 2026,
,ZOB_KR,Zobowiązania krótkoterminowe bez zobowiązań dotyczących aktywów przeznaczonych do sprzedaży,POMIN,1,1,PEWNE,OPN Q1 2026,suma czesciowa
,ZOB_KR,Zobowiązania dotyczące aktywów trwałych przeznaczonych do sprzedaży,POMIN,1,1,PEWNE,OPN Q1 2026,
,PASYWA,Kapitał własny i zobowiązania,total_equity_liabilities,1,1,PEWNE,OPN Q1 2026,
OPN,RZIS,Koszt własny sprzedaży,cost_of_sales,1,1,PEWNE,OPN Q1 2026,Oponeo podaje koszty bez minusa
OPN,RZIS,Koszty sprzedaży,distribution_expenses,1,1,PEWNE,OPN Q1 2026,Oponeo podaje koszty bez minusa
OPN,RZIS,Koszty ogólnego zarządu,administrative_expenses,1,1,PEWNE,OPN Q1 2026,Oponeo podaje koszty bez minusa
OPN,RZIS,Pozostałe koszty operacyjne,other_operating_costs,1,1,PEWNE,OPN Q1 2026,Oponeo podaje koszty bez minusa
OPN,RZIS,Koszty finansowe,finance_costs,1,1,PEWNE,OPN Q1 2026,Oponeo podaje koszty bez minusa
OPN,KAPITAL,Pozostałe kapitały,reserve,1,1,PEWNE,OPN Q1 2026,POTWIERDZONE wzorcem OPN: reserve 146390 = 86037 + 60353. Alias globalny prowadzi do kapitalow pozostalych
,RZIS_CD,- z działalności kontynuowanej,POMIN,1,1,PEWNE,OPN Q1 2026,rozbicie zysku na akcje
,RZIS_CD,- z działalności zaniechanej,POMIN,1,1,PEWNE,OPN Q1 2026,rozbicie zysku na akcje
,RZIS_CD,Średnia ważona liczba akcji zwykłych (sztuki),POMIN,1,1,PEWNE,OPN Q1 2026,
,RZIS,Zysk netto za okres przypadający na: Akcjonariuszy jednostki dominującej,shareholder_net_profit,1,1,PEWNE,TOA roczny 2025,
,RZIS,Zysk netto za okres przypadający na: Udziałowców niekontrolujących,POMIN,1,1,PEWNE,TOA roczny 2025,ujete w nonshare_capital
,RZIS,Podstawowy zysk na akcję - z działalności kontynuowanej,POMIN,1,1,PEWNE,TOA roczny 2025,
,RZIS,Podstawowy zysk na akcję - z działalności zaniechanej,POMIN,1,1,PEWNE,TOA roczny 2025,
,RZIS,Rozwodniony zysk na akcję - z działalności kontynuowanej,POMIN,1,1,PEWNE,TOA roczny 2025,
,RZIS,Rozwodniony zysk na akcję - z działalności zaniechanej,POMIN,1,1,PEWNE,TOA roczny 2025,
,CF,Zysk brutto z działalności,POMIN,1,1,PEWNE,TOA roczny 2025,punkt wyjscia metody posredniej
,CF_FIN,Wydatki z tytułu skupu akcji własnych,change_in_bank_loans,-1,1,PEWNE,TOA roczny 2025,klucz historycznie zle nazwany - to Skup akcji wlasnych
,CF_FIN,Zmiana stanu środków pieniężnych przed różnicami kursowymi,net_cashflow,1,1,PEWNE,TOA roczny 2025,
,CF_FIN,Efekt przeliczenia środków pieniężnych i ich ekwiwalentów,POMIN,1,1,PEWNE,TOA roczny 2025,
,AKT_TRW,Razem aktywa trwałe,noncurrent_assets,1,1,PEWNE,TOA roczny 2025,
,AKT_OBR,Razem aktywa obrotowe,current_assets,1,1,PEWNE,TOA roczny 2025,
,KAPITAL,Kapitał zapasowy z nadwyżki ceny emisyjnej nad ceną nominalną,reserve,1,1,PEWNE,TOA roczny 2025,
,ZOB_DL,Razem zobowiązania długoterminowe,noncurrent_liabilities,1,1,PEWNE,TOA roczny 2025,
,ZOB_KR,Rezerwy pozostałe,current_other_liabilities,1,1,PEWNE,TOA roczny 2025,
,ZOB_KR,Razem zobowiązania krótkoterminowe,current_liabilities,1,1,PEWNE,TOA roczny 2025,
TOA_R,CF_FIN,Zmiana stanu środków pieniężnych netto,POMIN,1,1,PEWNE,TOA roczny 2025,W raporcie ROCZNYM ta linia jest PO roznicach kursowych (24278); standard chce przed nimi (27251). W kwartalnym ta sama nazwa oznacza wartosc PRZED roznicami - stad nadpisanie wyjatku spolki
,AKT_OBR,Aktywa przeznaczone do sprzedaży,assets_for_sale,1,1,PEWNE,WWL roczny 2025,u Wawla wchodza JUZ do sumy aktywow obrotowych - klucz informacyjny
,PASYWA,SUMA KAPITAŁU WŁASNEGO I ZOBOWIĄZAŃ,total_equity_liabilities,1,1,PEWNE,WWL roczny 2025,
,RZIS,Pozycje niepodlegające przeklasyfikowaniu do wyniku finansowego,POMIN,1,1,PEWNE,WWL roczny 2025,inne dochody calkowite
,RZIS,Zyski i straty aktuarialne z tytułu odpraw emerytalnych,POMIN,1,1,PEWNE,WWL roczny 2025,
,RZIS,Zyski i straty z tytułu wyceny długoterminowych Aktywów Finansowych,POMIN,1,1,PEWNE,WWL roczny 2025,
,RZIS,Średnia ważona liczba akcji zwykłych (w szt.),POMIN,1,1,PEWNE,WWL roczny 2025,
,RZIS,Zysk (strata) na jedną akcję zwykłą (w zł),POMIN,1,1,PEWNE,WWL roczny 2025,
,RZIS,Rozwodniony zysk na akcję jest równy wyliczonemu powyżej.,POMIN,1,1,PEWNE,WWL roczny 2025,
,RZIS,Zysk na 1 akcję - Podstawowy,POMIN,1,1,PEWNE,NEU 9M 2025,
,RZIS,Zysk na 1 akcję - Rozwodniony,POMIN,1,1,PEWNE,NEU 9M 2025,
,RZIS,EBITDA,POMIN,1,1,PEWNE,NEU 9M 2025,"wskaznik, nie pozycja sprawozdania"
,CF,Zysk/strata z tytułu niezrealizowanych różnic kursowych,POMIN,1,1,PEWNE,NEU 9M 2025,korekta w CF
,CF,Udział w zyskach/ (stratach) jednostek stowarzyszonych,POMIN,1,1,PEWNE,NEU 9M 2025,korekta w CF
,CF,Zmiana stanu należności handlowych i pozostałych należności brutto,change_in_receivables,1,1,PEWNE,NEU 9M 2025,
,CF,Zmiana stanu zobowiązań handlowych oraz innych zobowiązań operacyjnych,change_in_payables,1,1,PEWNE,NEU 9M 2025,
,CF_INW,Wydatki na nabycie udziałów/akcji w jednostkach zależnych (pomniejszone o przejęte środki pieniężne),outflows_for_acquisitions,-1,1,PEWNE,NEU 9M 2025,
,CF_INW,Wpływy ze sprzedaży udziałów w jednostkach zależnych,POMIN,1,1,PEWNE,NEU 9M 2025,
,CF_INW,Pozostałe wpływy/ (wydatki) z działalności inwestycyjnej,POMIN,1,1,PEWNE,NEU 9M 2025,
,CF_FIN,Spłata zobowiązań z tytułu prawa do użytkowania,lease_liab_payments,-1,1,PEWNE,NEU 9M 2025,
,CF_FIN,Pozostałe wpływy/ (wydatki) z działalności finansowej,POMIN,1,1,PEWNE,NEU 9M 2025,
,CF_FIN,Zmiana stanu z tytułu różnic kursowych,POMIN,1,1,PEWNE,NEU 9M 2025,
,CF_FIN,"Środki pieniężne i ich ekwiwalenty na koniec okresu, w tym:",POMIN,1,1,PEWNE,NEU 9M 2025,
,AKT_TRW,Inwestycje w jednostkach stowarzyszonych,noncurrent_investments,1,1,PEWNE,NEU 9M 2025,
,AKT_TRW,Akcje i udziały nienotowane,noncurrent_investments,1,1,PEWNE,NEU 9M 2025,
,AKT_OBR,Krótkoterminowe aktywa ubezpieczeniowe,other_current_assets,1,1,PEWNE,NEU 9M 2025,specyfika Neuki - dzialalnosc ubezpieczeniowa
,ZOB_DL,Zobowiązania warunkowe z tytułu zakupu udziałów,noncurrent_other_liabilities,1,1,PEWNE,NEU 9M 2025,
,ZOB_KR,Zobowiązania warunkowe z tytułu zakupu udziałów,current_other_liabilities,1,1,PEWNE,NEU 9M 2025,
,RZIS,Działalność operacyjna,POMIN,1,1,PEWNE,UNI roczny 2025,naglowek bloku
,RZIS,Udział w zyskach (stratach) netto jednostek podporządkowanych wycenianych metodą praw własności,other_income,1,1,PEWNE,UNI roczny 2025,
,RZIS_CD,"Inne całkowite dochody, które zostaną przekwalifikowane na zyski lub straty po spełnieniu określonych warunków:",POMIN,1,1,PEWNE,UNI roczny 2025,
,RZIS_CD,Efektywna część zmian wartości godziwej instrumentów zabezpieczających przepływ środków pieniężnych,POMIN,1,1,PEWNE,UNI roczny 2025,
,RZIS_CD,"Inne całkowite dochody, które nie zostaną przekwalifikowane na zyski lub straty:",POMIN,1,1,PEWNE,UNI roczny 2025,
,RZIS_CD,Wycena nieruchomości inwestycyjnej do wartości godziwej na moment przeklasyfikowania,POMIN,1,1,PEWNE,UNI roczny 2025,
,RZIS_CD,Inne całkowite dochody przed opodatkowaniem,POMIN,1,1,PEWNE,UNI roczny 2025,
,RZIS_CD,"Podatek dochodowy dotyczący składników, które mogą zostać przekwalifikowane w późniejszych okresach",POMIN,1,1,PEWNE,UNI roczny 2025,
,RZIS_CD,"Podatek dochodowy dotyczący składników, które nie zostaną przekwalifikowane w późniejszych okresach",POMIN,1,1,PEWNE,UNI roczny 2025,
,RZIS_CD,Inne całkowite dochody po opodatkowaniu ogółem,POMIN,1,1,PEWNE,UNI roczny 2025,
,RZIS_CD,Całkowite dochody ogółem,POMIN,1,1,PEWNE,UNI roczny 2025,
,RZIS_CD,Całkowite dochody ogółem przypadające akcjonariuszom jednostki dominującej,POMIN,1,1,PEWNE,UNI roczny 2025,
,RZIS_CD,Całkowite dochody ogółem przypadające udziałom niesprawującym kontroli,POMIN,1,1,PEWNE,UNI roczny 2025,
,RZIS,Podstawowy zysk (podstawowa strata) przypadający na jedną akcję z działalności kontynuowanej,POMIN,1,1,PEWNE,UNI roczny 2025,
,RZIS,Podstawowy zysk (podstawowa strata) przypadający na jedną akcję z działalności zaniechanej,POMIN,1,1,PEWNE,UNI roczny 2025,
,RZIS,Zysk (strata) na jedną akcję zwykłą (podstawowy),POMIN,1,1,PEWNE,UNI roczny 2025,
,RZIS,Rozwodniony zysk (rozwodniona strata) przypadający na jedną akcję z działalności zaniechanej,POMIN,1,1,PEWNE,UNI roczny 2025,
,RZIS,Rozwodniony zysk (strata) na jedną akcję zwykłą,POMIN,1,1,PEWNE,UNI roczny 2025,
,CF,"Zmiana stanu należności, w tym: aktywa kontraktowe, kaucje z tytułu umów z klientami",change_in_receivables,1,1,PEWNE,UNI roczny 2025,
,CF,"Zmiana stanu zobowiązań krótkoterminowych, z wyjątkiem zobowiązań finansowych, rezerw",change_in_payables,1,1,PEWNE,UNI roczny 2025,
,CF_INW,Pożyczki spłacone przez podmioty powiązane,POMIN,1,1,PEWNE,UNI roczny 2025,
,CF_FIN,Wpływy z tytułu sprzedaży udziałów/program motywacyjny,share_capital_cash,1,1,PEWNE,UNI roczny 2025,
,CF_FIN,- w tym: o ograniczonej możliwości dysponowania,POMIN,1,1,PEWNE,UNI roczny 2025,
,AKT_OBR,Aktywa obrotowe inne niż przeznaczone do sprzedaży lub do wydania właścicielom,POMIN,1,1,PEWNE,UNI roczny 2025,powtorzenie sumy
,ZOB_DL,Rezerwy z tytułu odroczonego podatku dochodowego,noncurrent_other_liabilities,1,1,PEWNE,UNI roczny 2025,
,ZOB_KR,Zobowiązanie krótkoterminowe inne niż związane z aktywami przeznaczonymi do sprzedaży,POMIN,1,1,PEWNE,UNI roczny 2025,powtorzenie sumy
,RZIS,Zysk na 1 akcję,POMIN,1,1,PEWNE,NEU 9M 2025 (.md),wskaznik na akcje z pliku .md
,RZIS,Podstawowy *,POMIN,1,1,PEWNE,NEU 9M 2025 (.md),wskaznik na akcje z pliku .md
,RZIS,Rozwodniony *,POMIN,1,1,PEWNE,NEU 9M 2025 (.md),wskaznik na akcje z pliku .md
,RZIS,Średnia ważona liczba akcji zwykłych **,POMIN,1,1,PEWNE,NEU 9M 2025 (.md),wskaznik na akcje z pliku .md
,RZIS,Średnia ważona rozwodniona liczba akcji zwykłych **,POMIN,1,1,PEWNE,NEU 9M 2025 (.md),wskaznik na akcje z pliku .md
OPL,RZIS,Przychody,revenues,1,1,PEWNE,Orange Polska PSr H1 2026 + kolumna biznesradar.pl 2026/Q2,
OPL,RZIS,Koszty zakupów zewnętrznych,cost_of_sales,-1,1,PEWNE,Orange Polska PSr H1 2026 + kolumna biznesradar.pl 2026/Q2,POTWIERDZONE: 3875+809+296+1076+18-82+22 = 6 014 = IncomeCostOfSales
OPL,RZIS,Koszty świadczeń pracowniczych,cost_of_sales,-1,1,PEWNE,Orange Polska PSr H1 2026 + kolumna biznesradar.pl 2026/Q2,
OPL,RZIS,Utrata wartości należności i aktywów kontraktowych,cost_of_sales,-1,1,PEWNE,Orange Polska PSr H1 2026 + kolumna biznesradar.pl 2026/Q2,"odpis kredytowy wchodzi do kosztu, tak jak u Grupy Pracuj"
OPL,RZIS,Amortyzacja i utrata wartości aktywów z tytułu prawa do użytkowania,cost_of_sales,-1,1,PEWNE,Orange Polska PSr H1 2026 + kolumna biznesradar.pl 2026/Q2,
OPL,RZIS,Amortyzacja i utrata wartości środków trwałych i wartości niematerialnych,cost_of_sales,-1,1,PEWNE,Orange Polska PSr H1 2026 + kolumna biznesradar.pl 2026/Q2,
OPL,RZIS,Zyski ze sprzedaży środków trwałych i wartości niematerialnych,cost_of_sales,-1,1,PEWNE,Orange Polska PSr H1 2026 + kolumna biznesradar.pl 2026/Q2,"zysk POMNIEJSZA koszt - w raporcie dodatni, wiec znak -1"
OPL,RZIS,Zysk ze sprzedaży Orange Energia,cost_of_sales,-1,1,PEWNE,Orange Polska PSr H1 2026 + kolumna biznesradar.pl 2026/Q2,POTWIERDZONE na 2025: bez tej pozycji cost_of_sales wyszedlby 5 860 zamiast 5 789
OPL,RZIS,Udział w zysku/(stracie) wspólnego przedsięwzięcia,cost_of_sales,-1,1,PEWNE,Orange Polska PSr H1 2026 + kolumna biznesradar.pl 2026/Q2,"Orange trzyma udzial we wspolnym przedsiewzieciu WEWNATRZ zysku operacyjnego, nie pod nim"
OPL,RZIS,Pozostałe przychody operacyjne,other_operating_income,1,1,PEWNE,Orange Polska PSr H1 2026 + kolumna biznesradar.pl 2026/Q2,
OPL,RZIS,Pozostałe koszty operacyjne,other_operating_costs,-1,1,PEWNE,Orange Polska PSr H1 2026 + kolumna biznesradar.pl 2026/Q2,
OPL,RZIS,Zysk z działalności operacyjnej,ebit,1,1,PEWNE,Orange Polska PSr H1 2026 + kolumna biznesradar.pl 2026/Q2,
OPL,RZIS,Przychody odsetkowe,finance_income,1,1,PEWNE,Orange Polska PSr H1 2026 + kolumna biznesradar.pl 2026/Q2,
OPL,RZIS,Pozostałe koszty odsetkowe i koszty finansowe,finance_costs,-1,1,PEWNE,Orange Polska PSr H1 2026 + kolumna biznesradar.pl 2026/Q2,POTWIERDZONE na 2026: IncomeFinanceCosts = 91. UWAGA: w kolumnie 2025 biznesradar wstawil tu koszty dyskonta (38) zamiast tej pozycji (104)
OPL,RZIS,Koszty odsetkowe od zobowiązań z tytułu leasingu,other_income,1,1,PEWNE,Orange Polska PSr H1 2026 + kolumna biznesradar.pl 2026/Q2,POTWIERDZONE: -71-50-5 = -126 = IncomeOtherIncome
OPL,RZIS,Koszty dyskonta,other_income,1,1,PEWNE,Orange Polska PSr H1 2026 + kolumna biznesradar.pl 2026/Q2,
OPL,RZIS,Zyski/(straty) z tytułu różnic kursowych,other_income,1,1,PEWNE,Orange Polska PSr H1 2026 + kolumna biznesradar.pl 2026/Q2,
OPL,RZIS,"Koszty finansowe, netto",POMIN,,1,PEWNE,Orange Polska PSr H1 2026 + kolumna biznesradar.pl 2026/Q2,suma bloku finansowego - skladniki mapujemy osobno
OPL,RZIS,Podatek dochodowy,POMIN,,1,PEWNE,Orange Polska PSr H1 2026 + kolumna biznesradar.pl 2026/Q2,standard nie ma klucza na podatek
OPL,RZIS,Zysk netto,net_profit,1,1,PEWNE,Orange Polska PSr H1 2026 + kolumna biznesradar.pl 2026/Q2,
OPL,RZIS,Zysk netto przypisany właścicielom Orange Polska S.A.,shareholder_net_profit,1,1,PEWNE,Orange Polska PSr H1 2026 + kolumna biznesradar.pl 2026/Q2,
OPL,RZIS,Zysk netto przypisany udziałom niedającym kontroli,POMIN,,1,PEWNE,Orange Polska PSr H1 2026 + kolumna biznesradar.pl 2026/Q2,
OPL,RZIS,Zysk na jedną akcję (w złotych) (podstawowy i rozwodniony),POMIN,,1,PEWNE,Orange Polska PSr H1 2026 + kolumna biznesradar.pl 2026/Q2,
OPL,RZIS,Średnia ważona liczba akcji (w milionach),POMIN,,1,PEWNE,Orange Polska PSr H1 2026 + kolumna biznesradar.pl 2026/Q2,"srednia wazona, nie stan na dzien bilansowy - jak przy Neuce"
OPL,RZIS_CD,Zysk netto,POMIN,,1,PEWNE,Orange Polska PSr H1 2026 + kolumna biznesradar.pl 2026/Q2,
OPL,RZIS_CD,"Pozycje, które mogą być przeniesione do wyniku Straty z wyceny instrumentów zabezpieczających przepływy pieniężne",POMIN,,1,PEWNE,Orange Polska PSr H1 2026 + kolumna biznesradar.pl 2026/Q2,naglowek sklejony z pierwsza pozycja bloku przez konwerter PDF
OPL,RZIS_CD,Zyski/(straty) z wyceny należności wycenianych w wartości godziwej przez inne całkowite dochody,POMIN,,1,PEWNE,Orange Polska PSr H1 2026 + kolumna biznesradar.pl 2026/Q2,
OPL,RZIS_CD,"Podatek dochodowy dotyczący pozycji, które mogą być przeniesione",POMIN,,1,PEWNE,Orange Polska PSr H1 2026 + kolumna biznesradar.pl 2026/Q2,
OPL,RZIS_CD,"Udział w innych całkowitych dochodach/(stratach) wspólnego przedsięwzięcia, po opodatkowaniu",POMIN,,1,PEWNE,Orange Polska PSr H1 2026 + kolumna biznesradar.pl 2026/Q2,
OPL,RZIS_CD,"Inne całkowite straty, po opodatkowaniu",POMIN,,1,PEWNE,Orange Polska PSr H1 2026 + kolumna biznesradar.pl 2026/Q2,
OPL,RZIS_CD,Całkowite dochody ogółem,POMIN,,1,PEWNE,Orange Polska PSr H1 2026 + kolumna biznesradar.pl 2026/Q2,
OPL,RZIS_CD,Całkowite dochody ogółem przypisane właścicielom Orange Polska S.A.,POMIN,,1,PEWNE,Orange Polska PSr H1 2026 + kolumna biznesradar.pl 2026/Q2,
OPL,RZIS_CD,Całkowite dochody ogółem przypisane udziałom niedającym kontroli,POMIN,,1,PEWNE,Orange Polska PSr H1 2026 + kolumna biznesradar.pl 2026/Q2,
OPL,AKT_TRW,Wartość firmy,goodwill,1,1,PEWNE,Orange Polska PSr H1 2026 + kolumna biznesradar.pl 2026/Q2,
OPL,AKT_TRW,Pozostałe wartości niematerialne,other_intangible_assets,1,1,PEWNE,Orange Polska PSr H1 2026 + kolumna biznesradar.pl 2026/Q2,2352 + 4601 = 6 953 = BalanceIntangibleAssets
OPL,AKT_TRW,Środki trwałe,property,1,1,PEWNE,Orange Polska PSr H1 2026 + kolumna biznesradar.pl 2026/Q2,10346 + 2825 = 13 171 = BalanceProperty
OPL,AKT_TRW,Aktywa z tytułu prawa do użytkowania,property,1,1,PEWNE,Orange Polska PSr H1 2026 + kolumna biznesradar.pl 2026/Q2,
OPL,AKT_TRW,Aktywa z tytułu prawa do użytkowania,right_to_use_assets,1,1,PEWNE,Orange Polska PSr H1 2026 + kolumna biznesradar.pl 2026/Q2,"pozycja ""w tym"""
OPL,AKT_TRW,Inwestycja we wspólne przedsięwzięcie,noncurrent_investments,1,1,PEWNE,Orange Polska PSr H1 2026 + kolumna biznesradar.pl 2026/Q2,1152 + 129 = 1 281 = BalanceNoncurrInvestments
OPL,AKT_TRW,Instrumenty pochodne,noncurrent_investments,1,1,PEWNE,Orange Polska PSr H1 2026 + kolumna biznesradar.pl 2026/Q2,
OPL,AKT_TRW,Należności handlowe,noncurrent_receivables,1,1,PEWNE,Orange Polska PSr H1 2026 + kolumna biznesradar.pl 2026/Q2,
OPL,AKT_TRW,Aktywa kontraktowe,other_noncurrent_assets,1,1,PEWNE,Orange Polska PSr H1 2026 + kolumna biznesradar.pl 2026/Q2,138+251+132+194 = 715 = BalanceOtherNoncurrentAssets
OPL,AKT_TRW,Koszty kontraktowe,other_noncurrent_assets,1,1,PEWNE,Orange Polska PSr H1 2026 + kolumna biznesradar.pl 2026/Q2,
OPL,AKT_TRW,Pozostałe aktywa,other_noncurrent_assets,1,1,PEWNE,Orange Polska PSr H1 2026 + kolumna biznesradar.pl 2026/Q2,
OPL,AKT_TRW,Aktywa z tytułu podatku odroczonego,other_noncurrent_assets,1,1,PEWNE,Orange Polska PSr H1 2026 + kolumna biznesradar.pl 2026/Q2,
OPL,AKT_TRW,Aktywa trwałe razem,noncurrent_assets,1,1,PEWNE,Orange Polska PSr H1 2026 + kolumna biznesradar.pl 2026/Q2,
OPL,AKT_OBR,Zapasy,inventory,1,1,PEWNE,Orange Polska PSr H1 2026 + kolumna biznesradar.pl 2026/Q2,
OPL,AKT_OBR,Należności handlowe,current_receivables,1,1,PEWNE,Orange Polska PSr H1 2026 + kolumna biznesradar.pl 2026/Q2,"2059+117+484 = 2 660. UWAGA: KROTKOTERMINOWE aktywa i koszty kontraktowe ida do NALEZNOSCI, a dlugoterminowe do pozostalych aktywow trwalych"
OPL,AKT_OBR,Aktywa kontraktowe,current_receivables,1,1,PEWNE,Orange Polska PSr H1 2026 + kolumna biznesradar.pl 2026/Q2,
OPL,AKT_OBR,Koszty kontraktowe,current_receivables,1,1,PEWNE,Orange Polska PSr H1 2026 + kolumna biznesradar.pl 2026/Q2,
OPL,AKT_OBR,Instrumenty pochodne,current_investments,1,1,PEWNE,Orange Polska PSr H1 2026 + kolumna biznesradar.pl 2026/Q2,8 + 754 = 762 = BalanceCurrentInvestments
OPL,AKT_OBR,Pozostałe aktywa,other_current_assets,1,1,PEWNE,Orange Polska PSr H1 2026 + kolumna biznesradar.pl 2026/Q2,439 + 177 = 616 = BalanceOtherCurrentAssets
OPL,AKT_OBR,Czynne rozliczenia międzyokresowe kosztów,other_current_assets,1,1,PEWNE,Orange Polska PSr H1 2026 + kolumna biznesradar.pl 2026/Q2,
OPL,AKT_OBR,Środki pieniężne i ekwiwalenty środków pieniężnych,cash,1,1,PEWNE,Orange Polska PSr H1 2026 + kolumna biznesradar.pl 2026/Q2,
OPL,AKT_OBR,Środki pieniężne i ekwiwalenty środków pieniężnych,current_investments,1,1,PEWNE,Orange Polska PSr H1 2026 + kolumna biznesradar.pl 2026/Q2,w standardzie inwestycje krotkoterminowe ZAWIERAJA srodki pieniezne
OPL,AKT_OBR,Aktywa obrotowe razem,current_assets,1,1,PEWNE,Orange Polska PSr H1 2026 + kolumna biznesradar.pl 2026/Q2,
OPL,AKTYWA,SUMA AKTYWÓW,total_assets,1,1,PEWNE,Orange Polska PSr H1 2026 + kolumna biznesradar.pl 2026/Q2,
OPL,KAPITAL,Kapitał zakładowy,share_capital,1,1,PEWNE,Orange Polska PSr H1 2026 + kolumna biznesradar.pl 2026/Q2,
OPL,KAPITAL,Kapitał z emisji akcji powyżej ich wartości nominalnej,reserve,1,1,PEWNE,Orange Polska PSr H1 2026 + kolumna biznesradar.pl 2026/Q2,"agio -> reserve, tak jak u JSW"
OPL,KAPITAL,Pozostałe kapitały rezerwowe,kapitaly_pozostale_nierozdzielone,1,1,PEWNE,Orange Polska PSr H1 2026 + kolumna biznesradar.pl 2026/Q2,
OPL,KAPITAL,Zyski zatrzymane,retained_earnings,1,1,PEWNE,Orange Polska PSr H1 2026 + kolumna biznesradar.pl 2026/Q2,
OPL,KAPITAL,Kapitał własny przypisany właścicielom Orange Polska S.A.,POMIN,,1,PEWNE,Orange Polska PSr H1 2026 + kolumna biznesradar.pl 2026/Q2,"strona www pokazuje te liczbe (13 295), ale wzorzec trzyma w capital CALY kapital wlasny"
OPL,KAPITAL,Udziały niedające kontroli,nonshare_capital,1,1,PEWNE,Orange Polska PSr H1 2026 + kolumna biznesradar.pl 2026/Q2,
OPL,KAPITAL,Kapitał własny razem,capital,1,1,PEWNE,Orange Polska PSr H1 2026 + kolumna biznesradar.pl 2026/Q2,
OPL,ZOB_DL,Zobowiązania handlowe,noncurrent_trade_payables,1,1,PEWNE,Orange Polska PSr H1 2026 + kolumna biznesradar.pl 2026/Q2,
OPL,ZOB_DL,Zobowiązania z tytułu leasingu,noncurrent_leasing,1,1,PEWNE,Orange Polska PSr H1 2026 + kolumna biznesradar.pl 2026/Q2,
OPL,ZOB_DL,Pożyczki od jednostek powiązanych,noncurrent_borrowings,1,1,PEWNE,Orange Polska PSr H1 2026 + kolumna biznesradar.pl 2026/Q2,finansowanie od Grupy Orange - dla standardu to kredyty i pozyczki
OPL,ZOB_DL,Pozostałe zobowiązania finansowe wyceniane według zamortyzowanego kosztu,noncurrent_other_liabilities,1,1,PEWNE,Orange Polska PSr H1 2026 + kolumna biznesradar.pl 2026/Q2,46+16+897+757+68+26 = 1 810 = BalanceNoncurrentOtherLiabilities
OPL,ZOB_DL,Instrumenty pochodne,noncurrent_other_liabilities,1,1,PEWNE,Orange Polska PSr H1 2026 + kolumna biznesradar.pl 2026/Q2,
OPL,ZOB_DL,Rezerwy,noncurrent_other_liabilities,1,1,PEWNE,Orange Polska PSr H1 2026 + kolumna biznesradar.pl 2026/Q2,
OPL,ZOB_DL,Zobowiązania kontraktowe,noncurrent_other_liabilities,1,1,PEWNE,Orange Polska PSr H1 2026 + kolumna biznesradar.pl 2026/Q2,
OPL,ZOB_DL,Zobowiązania z tytułu świadczeń pracowniczych,noncurrent_other_liabilities,1,1,PEWNE,Orange Polska PSr H1 2026 + kolumna biznesradar.pl 2026/Q2,
OPL,ZOB_DL,Pozostałe zobowiązania,noncurrent_other_liabilities,1,1,PEWNE,Orange Polska PSr H1 2026 + kolumna biznesradar.pl 2026/Q2,
OPL,ZOB_DL,Zobowiązania długoterminowe razem,noncurrent_liabilities,1,1,PEWNE,Orange Polska PSr H1 2026 + kolumna biznesradar.pl 2026/Q2,
OPL,ZOB_KR,Zobowiązania handlowe,current_trade_payables,1,1,PEWNE,Orange Polska PSr H1 2026 + kolumna biznesradar.pl 2026/Q2,
OPL,ZOB_KR,Zobowiązania z tytułu leasingu,current_leasing,1,1,PEWNE,Orange Polska PSr H1 2026 + kolumna biznesradar.pl 2026/Q2,
OPL,ZOB_KR,Pożyczki od jednostek powiązanych,current_borrowings,1,1,PEWNE,Orange Polska PSr H1 2026 + kolumna biznesradar.pl 2026/Q2,
OPL,ZOB_KR,Pozostałe zobowiązania finansowe wyceniane według zamortyzowanego kosztu,current_other_liabilities,1,1,PEWNE,Orange Polska PSr H1 2026 + kolumna biznesradar.pl 2026/Q2,39+3+264+702+233+5+1188 = 2 434 = 5373 - 2226 - 14 - 699
OPL,ZOB_KR,Instrumenty pochodne,current_other_liabilities,1,1,PEWNE,Orange Polska PSr H1 2026 + kolumna biznesradar.pl 2026/Q2,
OPL,ZOB_KR,Rezerwy,current_other_liabilities,1,1,PEWNE,Orange Polska PSr H1 2026 + kolumna biznesradar.pl 2026/Q2,
OPL,ZOB_KR,Zobowiązania kontraktowe,current_other_liabilities,1,1,PEWNE,Orange Polska PSr H1 2026 + kolumna biznesradar.pl 2026/Q2,
OPL,ZOB_KR,Zobowiązania z tytułu świadczeń pracowniczych,current_other_liabilities,1,1,PEWNE,Orange Polska PSr H1 2026 + kolumna biznesradar.pl 2026/Q2,
OPL,ZOB_KR,Zobowiązania z tytułu podatku dochodowego,current_other_liabilities,1,1,PEWNE,Orange Polska PSr H1 2026 + kolumna biznesradar.pl 2026/Q2,
OPL,ZOB_KR,Pozostałe zobowiązania,current_other_liabilities,1,1,PEWNE,Orange Polska PSr H1 2026 + kolumna biznesradar.pl 2026/Q2,
OPL,ZOB_KR,Zobowiązania krótkoterminowe razem,current_liabilities,1,1,PEWNE,Orange Polska PSr H1 2026 + kolumna biznesradar.pl 2026/Q2,
OPL,PASYWA,SUMA PASYWÓW,total_equity_liabilities,1,1,PEWNE,Orange Polska PSr H1 2026 + kolumna biznesradar.pl 2026/Q2,
OPL,CF,Zysk netto,POMIN,,1,PEWNE,Orange Polska PSr H1 2026 + kolumna biznesradar.pl 2026/Q2,
OPL,CF,Korekty uzgadniające zysk netto do środków pieniężnych z działalności operacyjnej Zysk ze sprzedaży Orange Energia,POMIN,,1,PEWNE,Orange Polska PSr H1 2026 + kolumna biznesradar.pl 2026/Q2,naglowek sklejony z pierwsza pozycja bloku przez konwerter PDF
OPL,CF,Zyski ze sprzedaży środków trwałych i wartości niematerialnych,POMIN,,1,PEWNE,Orange Polska PSr H1 2026 + kolumna biznesradar.pl 2026/Q2,
OPL,CF,"Amortyzacja i utrata wartości środków trwałych, wartości niematerialnych i aktywów z tytułu prawa do użytkowania",amortization,1,1,PEWNE,Orange Polska PSr H1 2026 + kolumna biznesradar.pl 2026/Q2,POTWIERDZONE: CashflowAmortization = 1 372
OPL,CF,Udział w (zysku)/stracie wspólnego przedsięwzięcia,POMIN,,1,PEWNE,Orange Polska PSr H1 2026 + kolumna biznesradar.pl 2026/Q2,
OPL,CF,"Koszty finansowe, netto",POMIN,,1,PEWNE,Orange Polska PSr H1 2026 + kolumna biznesradar.pl 2026/Q2,
OPL,CF,Podatek dochodowy,POMIN,,1,PEWNE,Orange Polska PSr H1 2026 + kolumna biznesradar.pl 2026/Q2,
OPL,CF,Zmiana stanu rezerw i odpisów aktualizujących,POMIN,,1,PEWNE,Orange Polska PSr H1 2026 + kolumna biznesradar.pl 2026/Q2,
OPL,CF,"Zyski operacyjne z tytułu różnic kursowych i wyceny instrumentów pochodnych, netto",POMIN,,1,PEWNE,Orange Polska PSr H1 2026 + kolumna biznesradar.pl 2026/Q2,
OPL,CF,"Zmiana kapitału obrotowego Zwiększenie stanu zapasów, brutto",POMIN,,1,PEWNE,Orange Polska PSr H1 2026 + kolumna biznesradar.pl 2026/Q2,kapital obrotowy liczymy z bilansu
OPL,CF,"(Zwiększenie)/zmniejszenie stanu należności handlowych, brutto",POMIN,,1,PEWNE,Orange Polska PSr H1 2026 + kolumna biznesradar.pl 2026/Q2,
OPL,CF,"Zwiększenie stanu aktywów kontraktowych, brutto",POMIN,,1,PEWNE,Orange Polska PSr H1 2026 + kolumna biznesradar.pl 2026/Q2,
OPL,CF,(Zwiększenie)/zmniejszenie stanu kosztów kontraktowych,POMIN,,1,PEWNE,Orange Polska PSr H1 2026 + kolumna biznesradar.pl 2026/Q2,
OPL,CF,Zwiększenie stanu zobowiązań handlowych,POMIN,,1,PEWNE,Orange Polska PSr H1 2026 + kolumna biznesradar.pl 2026/Q2,
OPL,CF,Zmniejszenie stanu zobowiązań kontraktowych,POMIN,,1,PEWNE,Orange Polska PSr H1 2026 + kolumna biznesradar.pl 2026/Q2,
OPL,CF,(Zwiększenie)/zmniejszenie stanu czynnych rozliczeń międzyokresowych kosztów i pozostałych aktywów,POMIN,,1,PEWNE,Orange Polska PSr H1 2026 + kolumna biznesradar.pl 2026/Q2,
OPL,CF,Zwiększenie stanu pozostałych zobowiązań,POMIN,,1,PEWNE,Orange Polska PSr H1 2026 + kolumna biznesradar.pl 2026/Q2,
OPL,CF,Otrzymane odsetki,proceed_bank_loans,1,1,PEWNE,Orange Polska PSr H1 2026 + kolumna biznesradar.pl 2026/Q2,
OPL,CF,"Odsetki zapłacone i przepływy odsetkowe z instrumentów pochodnych, netto",repaid_bank_loans,-1,1,PEWNE,Orange Polska PSr H1 2026 + kolumna biznesradar.pl 2026/Q2,
OPL,CF,"Różnice kursowe i inne przepływy otrzymane z instrumentów pochodnych, netto",POMIN,,1,PEWNE,Orange Polska PSr H1 2026 + kolumna biznesradar.pl 2026/Q2,
OPL,CF,Podatek dochodowy otrzymany/(zapłacony),POMIN,,1,PEWNE,Orange Polska PSr H1 2026 + kolumna biznesradar.pl 2026/Q2,
OPL,CF,Środki pieniężne netto z działalności operacyjnej,operating_cashflow,1,1,PEWNE,Orange Polska PSr H1 2026 + kolumna biznesradar.pl 2026/Q2,
OPL,CF_INW,Płatności za zakup środków trwałych i wartości niematerialnych (w tym wadium wpłacone w ramach aukcji na rezerwacje częstotliwości),capex,-1,1,PEWNE,Orange Polska PSr H1 2026 + kolumna biznesradar.pl 2026/Q2,POTWIERDZONE: 982 + 241 = 1 223 = CashflowCapex
OPL,CF_INW,Dotacje inwestycyjne zapłacone dostawcom środków trwałych i wartości niematerialnych,capex,-1,1,PEWNE,Orange Polska PSr H1 2026 + kolumna biznesradar.pl 2026/Q2,wchodzi do capexu wedlug biznesradaru
OPL,CF_INW,Otrzymane dotacje inwestycyjne,POMIN,,1,PEWNE,Orange Polska PSr H1 2026 + kolumna biznesradar.pl 2026/Q2,
OPL,CF_INW,"Różnice kursowe otrzymane/(zapłacone) z instrumentów pochodnych ekonomicznie zabezpieczających nakłady inwestycyjne, netto",POMIN,,1,PEWNE,Orange Polska PSr H1 2026 + kolumna biznesradar.pl 2026/Q2,
OPL,CF_INW,Wpływy ze sprzedaży środków trwałych i wartości niematerialnych,POMIN,,1,PEWNE,Orange Polska PSr H1 2026 + kolumna biznesradar.pl 2026/Q2,
OPL,CF_INW,"Wpływy z tytułu utraty kontroli w Światłowód Inwestycje, pomniejszone o koszty transakcyjne",POMIN,,1,PEWNE,Orange Polska PSr H1 2026 + kolumna biznesradar.pl 2026/Q2,
OPL,CF_INW,Podatek dochodowy zapłacony w związku z utratą kontroli w Światłowód Inwestycje,POMIN,,1,PEWNE,Orange Polska PSr H1 2026 + kolumna biznesradar.pl 2026/Q2,
OPL,CF_INW,Wydatki z tytułu inwestycji w Światłowód Inwestycje,POMIN,,1,PEWNE,Orange Polska PSr H1 2026 + kolumna biznesradar.pl 2026/Q2,
OPL,CF_INW,"Wpływy z tytułu sprzedaży Orange Energia, pomniejszone o środki pieniężne i koszty transakcyjne",POMIN,,1,PEWNE,Orange Polska PSr H1 2026 + kolumna biznesradar.pl 2026/Q2,
OPL,CF_INW,Wydatki z tytułu nabycia jednostek zależnych,outflows_for_acquisitions,-1,1,PEWNE,Orange Polska PSr H1 2026 + kolumna biznesradar.pl 2026/Q2,
OPL,CF_INW,"Wpływy z tytułu pozostałych instrumentów finansowych, netto",POMIN,,1,PEWNE,Orange Polska PSr H1 2026 + kolumna biznesradar.pl 2026/Q2,
OPL,CF_INW,Środki pieniężne netto z działalności inwestycyjnej,investing_cashflow,1,1,PEWNE,Orange Polska PSr H1 2026 + kolumna biznesradar.pl 2026/Q2,
OPL,CF_FIN,Zaciągnięcie długoterminowego długu,POMIN,,1,PEWNE,Orange Polska PSr H1 2026 + kolumna biznesradar.pl 2026/Q2,standard nie ma klucza na wplywy z kredytow
OPL,CF_FIN,Spłata długoterminowego długu,POMIN,,1,PEWNE,Orange Polska PSr H1 2026 + kolumna biznesradar.pl 2026/Q2,
OPL,CF_FIN,Spłata zobowiązań z tytułu leasingu,lease_liab_payments,-1,1,PEWNE,Orange Polska PSr H1 2026 + kolumna biznesradar.pl 2026/Q2,
OPL,CF_FIN,Środki pieniężne netto z działalności finansowej,financing_cashflow,1,1,PEWNE,Orange Polska PSr H1 2026 + kolumna biznesradar.pl 2026/Q2,
OPL,CF_FIN,"Zmiana stanu środków pieniężnych i ekwiwalentów środków pieniężnych, netto",net_cashflow,1,1,PEWNE,Orange Polska PSr H1 2026 + kolumna biznesradar.pl 2026/Q2,
OPL,CF_FIN,Wpływ różnic kursowych i pozostałych czynników na stan środków pieniężnych i ekwiwalentów środków pieniężnych,POMIN,,1,PEWNE,Orange Polska PSr H1 2026 + kolumna biznesradar.pl 2026/Q2,
OPL,CF_FIN,Środki pieniężne i ekwiwalenty środków pieniężnych na początek okresu,POMIN,,1,PEWNE,Orange Polska PSr H1 2026 + kolumna biznesradar.pl 2026/Q2,
OPL,CF_FIN,Środki pieniężne i ekwiwalenty środków pieniężnych na koniec okresu,POMIN,,1,PEWNE,Orange Polska PSr H1 2026 + kolumna biznesradar.pl 2026/Q2,
KRU,RZIS,Przychody odsetkowe z pakietów wierzytelności i udzielonych pożyczek wycenianych według zamortyzowanego kosztu,POMIN,,1,PEWNE,Grupa KRUK SSF H1 2026 + kolumna biznesradar.pl 2026/Q2,skladnik bloku przychodowego - standard bierze sume bloku
KRU,RZIS,Przychody odsetkowe z udzielonych pożyczek wycenianych według wartości godziwej,POMIN,,1,PEWNE,Grupa KRUK SSF H1 2026 + kolumna biznesradar.pl 2026/Q2,
KRU,RZIS,Przychody ze sprzedaży wierzytelności i pożyczek,POMIN,,1,PEWNE,Grupa KRUK SSF H1 2026 + kolumna biznesradar.pl 2026/Q2,
KRU,RZIS,Inne przychody/(koszty) z nabytych portfeli wierzytelności,POMIN,,1,PEWNE,Grupa KRUK SSF H1 2026 + kolumna biznesradar.pl 2026/Q2,
KRU,RZIS,Przychody ze świadczenia innych usług,POMIN,,1,PEWNE,Grupa KRUK SSF H1 2026 + kolumna biznesradar.pl 2026/Q2,
KRU,RZIS,Pozostałe przychody operacyjne,POMIN,,1,PEWNE,Grupa KRUK SSF H1 2026 + kolumna biznesradar.pl 2026/Q2,"UWAGA: u Kruka to skladnik PRZYCHODOW, nie klucz other_operating_income - biznesradar ma tam 0"
KRU,RZIS,Zmiana wartości inwestycji wycenianych według wartości godziwej,POMIN,,1,PEWNE,Grupa KRUK SSF H1 2026 + kolumna biznesradar.pl 2026/Q2,
KRU,RZIS,Wynik na oczekiwanych stratach kredytowych,POMIN,,1,PEWNE,Grupa KRUK SSF H1 2026 + kolumna biznesradar.pl 2026/Q2,"odpis kredytowy jest u Kruka elementem PRZYCHODU, nie kosztu"
KRU,RZIS,"Przychody z działalności operacyjnej uwzględniające wynik na oczekiwanych stratach kredytowych, wycenę do wartości godziwej oraz inne przychody/koszty z nabytych portfeli wierzytelności",revenues,1,1,PEWNE,Grupa KRUK SSF H1 2026 + kolumna biznesradar.pl 2026/Q2,POTWIERDZONE: IncomeRevenues = 1 572 305 = suma calego bloku przychodowego
KRU,RZIS,Koszty wynagrodzeń i świadczeń pracowniczych,POMIN,,1,PEWNE,Grupa KRUK SSF H1 2026 + kolumna biznesradar.pl 2026/Q2,
KRU,RZIS,Amortyzacja,POMIN,,1,PEWNE,Grupa KRUK SSF H1 2026 + kolumna biznesradar.pl 2026/Q2,w RZiS skladnik kosztow; do klucza amortization wchodzi wersja z przeplywow
KRU,RZIS,Opłaty sądowe,POMIN,,1,PEWNE,Grupa KRUK SSF H1 2026 + kolumna biznesradar.pl 2026/Q2,"pozycja typowa dla windykacji - u Kruka to 230,6 mln, czyli 29% kosztow"
KRU,RZIS,Usługi obce,POMIN,,1,PEWNE,Grupa KRUK SSF H1 2026 + kolumna biznesradar.pl 2026/Q2,
KRU,RZIS,Inne koszty operacyjne,POMIN,,1,PEWNE,Grupa KRUK SSF H1 2026 + kolumna biznesradar.pl 2026/Q2,
KRU,RZIS,Koszty operacyjne razem,cost_of_sales,-1,1,PEWNE,Grupa KRUK SSF H1 2026 + kolumna biznesradar.pl 2026/Q2,suma bloku kosztowego BEZ ETYKIETY w PDF - konwerter nadaje jej nazwe. POTWIERDZONE: IncomeCostOfSales = 787 092
KRU,RZIS,Zysk na działalności operacyjnej,ebit,1,1,PEWNE,Grupa KRUK SSF H1 2026 + kolumna biznesradar.pl 2026/Q2,"gross_profit wychodzi z reguly obliczanej: 1 572 305 - 787 092 = 785 213, czyli tyle samo"
KRU,RZIS,Przychody finansowe,finance_income,1,1,PEWNE,Grupa KRUK SSF H1 2026 + kolumna biznesradar.pl 2026/Q2,
KRU,RZIS,Koszty finansowe,finance_costs,-1,1,PEWNE,Grupa KRUK SSF H1 2026 + kolumna biznesradar.pl 2026/Q2,
KRU,RZIS,w tym koszt odsetek od zobowiązań z tytułu leasingu,POMIN,,1,PEWNE,Grupa KRUK SSF H1 2026 + kolumna biznesradar.pl 2026/Q2,"pozycja ""w tym"" wewnatrz kosztow finansowych"
KRU,RZIS,Koszty finansowe netto,POMIN,,1,PEWNE,Grupa KRUK SSF H1 2026 + kolumna biznesradar.pl 2026/Q2,suma bloku - skladniki mapujemy osobno
KRU,RZIS,Zysk przed opodatkowaniem,before_tax_profit,1,1,PEWNE,Grupa KRUK SSF H1 2026 + kolumna biznesradar.pl 2026/Q2,
KRU,RZIS,Podatek dochodowy,POMIN,,1,PEWNE,Grupa KRUK SSF H1 2026 + kolumna biznesradar.pl 2026/Q2,standard nie ma klucza na podatek
KRU,RZIS,Zysk netto za okres sprawozdawczy,net_profit,1,1,PEWNE,Grupa KRUK SSF H1 2026 + kolumna biznesradar.pl 2026/Q2,
KRU,RZIS_ZYSK,Akcjonariuszy jednostki dominującej,shareholder_net_profit,1,1,PEWNE,Grupa KRUK SSF H1 2026 + kolumna biznesradar.pl 2026/Q2,
KRU,RZIS_ZYSK,Udziały niekontrolujące,POMIN,,1,PEWNE,Grupa KRUK SSF H1 2026 + kolumna biznesradar.pl 2026/Q2,"w RZiS to rozbicie wyniku, nie pozycja bilansu"
KRU,RZIS_ZYSK,Zysk netto za okres sprawozdawczy,POMIN,,1,PEWNE,Grupa KRUK SSF H1 2026 + kolumna biznesradar.pl 2026/Q2,POWTORZENIE sumy - bez osobnej sekcji net_profit wyszedlby podwojony (1 109 924)
KRU,RZIS_ZYSK,Zysk przypadający na 1 akcję Podstawowy (zł),POMIN,,1,PEWNE,Grupa KRUK SSF H1 2026 + kolumna biznesradar.pl 2026/Q2,
KRU,RZIS_ZYSK,Rozwodniony (zł),POMIN,,1,PEWNE,Grupa KRUK SSF H1 2026 + kolumna biznesradar.pl 2026/Q2,
KRU,AKT_TRW,Rzeczowe aktywa trwałe,property,1,1,PEWNE,Grupa KRUK SSF H1 2026 + kolumna biznesradar.pl 2026/Q2,"Kruk nie pokazuje osobno prawa do uzytkowania - right_to_use_assets zostaje puste, tak jak u biznesradaru"
KRU,AKT_TRW,Inne wartości niematerialne,other_intangible_assets,1,1,PEWNE,Grupa KRUK SSF H1 2026 + kolumna biznesradar.pl 2026/Q2,7 940 + 183 858 = 191 798 = BalanceIntangibleAssets
KRU,AKT_TRW,Wartość firmy,goodwill,1,1,PEWNE,Grupa KRUK SSF H1 2026 + kolumna biznesradar.pl 2026/Q2,
KRU,AKT_TRW,Inwestycje w pakiety wierzytelności wyceniane według zamortyzowanego kosztu,noncurrent_investments,1,1,PEWNE,Grupa KRUK SSF H1 2026 + kolumna biznesradar.pl 2026/Q2,8 744 027 + 323 782 + 33 059 = 9 100 868 = BalanceNoncurrInvestments
KRU,AKT_TRW,Udzielone pożyczki,noncurrent_investments,1,1,PEWNE,Grupa KRUK SSF H1 2026 + kolumna biznesradar.pl 2026/Q2,
KRU,AKT_TRW,Instrumenty zabezpieczające,noncurrent_investments,1,1,PEWNE,Grupa KRUK SSF H1 2026 + kolumna biznesradar.pl 2026/Q2,
KRU,AKT_TRW,Aktywa z tytułu odroczonego podatku dochodowego,other_noncurrent_assets,1,1,PEWNE,Grupa KRUK SSF H1 2026 + kolumna biznesradar.pl 2026/Q2,
KRU,AKT_TRW,Aktywa długoterminowe ogółem,noncurrent_assets,1,1,PEWNE,Grupa KRUK SSF H1 2026 + kolumna biznesradar.pl 2026/Q2,
KRU,AKT_OBR,Zapasy,inventory,1,1,PEWNE,Grupa KRUK SSF H1 2026 + kolumna biznesradar.pl 2026/Q2,
KRU,AKT_OBR,Inwestycje w pakiety wierzytelności wyceniane według zamortyzowanego kosztu,current_investments,1,1,PEWNE,Grupa KRUK SSF H1 2026 + kolumna biznesradar.pl 2026/Q2,3 299 431 + 355 913 + 45 246 + 254 595 = 3 955 185 = BalanceCurrentInvestments
KRU,AKT_OBR,Udzielone pożyczki,current_investments,1,1,PEWNE,Grupa KRUK SSF H1 2026 + kolumna biznesradar.pl 2026/Q2,
KRU,AKT_OBR,Instrumenty zabezpieczające,current_investments,1,1,PEWNE,Grupa KRUK SSF H1 2026 + kolumna biznesradar.pl 2026/Q2,
KRU,AKT_OBR,Należności z tytułu dostaw i usług,current_receivables,1,1,PEWNE,Grupa KRUK SSF H1 2026 + kolumna biznesradar.pl 2026/Q2,19 178 + 61 171 + 583 = 80 932 = BalanceCurrentReceivables
KRU,AKT_OBR,Pozostałe należności,current_receivables,1,1,PEWNE,Grupa KRUK SSF H1 2026 + kolumna biznesradar.pl 2026/Q2,
KRU,AKT_OBR,Należności z tytułu podatku dochodowego,current_receivables,1,1,PEWNE,Grupa KRUK SSF H1 2026 + kolumna biznesradar.pl 2026/Q2,
KRU,AKT_OBR,Pozostałe aktywa,other_current_assets,1,1,PEWNE,Grupa KRUK SSF H1 2026 + kolumna biznesradar.pl 2026/Q2,
KRU,AKT_OBR,Środki pieniężne i ich ekwiwalenty,cash,1,1,PEWNE,Grupa KRUK SSF H1 2026 + kolumna biznesradar.pl 2026/Q2,
KRU,AKT_OBR,Środki pieniężne i ich ekwiwalenty,current_investments,1,1,PEWNE,Grupa KRUK SSF H1 2026 + kolumna biznesradar.pl 2026/Q2,w standardzie inwestycje krotkoterminowe ZAWIERAJA srodki pieniezne
KRU,AKT_OBR,Aktywa krótkoterminowe ogółem,current_assets,1,1,PEWNE,Grupa KRUK SSF H1 2026 + kolumna biznesradar.pl 2026/Q2,
KRU,AKTYWA,Aktywa ogółem,total_assets,1,1,PEWNE,Grupa KRUK SSF H1 2026 + kolumna biznesradar.pl 2026/Q2,
KRU,KAPITAL,Kapitał akcyjny,share_capital,1,1,PEWNE,Grupa KRUK SSF H1 2026 + kolumna biznesradar.pl 2026/Q2,
KRU,KAPITAL,Kapitał z emisji akcji powyżej ich wartości nominalnej,reserve,1,1,PEWNE,Grupa KRUK SSF H1 2026 + kolumna biznesradar.pl 2026/Q2,"agio -> reserve, trzeci raz po JSW i Orange"
KRU,KAPITAL,Kapitał rezerwowy z wyceny instrumentów zabezpieczających,kapitaly_pozostale_nierozdzielone,1,1,PEWNE,Grupa KRUK SSF H1 2026 + kolumna biznesradar.pl 2026/Q2,
KRU,KAPITAL,Kapitał rezerwowy z wycen programów określonych świadczeń,kapitaly_pozostale_nierozdzielone,1,1,PEWNE,Grupa KRUK SSF H1 2026 + kolumna biznesradar.pl 2026/Q2,
KRU,KAPITAL,Różnice kursowe z przeliczenia jednostek działających za granicą,kapitaly_pozostale_nierozdzielone,1,1,PEWNE,Grupa KRUK SSF H1 2026 + kolumna biznesradar.pl 2026/Q2,
KRU,KAPITAL,Pozostałe kapitały rezerwowe,kapitaly_pozostale_nierozdzielone,1,1,PEWNE,Grupa KRUK SSF H1 2026 + kolumna biznesradar.pl 2026/Q2,
KRU,KAPITAL,Zyski zatrzymane,retained_earnings,1,1,PEWNE,Grupa KRUK SSF H1 2026 + kolumna biznesradar.pl 2026/Q2,
KRU,KAPITAL,Kapitał własny akcjonariuszy jednostki dominującej,POMIN,,1,PEWNE,Grupa KRUK SSF H1 2026 + kolumna biznesradar.pl 2026/Q2,"strona www pokazuje te liczbe (5 524 507), ale wzorzec trzyma w capital CALY kapital wlasny"
KRU,KAPITAL,Udziały niekontrolujące,nonshare_capital,1,1,PEWNE,Grupa KRUK SSF H1 2026 + kolumna biznesradar.pl 2026/Q2,
KRU,KAPITAL,Kapitał własny ogółem,capital,1,1,PEWNE,Grupa KRUK SSF H1 2026 + kolumna biznesradar.pl 2026/Q2,
KRU,ZOB_DL,Zobowiązania z tytułu kredytów i pożyczek,noncurrent_borrowings,1,1,PEWNE,Grupa KRUK SSF H1 2026 + kolumna biznesradar.pl 2026/Q2,3 556 291 + 34 267 = 3 590 558 = laczna pozycja z twarzy bilansu
KRU,ZOB_DL,Zobowiązania z tytułu dłużnych papierów wartościowych,noncurrent_obligations,1,1,PEWNE,Grupa KRUK SSF H1 2026 + kolumna biznesradar.pl 2026/Q2,3 237 875 + 577 161 = 3 815 036
KRU,ZOB_DL,Zobowiązania z tytułu leasingu,noncurrent_leasing,1,1,PEWNE,Grupa KRUK SSF H1 2026 + kolumna biznesradar.pl 2026/Q2,
KRU,ZOB_DL,Rezerwa z tytułu odroczonego podatku dochodowego,noncurrent_other_liabilities,1,1,PEWNE,Grupa KRUK SSF H1 2026 + kolumna biznesradar.pl 2026/Q2,126 682 + 2 670 + 11 405 = 140 757 = BalanceNoncurrentOtherLiabilities
KRU,ZOB_DL,Rezerwy,noncurrent_other_liabilities,1,1,PEWNE,Grupa KRUK SSF H1 2026 + kolumna biznesradar.pl 2026/Q2,
KRU,ZOB_DL,Instrumenty zabezpieczające,noncurrent_other_liabilities,1,1,PEWNE,Grupa KRUK SSF H1 2026 + kolumna biznesradar.pl 2026/Q2,
KRU,ZOB_DL,Zobowiązania długoterminowe ogółem,noncurrent_liabilities,1,1,PEWNE,Grupa KRUK SSF H1 2026 + kolumna biznesradar.pl 2026/Q2,
KRU,ZOB_KR,Zobowiązania z tytułu kredytów i pożyczek,current_borrowings,1,1,PEWNE,Grupa KRUK SSF H1 2026 + kolumna biznesradar.pl 2026/Q2,
KRU,ZOB_KR,Zobowiązania z tytułu dłużnych papierów wartościowych,current_obligations,1,1,PEWNE,Grupa KRUK SSF H1 2026 + kolumna biznesradar.pl 2026/Q2,
KRU,ZOB_KR,Zobowiązania z tytułu leasingu,current_leasing,1,1,PEWNE,Grupa KRUK SSF H1 2026 + kolumna biznesradar.pl 2026/Q2,
KRU,ZOB_KR,Zobowiązania z tytułu dostaw i usług oraz pozostałe,current_trade_payables,1,1,PEWNE,Grupa KRUK SSF H1 2026 + kolumna biznesradar.pl 2026/Q2,
KRU,ZOB_KR,Instrumenty pochodne,current_other_liabilities,1,1,PEWNE,Grupa KRUK SSF H1 2026 + kolumna biznesradar.pl 2026/Q2,26 497 + 88 670 + 17 873 = 133 040 = BalanceCurrentOtherLiabilities (pochodne i dywidenda = 0 na 30.06.2026)
KRU,ZOB_KR,Zobowiązania z tytułu dywidendy,current_other_liabilities,1,1,PEWNE,Grupa KRUK SSF H1 2026 + kolumna biznesradar.pl 2026/Q2,
KRU,ZOB_KR,Zobowiązania z tytułu podatku dochodowego,current_other_liabilities,1,1,PEWNE,Grupa KRUK SSF H1 2026 + kolumna biznesradar.pl 2026/Q2,
KRU,ZOB_KR,Zobowiązania z tytułu świadczeń pracowniczych,current_other_liabilities,1,1,PEWNE,Grupa KRUK SSF H1 2026 + kolumna biznesradar.pl 2026/Q2,
KRU,ZOB_KR,Rezerwy,current_other_liabilities,1,1,PEWNE,Grupa KRUK SSF H1 2026 + kolumna biznesradar.pl 2026/Q2,
KRU,ZOB_KR,Zobowiązania krótkoterminowe ogółem,current_liabilities,1,1,PEWNE,Grupa KRUK SSF H1 2026 + kolumna biznesradar.pl 2026/Q2,
KRU,ZOB_KR,Zobowiązania ogółem,POMIN,,1,PEWNE,Grupa KRUK SSF H1 2026 + kolumna biznesradar.pl 2026/Q2,suma obu blokow
KRU,PASYWA,Kapitały i zobowiązania ogółem,total_equity_liabilities,1,1,PEWNE,Grupa KRUK SSF H1 2026 + kolumna biznesradar.pl 2026/Q2,
KRU,CF,Zysk netto za okres,POMIN,,1,PEWNE,Grupa KRUK SSF H1 2026 + kolumna biznesradar.pl 2026/Q2,
KRU,CF,Korekty Amortyzacja rzeczowych aktywów trwałych,amortization,1,1,PEWNE,Grupa KRUK SSF H1 2026 + kolumna biznesradar.pl 2026/Q2,"19 852 + 18 121 = 37 973 = CashflowAmortization. Naglowek ""Korekty"" sklejony przez konwerter PDF"
KRU,CF,Amortyzacja wartości niematerialnych,amortization,1,1,PEWNE,Grupa KRUK SSF H1 2026 + kolumna biznesradar.pl 2026/Q2,
KRU,CF,Koszty finansowe netto,POMIN,,1,PEWNE,Grupa KRUK SSF H1 2026 + kolumna biznesradar.pl 2026/Q2,
KRU,CF,Spisanie prac rozwojowych w koszty,POMIN,,1,PEWNE,Grupa KRUK SSF H1 2026 + kolumna biznesradar.pl 2026/Q2,
KRU,CF,(Zysk) /strata ze sprzedaży rzeczowych aktywów trwałych,POMIN,,1,PEWNE,Grupa KRUK SSF H1 2026 + kolumna biznesradar.pl 2026/Q2,
KRU,CF,Płatności w formie akcji własnych rozliczane w instrumentach kapitałowych,POMIN,,1,PEWNE,Grupa KRUK SSF H1 2026 + kolumna biznesradar.pl 2026/Q2,
KRU,CF,Przychody odsetkowe,POMIN,,1,PEWNE,Grupa KRUK SSF H1 2026 + kolumna biznesradar.pl 2026/Q2,
KRU,CF,Podatek dochodowy,POMIN,,1,PEWNE,Grupa KRUK SSF H1 2026 + kolumna biznesradar.pl 2026/Q2,
KRU,CF,Zmiana stanu udzielonych pożyczek,POMIN,,1,PEWNE,Grupa KRUK SSF H1 2026 + kolumna biznesradar.pl 2026/Q2,kapital obrotowy liczymy z bilansu
KRU,CF,Zmiana stanu inwestycji w pakiety wierzytelności,POMIN,,1,PEWNE,Grupa KRUK SSF H1 2026 + kolumna biznesradar.pl 2026/Q2,
KRU,CF,Zmiana stanu zapasów,POMIN,,1,PEWNE,Grupa KRUK SSF H1 2026 + kolumna biznesradar.pl 2026/Q2,
KRU,CF,Zmiana stanu należności z tytułu dostaw i usług oraz pozostałych,POMIN,,1,PEWNE,Grupa KRUK SSF H1 2026 + kolumna biznesradar.pl 2026/Q2,
KRU,CF,Zmiana stanu pozostałych aktywów,POMIN,,1,PEWNE,Grupa KRUK SSF H1 2026 + kolumna biznesradar.pl 2026/Q2,
KRU,CF,Zmiana stanu zobowiązań z tytułu dostaw i usług oraz pozostałych,POMIN,,1,PEWNE,Grupa KRUK SSF H1 2026 + kolumna biznesradar.pl 2026/Q2,
KRU,CF,Zmiana stanu zobowiązań z tytułu świadczeń pracowniczych,POMIN,,1,PEWNE,Grupa KRUK SSF H1 2026 + kolumna biznesradar.pl 2026/Q2,
KRU,CF,Zmiana stanu rezerw,POMIN,,1,PEWNE,Grupa KRUK SSF H1 2026 + kolumna biznesradar.pl 2026/Q2,
KRU,CF,Udział w zyskach mniejszości,POMIN,,1,PEWNE,Grupa KRUK SSF H1 2026 + kolumna biznesradar.pl 2026/Q2,
KRU,CF,Odsetki otrzymane,POMIN,,1,PEWNE,Grupa KRUK SSF H1 2026 + kolumna biznesradar.pl 2026/Q2,"w bloku operacyjnym to inkaso odsetek z portfeli (1 329 900), nie przychod finansowy"
KRU,CF,Podatek zapłacony,POMIN,,1,PEWNE,Grupa KRUK SSF H1 2026 + kolumna biznesradar.pl 2026/Q2,
KRU,CF,Środki pieniężne netto z działalności operacyjnej,operating_cashflow,1,1,PEWNE,Grupa KRUK SSF H1 2026 + kolumna biznesradar.pl 2026/Q2,
KRU,CF_INW,Odsetki otrzymane,proceed_bank_loans,1,1,WYSOKA,Grupa KRUK SSF H1 2026 + kolumna biznesradar.pl 2026/Q2,"w bloku inwestycyjnym 1 171, czyli tyle co przychody finansowe"
KRU,CF_INW,Wpływy z tytułu sprzedaży wartości niematerialnych oraz rzeczowych aktywów trwałych,POMIN,,1,PEWNE,Grupa KRUK SSF H1 2026 + kolumna biznesradar.pl 2026/Q2,
KRU,CF_INW,Wydatki na wartości niematerialne oraz rzeczowe aktywa trwałe (w tym w budowie),capex,-1,1,PEWNE,Grupa KRUK SSF H1 2026 + kolumna biznesradar.pl 2026/Q2,POTWIERDZONE: CashflowCapex = 67 018
KRU,CF_INW,Środki pieniężne netto z działalności inwestycyjnej,investing_cashflow,1,1,PEWNE,Grupa KRUK SSF H1 2026 + kolumna biznesradar.pl 2026/Q2,
KRU,CF_FIN,Wpływy z emisji akcji,share_capital_cash,1,1,PEWNE,Grupa KRUK SSF H1 2026 + kolumna biznesradar.pl 2026/Q2,UWAGA: biznesradar ma tu 0 mimo 12 710 w raporcie (program opcji - kapital akcyjny wzrosl z 19 492 do 19 543)
KRU,CF_FIN,Wpływy z emisji dłużnych papierów wartościowych,POMIN,,1,PEWNE,Grupa KRUK SSF H1 2026 + kolumna biznesradar.pl 2026/Q2,standard nie ma klucza na wplywy z emisji obligacji
KRU,CF_FIN,Zaciągnięcie kredytów,POMIN,,1,PEWNE,Grupa KRUK SSF H1 2026 + kolumna biznesradar.pl 2026/Q2,
KRU,CF_FIN,Odsetki otrzymane od instrumentów zabezpieczających,POMIN,,1,PEWNE,Grupa KRUK SSF H1 2026 + kolumna biznesradar.pl 2026/Q2,
KRU,CF_FIN,Wydatki na spłatę kredytów,POMIN,,1,PEWNE,Grupa KRUK SSF H1 2026 + kolumna biznesradar.pl 2026/Q2,
KRU,CF_FIN,Wykup dłużnych papierów wartościowych,POMIN,,1,PEWNE,Grupa KRUK SSF H1 2026 + kolumna biznesradar.pl 2026/Q2,
KRU,CF_FIN,Płatności zobowiązań z tytułu umów leasingu,lease_liab_payments,-1,1,PEWNE,Grupa KRUK SSF H1 2026 + kolumna biznesradar.pl 2026/Q2,POTWIERDZONE: CashflowLeasePayments = 13 219
KRU,CF_FIN,Wypłata dywidendy,dividend,-1,1,PEWNE,Grupa KRUK SSF H1 2026 + kolumna biznesradar.pl 2026/Q2,POTWIERDZONE: CashflowDividend = 390 868 (DODATNIA). Pierwsza spolka w slowniku z niezerowa dywidenda
KRU,CF_FIN,Odsetki zapłacone od instrumentów zabezpieczających,POMIN,,1,PEWNE,Grupa KRUK SSF H1 2026 + kolumna biznesradar.pl 2026/Q2,
KRU,CF_FIN,Odsetki zapłacone,repaid_bank_loans,-1,1,WYSOKA,Grupa KRUK SSF H1 2026 + kolumna biznesradar.pl 2026/Q2,
KRU,CF_FIN,Środki pieniężne netto z działalności finansowej,financing_cashflow,1,1,PEWNE,Grupa KRUK SSF H1 2026 + kolumna biznesradar.pl 2026/Q2,
KRU,CF_FIN,"Przepływy pieniężne netto, ogółem",net_cashflow,1,1,PEWNE,Grupa KRUK SSF H1 2026 + kolumna biznesradar.pl 2026/Q2,
KRU,CF_FIN,Środki pieniężne i ich ekwiwalenty na początek okresu,POMIN,,1,PEWNE,Grupa KRUK SSF H1 2026 + kolumna biznesradar.pl 2026/Q2,
KRU,CF_FIN,Środki pieniężne i ich ekwiwalenty na koniec okresu w tym:,POMIN,,1,PEWNE,Grupa KRUK SSF H1 2026 + kolumna biznesradar.pl 2026/Q2,
KRU,CF_FIN,- zmiana stanu środków pieniężnych z tytułu różnic kursowych,POMIN,,1,PEWNE,Grupa KRUK SSF H1 2026 + kolumna biznesradar.pl 2026/Q2,
PGE,RZIS,PRZYCHODY ZE SPRZEDAŻY,revenues,1,1,PEWNE,GK PGE SSF 2025 + kolumna biznesradar.pl 2025,
PGE,RZIS,Koszt własny sprzedaży,cost_of_sales,-1,1,PEWNE,GK PGE SSF 2025 + kolumna biznesradar.pl 2025,
PGE,RZIS,ZYSK BRUTTO ZE SPRZEDAŻY,POMIN,,1,PEWNE,GK PGE SSF 2025 + kolumna biznesradar.pl 2025,"standardowy gross_profit to INNA wielkosc: -1 464 (po kosztach sprzedazy i zarzadu), nie 1 620"
PGE,RZIS,Koszty sprzedaży i dystrybucji,distribution_expenses,-1,1,PEWNE,GK PGE SSF 2025 + kolumna biznesradar.pl 2025,
PGE,RZIS,Koszty ogólnego zarządu,administrative_expenses,-1,1,PEWNE,GK PGE SSF 2025 + kolumna biznesradar.pl 2025,
PGE,RZIS,Pozostałe przychody operacyjne,other_operating_income,1,1,PEWNE,GK PGE SSF 2025 + kolumna biznesradar.pl 2025,
PGE,RZIS,Pozostałe koszty operacyjne,other_operating_costs,-1,1,PEWNE,GK PGE SSF 2025 + kolumna biznesradar.pl 2025,
PGE,RZIS,ZYSK/ (STRATA) Z DZIAŁALNOŚCI OPERACYJNEJ,ebit,1,1,PEWNE,GK PGE SSF 2025 + kolumna biznesradar.pl 2025,
PGE,RZIS,"Przychody finansowe, w tym:",finance_income,1,1,PEWNE,GK PGE SSF 2025 + kolumna biznesradar.pl 2025,
PGE,RZIS,Przychody odsetkowe obliczone z zastosowaniem metody efektywnej stopy procentowej,POMIN,,1,PEWNE,GK PGE SSF 2025 + kolumna biznesradar.pl 2025,"pozycja ""w tym"" wewnatrz przychodow finansowych"
PGE,RZIS,Koszty finansowe,finance_costs,-1,1,PEWNE,GK PGE SSF 2025 + kolumna biznesradar.pl 2025,
PGE,RZIS,Udział w zysku/(stracie) jednostek wykazywanych metodą praw własności,other_income,1,1,PEWNE,GK PGE SSF 2025 + kolumna biznesradar.pl 2025,POTWIERDZONE: IncomeOtherIncome = 22 000
PGE,RZIS,(STRATA) PRZED OPODATKOWANIEM,before_tax_profit,1,1,PEWNE,GK PGE SSF 2025 + kolumna biznesradar.pl 2025,
PGE,RZIS,Podatek dochodowy,POMIN,,1,PEWNE,GK PGE SSF 2025 + kolumna biznesradar.pl 2025,standard nie ma klucza na podatek
PGE,RZIS,(STRATA) NETTO ZA OKRES SPRAWOZDAWCZY,net_profit,1,1,PEWNE,GK PGE SSF 2025 + kolumna biznesradar.pl 2025,
PGE,RZIS,"INNE CAŁKOWITE DOCHODY Pozycje, które mogą w przyszłości zostać rozliczone z wynikiem:",POMIN,,1,PEWNE,GK PGE SSF 2025 + kolumna biznesradar.pl 2025,naglowek sklejony przez konwerter PDF
PGE,RZIS,Wycena dłużnych instrumentów finansowych,POMIN,,1,PEWNE,GK PGE SSF 2025 + kolumna biznesradar.pl 2025,
PGE,RZIS,Wycena instrumentów zabezpieczających,POMIN,,1,PEWNE,GK PGE SSF 2025 + kolumna biznesradar.pl 2025,
PGE,RZIS,Różnice kursowe z przeliczenia jednostek działających za granicą,POMIN,,1,PEWNE,GK PGE SSF 2025 + kolumna biznesradar.pl 2025,
PGE,RZIS,Podatek odroczony,POMIN,,1,PEWNE,GK PGE SSF 2025 + kolumna biznesradar.pl 2025,wystepuje dwa razy w bloku innych calkowitych dochodow
PGE,RZIS,"Pozycje, które nie będą mogły w przyszłości zostać rozliczone z wynikiem:",POMIN,,1,PEWNE,GK PGE SSF 2025 + kolumna biznesradar.pl 2025,
PGE,RZIS,Zyski i straty aktuarialne z wyceny rezerw na świadczenia pracownicze,POMIN,,1,PEWNE,GK PGE SSF 2025 + kolumna biznesradar.pl 2025,
PGE,RZIS,INNE DOCHODY NETTO,POMIN,,1,PEWNE,GK PGE SSF 2025 + kolumna biznesradar.pl 2025,
PGE,RZIS,RAZEM CAŁKOWITE DOCHODY,POMIN,,1,PEWNE,GK PGE SSF 2025 + kolumna biznesradar.pl 2025,
PGE,RZIS,(STRATA) NETTO PRZYPADAJĄCA NA: akcjonariuszy jednostki dominującej,shareholder_net_profit,1,1,PEWNE,GK PGE SSF 2025 + kolumna biznesradar.pl 2025,
PGE,RZIS,udziały niekontrolujące,POMIN,,1,PEWNE,GK PGE SSF 2025 + kolumna biznesradar.pl 2025,"w RZiS to rozbicie wyniku, nie pozycja bilansu"
PGE,RZIS,CAŁKOWITE DOCHODY PRZYPADAJĄCE NA: akcjonariuszy jednostki dominującej,POMIN,,1,PEWNE,GK PGE SSF 2025 + kolumna biznesradar.pl 2025,
PGE,RZIS,(STRATA) NETTO NA JEDNĄ AKCJĘ PRZYPADAJĄCA AKCJONARIUSZOM,POMIN,,1,PEWNE,GK PGE SSF 2025 + kolumna biznesradar.pl 2025,
PGE,RZIS,JEDNOSTKI DOMINUJĄCEJ (W ZŁOTYCH) ROZWODNIONA (STRATA) NETTO NA JEDNĄ AKCJĘ PRZYPADAJĄCA,POMIN,,1,PEWNE,GK PGE SSF 2025 + kolumna biznesradar.pl 2025,
PGE,AKT_TRW,Rzeczowe aktywa trwałe,property,1,1,PEWNE,GK PGE SSF 2025 + kolumna biznesradar.pl 2025,64 775 + 2 001 = 66 776 = BalanceProperty
PGE,AKT_TRW,Wartości niematerialne,other_intangible_assets,1,1,PEWNE,GK PGE SSF 2025 + kolumna biznesradar.pl 2025,PGE nie wykazuje wartosci firmy - goodwill zostaje 0
PGE,AKT_TRW,Prawa do użytkowania składników aktywów,property,1,1,PEWNE,GK PGE SSF 2025 + kolumna biznesradar.pl 2025,
PGE,AKT_TRW,Prawa do użytkowania składników aktywów,right_to_use_assets,1,1,PEWNE,GK PGE SSF 2025 + kolumna biznesradar.pl 2025,"pozycja ""w tym"""
PGE,AKT_TRW,Należności finansowe,noncurrent_receivables,1,1,PEWNE,GK PGE SSF 2025 + kolumna biznesradar.pl 2025,
PGE,AKT_TRW,Instrumenty pochodne i inne aktywa wyceniane w wartości godziwej przez wynik finansowy,noncurrent_investments,1,1,PEWNE,GK PGE SSF 2025 + kolumna biznesradar.pl 2025,492 + 127 + 402 + 458 (CO2) = 1 479 = BalanceNoncurrInvestments
PGE,AKT_TRW,Udziały i akcje oraz pozostałe instrumenty kapitałowe,noncurrent_investments,1,1,PEWNE,GK PGE SSF 2025 + kolumna biznesradar.pl 2025,
PGE,AKT_TRW,Udziały i akcje wykazywane metodą praw własności,noncurrent_investments,1,1,PEWNE,GK PGE SSF 2025 + kolumna biznesradar.pl 2025,
PGE,AKT_TRW,Uprawnienia do emisji CO2 na własne potrzeby,noncurrent_investments,1,1,PEWNE,GK PGE SSF 2025 + kolumna biznesradar.pl 2025,UWAGA: ta sama nazwa wystepuje w aktywach OBROTOWYCH i idzie tam do ZAPASOW - rozroznia je wylacznie sekcja
PGE,AKT_TRW,Pozostałe aktywa długoterminowe,other_noncurrent_assets,1,1,PEWNE,GK PGE SSF 2025 + kolumna biznesradar.pl 2025,1 719 + 3 607 = 5 326 = BalanceOtherNoncurrentAssets
PGE,AKT_TRW,Aktywa z tytułu podatku odroczonego,other_noncurrent_assets,1,1,PEWNE,GK PGE SSF 2025 + kolumna biznesradar.pl 2025,
PGE,AKT_TRW,AKTYWA TRWAŁE,noncurrent_assets,1,1,PEWNE,GK PGE SSF 2025 + kolumna biznesradar.pl 2025,
PGE,AKT_OBR,Zapasy,inventory,1,1,PEWNE,GK PGE SSF 2025 + kolumna biznesradar.pl 2025,2 040 + 7 841 (CO2) = 9 881 = BalanceInventory
PGE,AKT_OBR,Uprawnienia do emisji CO2 na własne potrzeby,inventory,1,1,PEWNE,GK PGE SSF 2025 + kolumna biznesradar.pl 2025,"KROTKOTERMINOWE uprawnienia CO2 ida do ZAPASOW, dlugoterminowe do inwestycji dlugoterminowych"
PGE,AKT_OBR,Należności z tytułu dostaw i usług i pozostałe należności finansowe,current_receivables,1,1,PEWNE,GK PGE SSF 2025 + kolumna biznesradar.pl 2025,7 336 + 185 = 7 521 = BalanceCurrentReceivables
PGE,AKT_OBR,Należności z tytułu podatku dochodowego,current_receivables,1,1,PEWNE,GK PGE SSF 2025 + kolumna biznesradar.pl 2025,
PGE,AKT_OBR,Instrumenty pochodne i inne aktywa wyceniane w wartości godziwej przez wynik finansowy,current_investments,1,1,PEWNE,GK PGE SSF 2025 + kolumna biznesradar.pl 2025,288 + 10 809 = 11 097 = BalanceCurrentInvestments
PGE,AKT_OBR,Pozostałe aktywa krótkoterminowe,other_current_assets,1,1,PEWNE,GK PGE SSF 2025 + kolumna biznesradar.pl 2025,
PGE,AKT_OBR,Środki pieniężne i ich ekwiwalenty,cash,1,1,PEWNE,GK PGE SSF 2025 + kolumna biznesradar.pl 2025,
PGE,AKT_OBR,Środki pieniężne i ich ekwiwalenty,current_investments,1,1,PEWNE,GK PGE SSF 2025 + kolumna biznesradar.pl 2025,w standardzie inwestycje krotkoterminowe ZAWIERAJA srodki pieniezne
PGE,AKT_OBR,AKTYWA OBROTOWE,current_assets,1,1,PEWNE,GK PGE SSF 2025 + kolumna biznesradar.pl 2025,
PGE,AKTYWA,SUMA AKTYWÓW,total_assets,1,1,PEWNE,GK PGE SSF 2025 + kolumna biznesradar.pl 2025,
PGE,KAPITAL,Kapitał podstawowy,share_capital,1,1,PEWNE,GK PGE SSF 2025 + kolumna biznesradar.pl 2025,
PGE,KAPITAL,Kapitał zapasowy,reserve,1,1,PEWNE,GK PGE SSF 2025 + kolumna biznesradar.pl 2025,
PGE,KAPITAL,Kapitał z wyceny instrumentów finansowych,kapitaly_pozostale_nierozdzielone,1,1,PEWNE,GK PGE SSF 2025 + kolumna biznesradar.pl 2025,
PGE,KAPITAL,Różnice kursowe z przeliczenia,kapitaly_pozostale_nierozdzielone,1,1,PEWNE,GK PGE SSF 2025 + kolumna biznesradar.pl 2025,
PGE,KAPITAL,Zyski zatrzymane/(Skumulowane straty),retained_earnings,1,1,PEWNE,GK PGE SSF 2025 + kolumna biznesradar.pl 2025,
PGE,KAPITAL,KAPITAŁ WŁASNY PRZYPISANY AKCJONARIUSZOM JEDNOSTKI,POMIN,,1,PEWNE,GK PGE SSF 2025 + kolumna biznesradar.pl 2025,"strona www pokazuje te liczbe (41 823), ale wzorzec trzyma w capital CALY kapital wlasny"
PGE,KAPITAL,DOMINUJĄCEJ Udziały niekontrolujące,nonshare_capital,1,1,PEWNE,GK PGE SSF 2025 + kolumna biznesradar.pl 2025,"slowo DOMINUJACEJ to ogon poprzedniej etykiety, sklejony przez konwerter PDF"
PGE,KAPITAL,RAZEM KAPITAŁ WŁASNY,capital,1,1,PEWNE,GK PGE SSF 2025 + kolumna biznesradar.pl 2025,
PGE,ZOB_DL,"Kredyty bankowe, pożyczki, obligacje i leasing",noncurrent_borrowings,1,1,PEWNE,GK PGE SSF 2025 + kolumna biznesradar.pl 2025,"JEDNA linia na kredyty, obligacje i leasing - biznesradar wrzuca calosc w noncurrent_borrowings, a noncurrent_obligations zostawia 0"
PGE,ZOB_DL,Pozostałe zobowiązania finansowe,noncurrent_leasing,1,1,WYSOKA,GK PGE SSF 2025 + kolumna biznesradar.pl 2025,"USTALONE PRZEZ ELIMINACJE: 13 139 + 214 + 16 328 = 29 681. Biznesradar wstawia te pozycje w leasing, choc faktyczny leasing siedzi w linii kredytow"
PGE,ZOB_DL,Rezerwy długoterminowe,noncurrent_other_liabilities,1,1,PEWNE,GK PGE SSF 2025 + kolumna biznesradar.pl 2025,10 449 + 581 + 545 + 4 542 + 211 = 16 328 = BalanceNoncurrentOtherLiabilities
PGE,ZOB_DL,Instrumenty pochodne,noncurrent_other_liabilities,1,1,PEWNE,GK PGE SSF 2025 + kolumna biznesradar.pl 2025,
PGE,ZOB_DL,Zobowiązania z tytułu odroczonego podatku dochodowego,noncurrent_other_liabilities,1,1,PEWNE,GK PGE SSF 2025 + kolumna biznesradar.pl 2025,
PGE,ZOB_DL,Rozliczenia międzyokresowe przychodów i dotacje rządowe,noncurrent_other_liabilities,1,1,PEWNE,GK PGE SSF 2025 + kolumna biznesradar.pl 2025,
PGE,ZOB_DL,Pozostałe zobowiązania niefinansowe,noncurrent_other_liabilities,1,1,PEWNE,GK PGE SSF 2025 + kolumna biznesradar.pl 2025,
PGE,ZOB_DL,ZOBOWIĄZANIA DŁUGOTERMINOWE,noncurrent_liabilities,1,1,PEWNE,GK PGE SSF 2025 + kolumna biznesradar.pl 2025,
PGE,ZOB_KR,"Kredyty bankowe, pożyczki, obligacje i leasing",current_borrowings,1,1,PEWNE,GK PGE SSF 2025 + kolumna biznesradar.pl 2025,
PGE,ZOB_KR,Zobowiązania z tytułu dostaw i usług i pozostałe zobowiązania finansowe,current_trade_payables,1,1,PEWNE,GK PGE SSF 2025 + kolumna biznesradar.pl 2025,
PGE,ZOB_KR,Rezerwy krótkoterminowe,current_other_liabilities,1,1,PEWNE,GK PGE SSF 2025 + kolumna biznesradar.pl 2025,18 344 + 1 093 + 673 + 292 + 3 362 = 23 764 = BalanceCurrentOtherLiabilities
PGE,ZOB_KR,Instrumenty pochodne,current_other_liabilities,1,1,PEWNE,GK PGE SSF 2025 + kolumna biznesradar.pl 2025,
PGE,ZOB_KR,Zobowiązania z tytułu podatku dochodowego,current_other_liabilities,1,1,PEWNE,GK PGE SSF 2025 + kolumna biznesradar.pl 2025,
PGE,ZOB_KR,Rozliczenia międzyokresowe przychodów i dotacje rządowe,current_other_liabilities,1,1,PEWNE,GK PGE SSF 2025 + kolumna biznesradar.pl 2025,
PGE,ZOB_KR,Pozostałe zobowiązania niefinansowe,current_other_liabilities,1,1,PEWNE,GK PGE SSF 2025 + kolumna biznesradar.pl 2025,
PGE,ZOB_KR,ZOBOWIĄZANIA KRÓTKOTERMINOWE,current_liabilities,1,1,PEWNE,GK PGE SSF 2025 + kolumna biznesradar.pl 2025,
PGE,ZOB_KR,RAZEM ZOBOWIĄZANIA,POMIN,,1,PEWNE,GK PGE SSF 2025 + kolumna biznesradar.pl 2025,wiersz BEZ ETYKIETY w PDF - konwerter nadaje mu nazwe
PGE,PASYWA,SUMA KAPITAŁÓW I ZOBOWIĄZAŃ,total_equity_liabilities,1,1,PEWNE,GK PGE SSF 2025 + kolumna biznesradar.pl 2025,
PGE,CF,Strata brutto,POMIN,,1,PEWNE,GK PGE SSF 2025 + kolumna biznesradar.pl 2025,
PGE,CF,Podatek dochodowy zapłacony,POMIN,,1,PEWNE,GK PGE SSF 2025 + kolumna biznesradar.pl 2025,
PGE,CF,Korekty o pozycje i zmiany stanu: Udział w zysku / stracie jednostek wycenianych metodą praw własności,POMIN,,1,PEWNE,GK PGE SSF 2025 + kolumna biznesradar.pl 2025,naglowek sklejony przez konwerter PDF
PGE,CF,"Amortyzacja, likwidacja oraz odpisy aktualizujące",amortization,1,1,PEWNE,GK PGE SSF 2025 + kolumna biznesradar.pl 2025,POTWIERDZONE: CashflowAmortization = 13 883
PGE,CF,"Odsetki i dywidendy, netto",POMIN,,1,PEWNE,GK PGE SSF 2025 + kolumna biznesradar.pl 2025,
PGE,CF,Zysk z działalności inwestycyjnej,POMIN,,1,PEWNE,GK PGE SSF 2025 + kolumna biznesradar.pl 2025,
PGE,CF,Zmiana stanu należności,POMIN,,1,PEWNE,GK PGE SSF 2025 + kolumna biznesradar.pl 2025,kapital obrotowy liczymy z bilansu
PGE,CF,Zmiana stanu zapasów,POMIN,,1,PEWNE,GK PGE SSF 2025 + kolumna biznesradar.pl 2025,
PGE,CF,Zmiana stanu uprawnień do emisji CO2 na własne potrzeby,POMIN,,1,PEWNE,GK PGE SSF 2025 + kolumna biznesradar.pl 2025,
PGE,CF,Zmiana stanu zobowiązań z wyjątkiem kredytów i pożyczek,POMIN,,1,PEWNE,GK PGE SSF 2025 + kolumna biznesradar.pl 2025,
PGE,CF,Zmiana stanu pozostałych aktywów niefinansowych i rozliczeń międzyokresowych,POMIN,,1,PEWNE,GK PGE SSF 2025 + kolumna biznesradar.pl 2025,
PGE,CF,Zmiana stanu rezerw,POMIN,,1,PEWNE,GK PGE SSF 2025 + kolumna biznesradar.pl 2025,
PGE,CF,Pozostałe,POMIN,,1,PEWNE,GK PGE SSF 2025 + kolumna biznesradar.pl 2025,"""Pozostale"" wystepuje w kazdym z trzech blokow przeplywow - rozroznia je sekcja"
PGE,CF,ŚRODKI PIENIĘŻNE NETTO Z DZIAŁALNOŚCI OPERACYJNEJ,operating_cashflow,1,1,PEWNE,GK PGE SSF 2025 + kolumna biznesradar.pl 2025,
PGE,CF_INW,Nabycie RAT i WN,capex,-1,1,PEWNE,GK PGE SSF 2025 + kolumna biznesradar.pl 2025,POTWIERDZONE: CashflowCapex = 11 543 (biznesradar NIE pomniejsza o sprzedaz 36)
PGE,CF_INW,Sprzedaż RAT i WN,POMIN,,1,PEWNE,GK PGE SSF 2025 + kolumna biznesradar.pl 2025,
PGE,CF_INW,Założenie lokat powyżej 3 m-cy,POMIN,,1,PEWNE,GK PGE SSF 2025 + kolumna biznesradar.pl 2025,
PGE,CF_INW,Rozwiązanie lokat powyżej 3 m-cy,POMIN,,1,PEWNE,GK PGE SSF 2025 + kolumna biznesradar.pl 2025,
PGE,CF_INW,Nabycie aktywów finansowych oraz zwiększenie udziału w spółkach GK,outflows_for_acquisitions,-1,1,WYSOKA,GK PGE SSF 2025 + kolumna biznesradar.pl 2025,
PGE,CF_INW,Odsetki otrzymane,proceed_bank_loans,1,1,WYSOKA,GK PGE SSF 2025 + kolumna biznesradar.pl 2025,
PGE,CF_INW,Udzielenie pożyczek,POMIN,,1,PEWNE,GK PGE SSF 2025 + kolumna biznesradar.pl 2025,
PGE,CF_INW,Spłata udzielonych pożyczek,POMIN,,1,PEWNE,GK PGE SSF 2025 + kolumna biznesradar.pl 2025,
PGE,CF_INW,Pozostałe,POMIN,,1,PEWNE,GK PGE SSF 2025 + kolumna biznesradar.pl 2025,
PGE,CF_INW,ŚRODKI PIENIĘŻNE NETTO Z DZIAŁALNOŚCI INWESTYCYJNEJ,investing_cashflow,1,1,PEWNE,GK PGE SSF 2025 + kolumna biznesradar.pl 2025,
PGE,CF_FIN,Wpływy z tytułu emisji udziałów w jednostkach współkontrolowanych,POMIN,,1,PEWNE,GK PGE SSF 2025 + kolumna biznesradar.pl 2025,to NIE jest emisja akcji jednostki dominujacej - biznesradar ma share_capital_cash = 0
PGE,CF_FIN,"Wpływy z tytułu zaciągnięcia pożyczek, kredytów",POMIN,,1,PEWNE,GK PGE SSF 2025 + kolumna biznesradar.pl 2025,standard nie ma klucza na wplywy z kredytow
PGE,CF_FIN,"Spłata pożyczek, kredytów, leasingu",POMIN,,1,PEWNE,GK PGE SSF 2025 + kolumna biznesradar.pl 2025,"PGE nie wydziela platnosci leasingowych - lease_liab_payments zostaje puste, tak jak u biznesradaru"
PGE,CF_FIN,Zapłacone odsetki,repaid_bank_loans,-1,1,WYSOKA,GK PGE SSF 2025 + kolumna biznesradar.pl 2025,
PGE,CF_FIN,Otrzymane dotacje do aktywów trwałych,POMIN,,1,PEWNE,GK PGE SSF 2025 + kolumna biznesradar.pl 2025,
PGE,CF_FIN,Pozostałe,POMIN,,1,PEWNE,GK PGE SSF 2025 + kolumna biznesradar.pl 2025,
PGE,CF_FIN,ŚRODKI PIENIĘŻNE NETTO Z DZIAŁALNOŚCI FINANSOWEJ,financing_cashflow,1,1,PEWNE,GK PGE SSF 2025 + kolumna biznesradar.pl 2025,
PGE,CF_FIN,ZMIANA NETTO STANU ŚRODKÓW PIENIĘŻNYCH I ICH EKWIWALENTÓW,net_cashflow,1,1,PEWNE,GK PGE SSF 2025 + kolumna biznesradar.pl 2025,
PGE,CF_FIN,Różnice kursowe netto,POMIN,,1,PEWNE,GK PGE SSF 2025 + kolumna biznesradar.pl 2025,
PGE,CF_FIN,ŚRODKI PIENIĘŻNE I ICH EKWIWALENTY NA POCZĄTEK OKRESU,POMIN,,1,PEWNE,GK PGE SSF 2025 + kolumna biznesradar.pl 2025,
PGE,CF_FIN,ŚRODKI PIENIĘŻNE I ICH EKWIWALENTY NA KONIEC OKRESU,POMIN,,1,PEWNE,GK PGE SSF 2025 + kolumna biznesradar.pl 2025,
ASB,RZIS,Przychody,revenues,1,1,PEWNE,ASBISc SSF H1 2026 (tys. USD) + kolumna biznesradar.pl 2026/Q2 (tys. PLN),"11 181 086 PLN / 3,7708 = 2 965 176 USD"
ASB,RZIS,Koszt własny sprzedaży,cost_of_sales,-1,1,PEWNE,ASBISc SSF H1 2026 (tys. USD) + kolumna biznesradar.pl 2026/Q2 (tys. PLN),
ASB,RZIS,Zysk brutto,POMIN,,1,PEWNE,ASBISc SSF H1 2026 (tys. USD) + kolumna biznesradar.pl 2026/Q2 (tys. PLN),"standardowy gross_profit to INNA wielkosc (117 091, po kosztach sprzedazy i zarzadu) - liczy ja regula"
ASB,RZIS,Koszty sprzedaży,distribution_expenses,-1,1,PEWNE,ASBISc SSF H1 2026 (tys. USD) + kolumna biznesradar.pl 2026/Q2 (tys. PLN),
ASB,RZIS,Koszty ogólnego zarządu,administrative_expenses,-1,1,PEWNE,ASBISc SSF H1 2026 (tys. USD) + kolumna biznesradar.pl 2026/Q2 (tys. PLN),
ASB,RZIS,Zysk z działalności operacyjnej,ebit,1,1,PEWNE,ASBISc SSF H1 2026 (tys. USD) + kolumna biznesradar.pl 2026/Q2 (tys. PLN),
ASB,RZIS,Przychody finansowe,finance_income,1,1,PEWNE,ASBISc SSF H1 2026 (tys. USD) + kolumna biznesradar.pl 2026/Q2 (tys. PLN),
ASB,RZIS,Koszty finansowe,finance_costs,-1,1,PEWNE,ASBISc SSF H1 2026 (tys. USD) + kolumna biznesradar.pl 2026/Q2 (tys. PLN),
ASB,RZIS,Koszty finansowe netto,POMIN,,1,PEWNE,ASBISc SSF H1 2026 (tys. USD) + kolumna biznesradar.pl 2026/Q2 (tys. PLN),suma bloku - skladniki mapujemy osobno
ASB,RZIS,Pozostałe zyski i straty,other_income,1,1,PEWNE,ASBISc SSF H1 2026 (tys. USD) + kolumna biznesradar.pl 2026/Q2 (tys. PLN),
ASB,RZIS,Udział w stratach jednostki rozliczanej metodą praw własności,other_income,1,1,PEWNE,ASBISc SSF H1 2026 (tys. USD) + kolumna biznesradar.pl 2026/Q2 (tys. PLN),UWAGA: biznesradar tej linii NIE ujmuje - jego other_income to samo 545 USD (2 055 PLN). Przez to jego wlasny lancuch 441 527 + 10 234 - 74 643 + 2 055 = 379 173 nie schodzi sie z before_tax_profit 378 954 o 219 PLN (= 58 USD)
ASB,RZIS,Zysk przed opodatkowaniem,before_tax_profit,1,1,PEWNE,ASBISc SSF H1 2026 (tys. USD) + kolumna biznesradar.pl 2026/Q2 (tys. PLN),
ASB,RZIS,Podatek dochodowy,POMIN,,1,PEWNE,ASBISc SSF H1 2026 (tys. USD) + kolumna biznesradar.pl 2026/Q2 (tys. PLN),standard nie ma klucza na podatek
ASB,RZIS,Zysk za okres,net_profit,1,1,PEWNE,ASBISc SSF H1 2026 (tys. USD) + kolumna biznesradar.pl 2026/Q2 (tys. PLN),
ASB,RZIS,Przypisany: Akcjonariuszom spółki dominującej,shareholder_net_profit,1,1,PEWNE,ASBISc SSF H1 2026 (tys. USD) + kolumna biznesradar.pl 2026/Q2 (tys. PLN),"naglowek ""Przypisany:"" sklejony przez konwerter PDF"
ASB,RZIS,Udziałowcom mniejszościowym,POMIN,,1,PEWNE,ASBISc SSF H1 2026 (tys. USD) + kolumna biznesradar.pl 2026/Q2 (tys. PLN),"w RZiS to rozbicie wyniku, nie pozycja bilansu"
ASB,RZIS_CD,Zysk za okres (powtorzenie),POMIN,,1,PEWNE,ASBISc SSF H1 2026 (tys. USD) + kolumna biznesradar.pl 2026/Q2 (tys. PLN),goly wiersz sumy bez etykiety - konwerter nadaje mu nazwe
ASB,RZIS_CD,Zysk na akcję Podstawowy i rozwodniony z działalności kontynuowanej (wyrażony w USD),POMIN,,1,PEWNE,ASBISc SSF H1 2026 (tys. USD) + kolumna biznesradar.pl 2026/Q2 (tys. PLN),
ASB,RZIS_CD,Pozostała całkowita (strata)/zysk Różnice kursowe z przeliczenia operacji zagranicznych,POMIN,,1,PEWNE,ASBISc SSF H1 2026 (tys. USD) + kolumna biznesradar.pl 2026/Q2 (tys. PLN),
ASB,RZIS_CD,Korekty reklasyfikacyjne dotyczące operacji zagranicznych zlikwidowanych i zbytych w okresie,POMIN,,1,PEWNE,ASBISc SSF H1 2026 (tys. USD) + kolumna biznesradar.pl 2026/Q2 (tys. PLN),
ASB,RZIS_CD,Pozostała całkowita (strata)/zysk za okres,POMIN,,1,PEWNE,ASBISc SSF H1 2026 (tys. USD) + kolumna biznesradar.pl 2026/Q2 (tys. PLN),
ASB,RZIS_CD,Łączny całkowity zysk za okres,POMIN,,1,PEWNE,ASBISc SSF H1 2026 (tys. USD) + kolumna biznesradar.pl 2026/Q2 (tys. PLN),
ASB,RZIS_CD,Całkowite dochody przypisane: Akcjonariuszom spółki dominującej,POMIN,,1,PEWNE,ASBISc SSF H1 2026 (tys. USD) + kolumna biznesradar.pl 2026/Q2 (tys. PLN),
ASB,RZIS_CD,Udziałowcom mniejszościowym,POMIN,,1,PEWNE,ASBISc SSF H1 2026 (tys. USD) + kolumna biznesradar.pl 2026/Q2 (tys. PLN),
ASB,AKT_TRW,Rzeczowe aktywa trwałe,property,1,1,PEWNE,ASBISc SSF H1 2026 (tys. USD) + kolumna biznesradar.pl 2026/Q2 (tys. PLN),Asbis nie wykazuje osobno prawa do uzytkowania - right_to_use_assets zostaje puste
ASB,AKT_TRW,Wartości niematerialne i prawne,other_intangible_assets,1,1,PEWNE,ASBISc SSF H1 2026 (tys. USD) + kolumna biznesradar.pl 2026/Q2 (tys. PLN),"16 567 + 2 270 = 18 837 = BalanceIntangibleAssets / 3,7708"
ASB,AKT_TRW,Wartość firmy,goodwill,1,1,PEWNE,ASBISc SSF H1 2026 (tys. USD) + kolumna biznesradar.pl 2026/Q2 (tys. PLN),
ASB,AKT_TRW,Nieruchomości inwestycyjne,noncurrent_investments,1,1,PEWNE,ASBISc SSF H1 2026 (tys. USD) + kolumna biznesradar.pl 2026/Q2 (tys. PLN),"3 473 + 5 497 + 4 920 = 13 890 = BalanceNoncurrInvestments / 3,7708"
ASB,AKT_TRW,Inwestycje rozliczane w instrumentach kapitałowych,noncurrent_investments,1,1,PEWNE,ASBISc SSF H1 2026 (tys. USD) + kolumna biznesradar.pl 2026/Q2 (tys. PLN),
ASB,AKT_TRW,Pozostałe inwestycje,noncurrent_investments,1,1,PEWNE,ASBISc SSF H1 2026 (tys. USD) + kolumna biznesradar.pl 2026/Q2 (tys. PLN),
ASB,AKT_TRW,Aktywa z tytułu podatku odroczonego,other_noncurrent_assets,1,1,PEWNE,ASBISc SSF H1 2026 (tys. USD) + kolumna biznesradar.pl 2026/Q2 (tys. PLN),"1 129 + 1 328 = 2 457 = BalanceOtherNoncurrentAssets / 3,7708"
ASB,AKT_TRW,Pożyczki dla podmiotów stowarzyszonych,other_noncurrent_assets,1,1,PEWNE,ASBISc SSF H1 2026 (tys. USD) + kolumna biznesradar.pl 2026/Q2 (tys. PLN),
ASB,AKT_TRW,Aktywa trwałe ogółem,noncurrent_assets,1,1,PEWNE,ASBISc SSF H1 2026 (tys. USD) + kolumna biznesradar.pl 2026/Q2 (tys. PLN),
ASB,AKT_OBR,Zapasy,inventory,1,1,PEWNE,ASBISc SSF H1 2026 (tys. USD) + kolumna biznesradar.pl 2026/Q2 (tys. PLN),
ASB,AKT_OBR,Należności handlowe i inne aktywa umowne,current_receivables,1,1,PEWNE,ASBISc SSF H1 2026 (tys. USD) + kolumna biznesradar.pl 2026/Q2 (tys. PLN),
ASB,AKT_OBR,Pozostałe aktywa obrotowe,other_current_assets,1,1,PEWNE,ASBISc SSF H1 2026 (tys. USD) + kolumna biznesradar.pl 2026/Q2 (tys. PLN),"25 677 + 693 = 26 370 = BalanceOtherCurrentAssets / 3,7708"
ASB,AKT_OBR,Bieżące opodatkowanie,other_current_assets,1,1,PEWNE,ASBISc SSF H1 2026 (tys. USD) + kolumna biznesradar.pl 2026/Q2 (tys. PLN),ta sama nazwa wystepuje po stronie zobowiazan - rozroznia je sekcja
ASB,AKT_OBR,Aktywa finansowe z tytułu derywatyw,current_investments,1,1,PEWNE,ASBISc SSF H1 2026 (tys. USD) + kolumna biznesradar.pl 2026/Q2 (tys. PLN),"530 + 301 359 = 301 889 = BalanceCurrentInvestments / 3,7708"
ASB,AKT_OBR,Środki pieniężne w banku i gotówka,cash,1,1,PEWNE,ASBISc SSF H1 2026 (tys. USD) + kolumna biznesradar.pl 2026/Q2 (tys. PLN),
ASB,AKT_OBR,Środki pieniężne w banku i gotówka,current_investments,1,1,PEWNE,ASBISc SSF H1 2026 (tys. USD) + kolumna biznesradar.pl 2026/Q2 (tys. PLN),w standardzie inwestycje krotkoterminowe ZAWIERAJA srodki pieniezne
ASB,AKT_OBR,Aktywa obrotowe ogółem,current_assets,1,1,PEWNE,ASBISc SSF H1 2026 (tys. USD) + kolumna biznesradar.pl 2026/Q2 (tys. PLN),
ASB,AKTYWA,Aktywa ogółem,total_assets,1,1,PEWNE,ASBISc SSF H1 2026 (tys. USD) + kolumna biznesradar.pl 2026/Q2 (tys. PLN),
ASB,KAPITAL,Kapitał zakładowy,share_capital,1,1,PEWNE,ASBISc SSF H1 2026 (tys. USD) + kolumna biznesradar.pl 2026/Q2 (tys. PLN),
ASB,KAPITAL,Kapitał zapasowy ze sprzedaży akcji powyżej ich wartości nominalnej,reserve,1,1,PEWNE,ASBISc SSF H1 2026 (tys. USD) + kolumna biznesradar.pl 2026/Q2 (tys. PLN),"agio -> reserve, czwarty raz po JSW, Orange i Kruku"
ASB,KAPITAL,Zatrzymane zyski i inne składniki kapitałów własnych,retained_earnings,1,1,PEWNE,ASBISc SSF H1 2026 (tys. USD) + kolumna biznesradar.pl 2026/Q2 (tys. PLN),
ASB,KAPITAL,Kapitały własne przypadające na właścicieli podmiotu dominującego,POMIN,,1,PEWNE,ASBISc SSF H1 2026 (tys. USD) + kolumna biznesradar.pl 2026/Q2 (tys. PLN),"strona www pokazuje te liczbe, ale wzorzec trzyma w capital CALY kapital wlasny"
ASB,KAPITAL,Udziały mniejszościowe,nonshare_capital,1,1,PEWNE,ASBISc SSF H1 2026 (tys. USD) + kolumna biznesradar.pl 2026/Q2 (tys. PLN),UJEMNE (-1 087 USD) - pierwszy taki przypadek w slowniku
ASB,KAPITAL,Kapitały własne ogółem,capital,1,1,PEWNE,ASBISc SSF H1 2026 (tys. USD) + kolumna biznesradar.pl 2026/Q2 (tys. PLN),
ASB,ZOB_DL,Pożyczki długoterminowe,noncurrent_borrowings,1,1,PEWNE,ASBISc SSF H1 2026 (tys. USD) + kolumna biznesradar.pl 2026/Q2 (tys. PLN),
ASB,ZOB_DL,Pozostałe zobowiązania długoterminowe,noncurrent_other_liabilities,1,1,PEWNE,ASBISc SSF H1 2026 (tys. USD) + kolumna biznesradar.pl 2026/Q2 (tys. PLN),"1 167 + 188 = 1 355 = BalanceNoncurrentOtherLiabilities / 3,7708"
ASB,ZOB_DL,Zobowiązania z tytułu podatku odroczonego,noncurrent_other_liabilities,1,1,PEWNE,ASBISc SSF H1 2026 (tys. USD) + kolumna biznesradar.pl 2026/Q2 (tys. PLN),
ASB,ZOB_DL,Zobowiązania długoterminowe ogółem,noncurrent_liabilities,1,1,PEWNE,ASBISc SSF H1 2026 (tys. USD) + kolumna biznesradar.pl 2026/Q2 (tys. PLN),
ASB,ZOB_KR,Zobowiązania z tytułu dostaw i usług i przedpłaty,current_trade_payables,1,1,PEWNE,ASBISc SSF H1 2026 (tys. USD) + kolumna biznesradar.pl 2026/Q2 (tys. PLN),
ASB,ZOB_KR,Kredyty i pożyczki krótkoterminowe,current_borrowings,1,1,PEWNE,ASBISc SSF H1 2026 (tys. USD) + kolumna biznesradar.pl 2026/Q2 (tys. PLN),
ASB,ZOB_KR,Zobowiązania z tytułu faktoringu,current_other_liabilities,1,1,PEWNE,ASBISc SSF H1 2026 (tys. USD) + kolumna biznesradar.pl 2026/Q2 (tys. PLN),"FAKTORING (69 995) idzie w inne zobowiazania krotkoterminowe, nie w kredyty: 69 995 + 144 450 + 478 + 18 578 = 233 501 = BalanceCurrentOtherLiabilities / 3,7708"
ASB,ZOB_KR,Pozostałe zobowiązania krótkoterminowe,current_other_liabilities,1,1,PEWNE,ASBISc SSF H1 2026 (tys. USD) + kolumna biznesradar.pl 2026/Q2 (tys. PLN),
ASB,ZOB_KR,Zobowiązania finansowe z tytułu derywatyw,current_other_liabilities,1,1,PEWNE,ASBISc SSF H1 2026 (tys. USD) + kolumna biznesradar.pl 2026/Q2 (tys. PLN),
ASB,ZOB_KR,Bieżące opodatkowanie,current_other_liabilities,1,1,PEWNE,ASBISc SSF H1 2026 (tys. USD) + kolumna biznesradar.pl 2026/Q2 (tys. PLN),
ASB,ZOB_KR,Zobowiązania krótkoterminowe ogółem,current_liabilities,1,1,PEWNE,ASBISc SSF H1 2026 (tys. USD) + kolumna biznesradar.pl 2026/Q2 (tys. PLN),
ASB,ZOB_KR,Zobowiązania ogółem,POMIN,,1,PEWNE,ASBISc SSF H1 2026 (tys. USD) + kolumna biznesradar.pl 2026/Q2 (tys. PLN),suma obu blokow
ASB,ZOB_KR,Pasywa ogółem,total_equity_liabilities,1,1,PEWNE,ASBISc SSF H1 2026 (tys. USD) + kolumna biznesradar.pl 2026/Q2 (tys. PLN),
ASB,CF,Zysk za okres przed opodatkowaniem i udziałami mniejszościowymi,POMIN,,1,PEWNE,ASBISc SSF H1 2026 (tys. USD) + kolumna biznesradar.pl 2026/Q2 (tys. PLN),
ASB,CF,Korekty: Różnica kursowa z konsolidacji,POMIN,,1,PEWNE,ASBISc SSF H1 2026 (tys. USD) + kolumna biznesradar.pl 2026/Q2 (tys. PLN),"naglowek ""Korekty:"" sklejony przez konwerter PDF"
ASB,CF,Amortyzacja,amortization,1,1,PEWNE,ASBISc SSF H1 2026 (tys. USD) + kolumna biznesradar.pl 2026/Q2 (tys. PLN),"7 181 + 319 + 18 = 7 518 = CashflowAmortization / 3,7708"
ASB,CF,Amortyzacja wartości niematerialnych i prawnych,amortization,1,1,PEWNE,ASBISc SSF H1 2026 (tys. USD) + kolumna biznesradar.pl 2026/Q2 (tys. PLN),
ASB,CF,Amortyzacja nieruchomości inwestycyjnych,amortization,1,1,PEWNE,ASBISc SSF H1 2026 (tys. USD) + kolumna biznesradar.pl 2026/Q2 (tys. PLN),
ASB,CF,Strata/(zysk) ze sprzedaży środków trwałych i aktywów niematerialnych,POMIN,,1,PEWNE,ASBISc SSF H1 2026 (tys. USD) + kolumna biznesradar.pl 2026/Q2 (tys. PLN),
ASB,CF,Rezerwa na odpisane złe długi i należności,POMIN,,1,PEWNE,ASBISc SSF H1 2026 (tys. USD) + kolumna biznesradar.pl 2026/Q2 (tys. PLN),
ASB,CF,Rezerwa na wolno rotujące i przestarzałe zapasy,POMIN,,1,PEWNE,ASBISc SSF H1 2026 (tys. USD) + kolumna biznesradar.pl 2026/Q2 (tys. PLN),
ASB,CF,Udział w stracie podmiotów objętych wyceną kapitałową,POMIN,,1,PEWNE,ASBISc SSF H1 2026 (tys. USD) + kolumna biznesradar.pl 2026/Q2 (tys. PLN),
ASB,CF,Otrzymane odsetki,POMIN,,1,PEWNE,ASBISc SSF H1 2026 (tys. USD) + kolumna biznesradar.pl 2026/Q2 (tys. PLN),korekta wyniku; wersja kasowa siedzi w bloku inwestycyjnym
ASB,CF,Zapłacone odsetki,POMIN,,1,PEWNE,ASBISc SSF H1 2026 (tys. USD) + kolumna biznesradar.pl 2026/Q2 (tys. PLN),"korekta wyniku; wersja kasowa nizej, jako ""Odsetki zaplacone"""
ASB,CF,Zysk z działalności operacyjnej przed zmianami stanu kapitału obrotowego,POMIN,,1,PEWNE,ASBISc SSF H1 2026 (tys. USD) + kolumna biznesradar.pl 2026/Q2 (tys. PLN),
ASB,CF,Zmniejszenie stanu zapasów,POMIN,,1,PEWNE,ASBISc SSF H1 2026 (tys. USD) + kolumna biznesradar.pl 2026/Q2 (tys. PLN),kapital obrotowy liczymy z bilansu
ASB,CF,Zwiększenie stanu należności handlowych,POMIN,,1,PEWNE,ASBISc SSF H1 2026 (tys. USD) + kolumna biznesradar.pl 2026/Q2 (tys. PLN),
ASB,CF,Zmniejszenie stanu pozostałych aktywów obrotowych,POMIN,,1,PEWNE,ASBISc SSF H1 2026 (tys. USD) + kolumna biznesradar.pl 2026/Q2 (tys. PLN),
ASB,CF,Zwiększenie stanu pozostałych aktywów trwałych,POMIN,,1,PEWNE,ASBISc SSF H1 2026 (tys. USD) + kolumna biznesradar.pl 2026/Q2 (tys. PLN),
ASB,CF,Zwiększenie/(zmniejszenie) stanuzobowiązań handlowych i zobowiązań umownych,POMIN,,1,PEWNE,ASBISc SSF H1 2026 (tys. USD) + kolumna biznesradar.pl 2026/Q2 (tys. PLN),"literowka ""stanuzobowiazan"" jest w oryginale"
ASB,CF,(Zmniejszenie)/zwiększenie stanu zobowiązań handlowych z tytułu faktoringu,POMIN,,1,PEWNE,ASBISc SSF H1 2026 (tys. USD) + kolumna biznesradar.pl 2026/Q2 (tys. PLN),
ASB,CF,Zwiększenie stanu pozostałych zobowiązań krótkoterminowych,POMIN,,1,PEWNE,ASBISc SSF H1 2026 (tys. USD) + kolumna biznesradar.pl 2026/Q2 (tys. PLN),
ASB,CF,Zwiększenie stanu pozostałych zobowiązań długoterminowych,POMIN,,1,PEWNE,ASBISc SSF H1 2026 (tys. USD) + kolumna biznesradar.pl 2026/Q2 (tys. PLN),
ASB,CF,Zmniejszenie stanu zobowiązań faktoringowych,POMIN,,1,PEWNE,ASBISc SSF H1 2026 (tys. USD) + kolumna biznesradar.pl 2026/Q2 (tys. PLN),
ASB,CF,Wplywy netto z dzialalnosci operacyjnej PRZED odsetkami i podatkiem,POMIN,,1,PEWNE,ASBISc SSF H1 2026 (tys. USD) + kolumna biznesradar.pl 2026/Q2 (tys. PLN),"suma posrednia (93 849). W PDF jej etykieta rozni sie od koncowej TYLKO polozeniem nawiasu, wiec po normalizacji byly identyczne i operating_cashflow wychodzil podwojony - konwerter nadaje jej wlasna nazwe"
ASB,CF,Odsetki zapłacone,repaid_bank_loans,-1,1,WYSOKA,ASBISc SSF H1 2026 (tys. USD) + kolumna biznesradar.pl 2026/Q2 (tys. PLN),
ASB,CF,"Podatki zapłacone, netto",POMIN,,1,PEWNE,ASBISc SSF H1 2026 (tys. USD) + kolumna biznesradar.pl 2026/Q2 (tys. PLN),
ASB,CF,Wpływy/(wydatki netto) środków pieniężnych z działalności operacyjnej,operating_cashflow,1,1,PEWNE,ASBISc SSF H1 2026 (tys. USD) + kolumna biznesradar.pl 2026/Q2 (tys. PLN),POTWIERDZONE: 77 336 USD = 291 619 PLN. Dwie niemal identyczne etykiety - rozni je polozenie nawiasu
ASB,CF_INW,Nabycie wartości niematerialnych i prawnych,capex,-1,1,PEWNE,ASBISc SSF H1 2026 (tys. USD) + kolumna biznesradar.pl 2026/Q2 (tys. PLN),"12 506 + 9 982 = 22 488 = CashflowCapex / 3,7708"
ASB,CF_INW,Nabycie środków trwałych,capex,-1,1,PEWNE,ASBISc SSF H1 2026 (tys. USD) + kolumna biznesradar.pl 2026/Q2 (tys. PLN),
ASB,CF_INW,Wpływy/(płatności) ze sprzedaży środków trwałych i wartości niematerialnych i prawnych,POMIN,,1,PEWNE,ASBISc SSF H1 2026 (tys. USD) + kolumna biznesradar.pl 2026/Q2 (tys. PLN),
ASB,CF_INW,Płatność netto z tytułu nabycia inwestycji w wartości godziwej przez wynik finansowy,POMIN,,1,PEWNE,ASBISc SSF H1 2026 (tys. USD) + kolumna biznesradar.pl 2026/Q2 (tys. PLN),
ASB,CF_INW,Spłaty pożyczek udzielonych podmiotom stowarzyszonym,POMIN,,1,PEWNE,ASBISc SSF H1 2026 (tys. USD) + kolumna biznesradar.pl 2026/Q2 (tys. PLN),
ASB,CF_INW,Płatności z tytułu nabycia inwestycji w podmiotach stowarzyszonych,outflows_for_acquisitions,-1,1,WYSOKA,ASBISc SSF H1 2026 (tys. USD) + kolumna biznesradar.pl 2026/Q2 (tys. PLN),
ASB,CF_INW,Podwyższenie kapitału zakładowego spółki zależnej z udziałami mniejszościowymi,POMIN,,1,PEWNE,ASBISc SSF H1 2026 (tys. USD) + kolumna biznesradar.pl 2026/Q2 (tys. PLN),
ASB,CF_INW,Otrzymane odsetki,proceed_bank_loans,1,1,WYSOKA,ASBISc SSF H1 2026 (tys. USD) + kolumna biznesradar.pl 2026/Q2 (tys. PLN),
ASB,CF_INW,Wydatki środków pieniężnych netto z działalności inwestycyjnej,investing_cashflow,1,1,PEWNE,ASBISc SSF H1 2026 (tys. USD) + kolumna biznesradar.pl 2026/Q2 (tys. PLN),
ASB,CF_FIN,Wypłata dywidendy finalnej,dividend,-1,1,PEWNE,ASBISc SSF H1 2026 (tys. USD) + kolumna biznesradar.pl 2026/Q2 (tys. PLN),"POTWIERDZONE: CashflowDividend = 73 248 PLN / 3,7708 = 19 425 USD"
ASB,CF_FIN,(Spłaty)/wpływy z tytułu pożyczek długoterminowych i zobowiązań z tytułu leasingu długoterminowego,POMIN,,1,PEWNE,ASBISc SSF H1 2026 (tys. USD) + kolumna biznesradar.pl 2026/Q2 (tys. PLN),"Asbis nie wydziela platnosci leasingowych - lease_liab_payments zostaje puste, tak jak u biznesradaru"
ASB,CF_FIN,(Spłaty)/wpływy z tytułu pożyczek krótkoterminowych i zobowiązań z tytułu leasingu krótkoterminowego,POMIN,,1,PEWNE,ASBISc SSF H1 2026 (tys. USD) + kolumna biznesradar.pl 2026/Q2 (tys. PLN),
ASB,CF_FIN,Nabycie udziałów mniejszościowych bez zmiany kontroli,POMIN,,1,PEWNE,ASBISc SSF H1 2026 (tys. USD) + kolumna biznesradar.pl 2026/Q2 (tys. PLN),
ASB,CF_FIN,(Wydatki)/wpływy netto środków pieniężnych z działalności finansowej,financing_cashflow,1,1,PEWNE,ASBISc SSF H1 2026 (tys. USD) + kolumna biznesradar.pl 2026/Q2 (tys. PLN),
ASB,CF_FIN,Zwiększenie/(zmniejszenie) netto stanu środków pieniężnych i ich ekwiwalentów,net_cashflow,1,1,PEWNE,ASBISc SSF H1 2026 (tys. USD) + kolumna biznesradar.pl 2026/Q2 (tys. PLN),
ASB,CF_FIN,Środki pieniężne i ich ekwiwalenty na początek roku,POMIN,,1,PEWNE,ASBISc SSF H1 2026 (tys. USD) + kolumna biznesradar.pl 2026/Q2 (tys. PLN),
ASB,CF_FIN,Środki pieniężne i ich ekwiwalenty na koniec okresu,POMIN,,1,PEWNE,ASBISc SSF H1 2026 (tys. USD) + kolumna biznesradar.pl 2026/Q2 (tys. PLN),"UWAGA: 220 875 USD, a w bilansie ""Srodki pieniezne w banku i gotowka"" 301 359 - roznica to srodki o ograniczonej dostepnosci"
ECH,RZIS,Przychody ze sprzedaży,revenues,1,1,PEWNE,Echo Investment raport kwartalny I kw. 2026 + kolumna biznesradar.pl 2026/Q1,
ECH,RZIS,Koszt własny sprzedaży,cost_of_sales,-1,1,PEWNE,Echo Investment raport kwartalny I kw. 2026 + kolumna biznesradar.pl 2026/Q1,
ECH,RZIS,Zysk brutto ze sprzedaży,POMIN,,1,PEWNE,Echo Investment raport kwartalny I kw. 2026 + kolumna biznesradar.pl 2026/Q1,standardowy gross_profit to INNA wielkosc (74 302) - liczy ja regula
ECH,RZIS,Zysk (strata) z nieruchomości inwestycyjnych,other_operating_income,1,1,PEWNE,Echo Investment raport kwartalny I kw. 2026 + kolumna biznesradar.pl 2026/Q1,AKTUALIZACJA WYCENY NIERUCHOMOSCI siedzi u dewelopera komercyjnego WEWNATRZ wyniku operacyjnego. POTWIERDZONE: 4 136 + 4 102 = 8 238 = IncomeOtherOperatingIncome. Pozycja ma wlasny znak (w I kw. 2025 byla -34 119)
ECH,RZIS,Koszty administracyjne związane z realizacją projektów,administrative_expenses,-1,1,WYSOKA,Echo Investment raport kwartalny I kw. 2026 + kolumna biznesradar.pl 2026/Q1,"Potrzebne, zeby gross_profit wyszedl 74 302 = IncomeGrossProfit (bez tej pozycji byloby 97 691). UWAGA: biznesradar pokazuje IncomeAdministrativExpenses = 17 575, czyli same koszty ogolnego zarzadu - jego wlasne skladniki NIE sumuja sie do jego wlasnego zysku ze sprzedazy"
ECH,RZIS,Koszty sprzedaży,distribution_expenses,-1,1,PEWNE,Echo Investment raport kwartalny I kw. 2026 + kolumna biznesradar.pl 2026/Q1,
ECH,RZIS,Koszty ogólnego zarządu,administrative_expenses,-1,1,PEWNE,Echo Investment raport kwartalny I kw. 2026 + kolumna biznesradar.pl 2026/Q1,
ECH,RZIS,Pozostałe przychody operacyjne,other_operating_income,1,1,PEWNE,Echo Investment raport kwartalny I kw. 2026 + kolumna biznesradar.pl 2026/Q1,
ECH,RZIS,Pozostałe koszty operacyjne,other_operating_costs,-1,1,PEWNE,Echo Investment raport kwartalny I kw. 2026 + kolumna biznesradar.pl 2026/Q1,
ECH,RZIS,Zysk (strata) operacyjny,ebit,1,1,PEWNE,Echo Investment raport kwartalny I kw. 2026 + kolumna biznesradar.pl 2026/Q1,
ECH,RZIS,Przychody finansowe,finance_income,1,1,PEWNE,Echo Investment raport kwartalny I kw. 2026 + kolumna biznesradar.pl 2026/Q1,
ECH,RZIS,Koszty finansowe,finance_costs,-1,1,PEWNE,Echo Investment raport kwartalny I kw. 2026 + kolumna biznesradar.pl 2026/Q1,
ECH,RZIS,Zysk z tytułu różnic kursowych,other_income,1,1,PEWNE,Echo Investment raport kwartalny I kw. 2026 + kolumna biznesradar.pl 2026/Q1,POTWIERDZONE: -10 170 + 9 937 = -233 = IncomeOtherIncome
ECH,RZIS,Udział w zyskach jednostek ujmowanych metodą praw własności,other_income,1,1,PEWNE,Echo Investment raport kwartalny I kw. 2026 + kolumna biznesradar.pl 2026/Q1,
ECH,RZIS,Zysk (strata) brutto,before_tax_profit,1,1,PEWNE,Echo Investment raport kwartalny I kw. 2026 + kolumna biznesradar.pl 2026/Q1,
ECH,RZIS,Podatek dochodowy,POMIN,,1,PEWNE,Echo Investment raport kwartalny I kw. 2026 + kolumna biznesradar.pl 2026/Q1,standard nie ma klucza na podatek
ECH,RZIS,- część bieżąca,POMIN,,1,PEWNE,Echo Investment raport kwartalny I kw. 2026 + kolumna biznesradar.pl 2026/Q1,
ECH,RZIS,- część odroczona,POMIN,,1,PEWNE,Echo Investment raport kwartalny I kw. 2026 + kolumna biznesradar.pl 2026/Q1,
ECH,RZIS,"Zysk (strata) netto, w tym:",net_profit,1,1,PEWNE,Echo Investment raport kwartalny I kw. 2026 + kolumna biznesradar.pl 2026/Q1,
ECH,RZIS,Zysk (strata) przypadający akcjonariuszom jednostki dominującej,shareholder_net_profit,1,1,PEWNE,Echo Investment raport kwartalny I kw. 2026 + kolumna biznesradar.pl 2026/Q1,
ECH,RZIS,Zysk (strata) udziałowców niekontrolujących,POMIN,,1,PEWNE,Echo Investment raport kwartalny I kw. 2026 + kolumna biznesradar.pl 2026/Q1,"w RZiS to rozbicie wyniku, nie pozycja bilansu"
ECH,RZIS_ZYSK,Zysk (strata) przypadający akcjonariuszom jednostki dominującej,POMIN,,1,PEWNE,Echo Investment raport kwartalny I kw. 2026 + kolumna biznesradar.pl 2026/Q1,POWTORZENIE - bez osobnej sekcji shareholder_net_profit wyszedlby podwojony (20 556)
ECH,RZIS_ZYSK,Średnia ważona liczba akcji zwykłych (w tys. sztuk) bez posiadanych akcji własnych,POMIN,,1,PEWNE,Echo Investment raport kwartalny I kw. 2026 + kolumna biznesradar.pl 2026/Q1,"srednia wazona, nie stan na dzien bilansowy - jak przy Neuce"
ECH,RZIS_ZYSK,Podstawowy zysk (strata) na jedną akcję zwykłą (w PLN),POMIN,,1,PEWNE,Echo Investment raport kwartalny I kw. 2026 + kolumna biznesradar.pl 2026/Q1,
ECH,RZIS_ZYSK,Rozwodniony zysk (strata) na jedną akcję zwykłą (w PLN),POMIN,,1,PEWNE,Echo Investment raport kwartalny I kw. 2026 + kolumna biznesradar.pl 2026/Q1,
ECH,AKT_TRW,Wartości niematerialne,other_intangible_assets,1,1,PEWNE,Echo Investment raport kwartalny I kw. 2026 + kolumna biznesradar.pl 2026/Q1,Echo nie wykazuje wartosci firmy - goodwill zostaje 0
ECH,AKT_TRW,Rzeczowe aktywa trwałe,property,1,1,PEWNE,Echo Investment raport kwartalny I kw. 2026 + kolumna biznesradar.pl 2026/Q1,Echo nie pokazuje osobno prawa do uzytkowania - right_to_use_assets zostaje puste
ECH,AKT_TRW,Nieruchomości inwestycyjne,noncurrent_investments,1,1,PEWNE,Echo Investment raport kwartalny I kw. 2026 + kolumna biznesradar.pl 2026/Q1,608 840 + 468 080 + 845 025 + 403 652 + 37 885 = 2 363 482 = BalanceNoncurrInvestments
ECH,AKT_TRW,Nieruchomości inwestycyjne w budowie,noncurrent_investments,1,1,PEWNE,Echo Investment raport kwartalny I kw. 2026 + kolumna biznesradar.pl 2026/Q1,
ECH,AKT_TRW,Inwestycje w jednostkach stowarzyszonych i wspólnych przedsięwzięciach wycenianych metodą praw własności,noncurrent_investments,1,1,PEWNE,Echo Investment raport kwartalny I kw. 2026 + kolumna biznesradar.pl 2026/Q1,
ECH,AKT_TRW,Długoterminowe aktywa finansowe,noncurrent_investments,1,1,PEWNE,Echo Investment raport kwartalny I kw. 2026 + kolumna biznesradar.pl 2026/Q1,
ECH,AKT_TRW,Grunty przeznaczone pod zabudowę,noncurrent_investments,1,1,PEWNE,Echo Investment raport kwartalny I kw. 2026 + kolumna biznesradar.pl 2026/Q1,"GRUNTY POD ZABUDOWE ida w inwestycje dlugoterminowe, a NIE w zapasy - inaczej niz banki gruntow deweloperow mieszkaniowych"
ECH,AKT_TRW,Należności z tytułu leasingu,noncurrent_receivables,1,1,PEWNE,Echo Investment raport kwartalny I kw. 2026 + kolumna biznesradar.pl 2026/Q1,
ECH,AKT_TRW,Pozostałe aktywa,other_noncurrent_assets,1,1,PEWNE,Echo Investment raport kwartalny I kw. 2026 + kolumna biznesradar.pl 2026/Q1,456 + 189 879 = 190 335 = BalanceOtherNoncurrentAssets
ECH,AKT_TRW,Aktywa z tytułu odroczonego podatku dochodowego,other_noncurrent_assets,1,1,PEWNE,Echo Investment raport kwartalny I kw. 2026 + kolumna biznesradar.pl 2026/Q1,
ECH,AKT_TRW,Aktywa trwale razem,noncurrent_assets,1,1,PEWNE,Echo Investment raport kwartalny I kw. 2026 + kolumna biznesradar.pl 2026/Q1,goly wiersz sumy bez etykiety - konwerter nadaje mu nazwe
ECH,AKT_OBR,Zapasy,inventory,1,1,PEWNE,Echo Investment raport kwartalny I kw. 2026 + kolumna biznesradar.pl 2026/Q1,"projekty mieszkaniowe w budowie - 2,76 mld, 42% sumy bilansowej"
ECH,AKT_OBR,Należności handlowe i pozostałe,current_receivables,1,1,PEWNE,Echo Investment raport kwartalny I kw. 2026 + kolumna biznesradar.pl 2026/Q1,193 809 + 10 456 + 87 751 = 292 016 = BalanceCurrentReceivables
ECH,AKT_OBR,Należności z tytułu podatku dochodowego,current_receivables,1,1,PEWNE,Echo Investment raport kwartalny I kw. 2026 + kolumna biznesradar.pl 2026/Q1,
ECH,AKT_OBR,Należności z tytułu pozostałych podatków,current_receivables,1,1,PEWNE,Echo Investment raport kwartalny I kw. 2026 + kolumna biznesradar.pl 2026/Q1,
ECH,AKT_OBR,Krótkoterminowe aktywa finansowe,current_investments,1,1,PEWNE,Echo Investment raport kwartalny I kw. 2026 + kolumna biznesradar.pl 2026/Q1,16 022 + 24 + 133 568 + 388 997 = 538 611 = BalanceCurrentInvestments
ECH,AKT_OBR,Pochodne instrumenty finansowe,current_investments,1,1,PEWNE,Echo Investment raport kwartalny I kw. 2026 + kolumna biznesradar.pl 2026/Q1,
ECH,AKT_OBR,Inne aktywa finansowe,current_investments,1,1,PEWNE,Echo Investment raport kwartalny I kw. 2026 + kolumna biznesradar.pl 2026/Q1,
ECH,AKT_OBR,Środki pieniężne i ich ekwiwalenty,cash,1,1,PEWNE,Echo Investment raport kwartalny I kw. 2026 + kolumna biznesradar.pl 2026/Q1,
ECH,AKT_OBR,Środki pieniężne i ich ekwiwalenty,current_investments,1,1,PEWNE,Echo Investment raport kwartalny I kw. 2026 + kolumna biznesradar.pl 2026/Q1,w standardzie inwestycje krotkoterminowe ZAWIERAJA srodki pieniezne
ECH,AKT_OBR,Aktywa obrotowe razem,POMIN,,1,PEWNE,Echo Investment raport kwartalny I kw. 2026 + kolumna biznesradar.pl 2026/Q1,suma BEZ grupy do zbycia - standard chce sumy Z grupa
ECH,AKT_OBR,Aktywa trwałe (grupa zbycia) przeznaczone do sprzedaży,assets_for_sale,1,1,PEWNE,Echo Investment raport kwartalny I kw. 2026 + kolumna biznesradar.pl 2026/Q1,"skladnik aktywow obrotowych, nie trzeci addend sumy bilansowej"
ECH,AKT_OBR,Aktywa obrotowe z grupa do zbycia razem,current_assets,1,1,PEWNE,Echo Investment raport kwartalny I kw. 2026 + kolumna biznesradar.pl 2026/Q1,3 593 325 + 167 222 = 3 760 547 = BalanceCurrentAssets
ECH,AKT_OBR,Aktywa razem,total_assets,1,1,PEWNE,Echo Investment raport kwartalny I kw. 2026 + kolumna biznesradar.pl 2026/Q1,
ECH,KAPITAL,Kapitał zakładowy,share_capital,1,1,PEWNE,Echo Investment raport kwartalny I kw. 2026 + kolumna biznesradar.pl 2026/Q1,
ECH,KAPITAL,Kapitał zapasowy,reserve,1,1,PEWNE,Echo Investment raport kwartalny I kw. 2026 + kolumna biznesradar.pl 2026/Q1,
ECH,KAPITAL,Kapitał z tytułu programów opcyjnych,kapitaly_pozostale_nierozdzielone,1,1,PEWNE,Echo Investment raport kwartalny I kw. 2026 + kolumna biznesradar.pl 2026/Q1,
ECH,KAPITAL,Zyski zatrzymane,retained_earnings,1,1,PEWNE,Echo Investment raport kwartalny I kw. 2026 + kolumna biznesradar.pl 2026/Q1,
ECH,KAPITAL,Różnice kursowe z przeliczenia jednostek zagranicznych,kapitaly_pozostale_nierozdzielone,1,1,PEWNE,Echo Investment raport kwartalny I kw. 2026 + kolumna biznesradar.pl 2026/Q1,
ECH,KAPITAL,Kapitał własny przypisany akcjonariuszom jednostki dominującej,POMIN,,1,PEWNE,Echo Investment raport kwartalny I kw. 2026 + kolumna biznesradar.pl 2026/Q1,"strona www pokazuje te liczbe, ale wzorzec trzyma w capital CALY kapital wlasny"
ECH,KAPITAL,Kapitały udziałowców niekontrolujących,nonshare_capital,1,1,PEWNE,Echo Investment raport kwartalny I kw. 2026 + kolumna biznesradar.pl 2026/Q1,
ECH,KAPITAL,Kapital wlasny razem,capital,1,1,PEWNE,Echo Investment raport kwartalny I kw. 2026 + kolumna biznesradar.pl 2026/Q1,
ECH,ZOB_DL,"Kredyty, pożyczki i obligacje",noncurrent_borrowings,1,1,PEWNE,Echo Investment raport kwartalny I kw. 2026 + kolumna biznesradar.pl 2026/Q1,"JEDNA linia na kredyty, pozyczki i obligacje - calosc idzie w borrowings, noncurrent_obligations zostaje 0"
ECH,ZOB_DL,Zobowiązania z tytułu leasingu,noncurrent_leasing,1,1,PEWNE,Echo Investment raport kwartalny I kw. 2026 + kolumna biznesradar.pl 2026/Q1,
ECH,ZOB_DL,Rezerwy długoterminowe,noncurrent_other_liabilities,1,1,PEWNE,Echo Investment raport kwartalny I kw. 2026 + kolumna biznesradar.pl 2026/Q1,8 509 + 162 367 + 70 521 = 241 397 = BalanceNoncurrentOtherLiabilities
ECH,ZOB_DL,Rezerwa z tytułu odroczonego podatku dochodowego,noncurrent_other_liabilities,1,1,PEWNE,Echo Investment raport kwartalny I kw. 2026 + kolumna biznesradar.pl 2026/Q1,
ECH,ZOB_DL,Zobowiązania pozostałe,noncurrent_other_liabilities,1,1,PEWNE,Echo Investment raport kwartalny I kw. 2026 + kolumna biznesradar.pl 2026/Q1,
ECH,ZOB_DL,Zobowiazania dlugoterminowe razem,noncurrent_liabilities,1,1,PEWNE,Echo Investment raport kwartalny I kw. 2026 + kolumna biznesradar.pl 2026/Q1,
ECH,ZOB_KR,"Kredyty, pożyczki i obligacje",current_borrowings,1,1,PEWNE,Echo Investment raport kwartalny I kw. 2026 + kolumna biznesradar.pl 2026/Q1,928 628 + 98 895 = 1 027 523 = BalanceCurrentBorrowings
ECH,ZOB_KR,"Kredyty, pożyczki i obligacje finansujące nieruchomości przeznaczone do sprzedaży",current_borrowings,1,1,PEWNE,Echo Investment raport kwartalny I kw. 2026 + kolumna biznesradar.pl 2026/Q1,
ECH,ZOB_KR,Zobowiązania handlowe,current_trade_payables,1,1,PEWNE,Echo Investment raport kwartalny I kw. 2026 + kolumna biznesradar.pl 2026/Q1,
ECH,ZOB_KR,Zobowiązania z tytułu leasingu,current_leasing,1,1,PEWNE,Echo Investment raport kwartalny I kw. 2026 + kolumna biznesradar.pl 2026/Q1,
ECH,ZOB_KR,Zobowiązania z tytułu umów z klientami,current_other_liabilities,1,1,PEWNE,Echo Investment raport kwartalny I kw. 2026 + kolumna biznesradar.pl 2026/Q1,"ZALICZKI NABYWCOW - 1,18 mld. 3 498 + 64 622 + 35 817 + 235 359 + 1 182 600 + 5 817 = 1 527 713 = BalanceCurrentOtherLiabilities"
ECH,ZOB_KR,Pochodne instrumenty finansowe,current_other_liabilities,1,1,PEWNE,Echo Investment raport kwartalny I kw. 2026 + kolumna biznesradar.pl 2026/Q1,
ECH,ZOB_KR,Zobowiązania z tytułu podatku dochodowego,current_other_liabilities,1,1,PEWNE,Echo Investment raport kwartalny I kw. 2026 + kolumna biznesradar.pl 2026/Q1,
ECH,ZOB_KR,Zobowiązania z tytułu pozostałych podatków,current_other_liabilities,1,1,PEWNE,Echo Investment raport kwartalny I kw. 2026 + kolumna biznesradar.pl 2026/Q1,
ECH,ZOB_KR,Rezerwy krótkoterminowe,current_other_liabilities,1,1,PEWNE,Echo Investment raport kwartalny I kw. 2026 + kolumna biznesradar.pl 2026/Q1,
ECH,ZOB_KR,Zobowiązania pozostałe,current_other_liabilities,1,1,PEWNE,Echo Investment raport kwartalny I kw. 2026 + kolumna biznesradar.pl 2026/Q1,
ECH,ZOB_KR,Zobowiązania dotyczące aktywów przeznaczonych do sprzedaży,current_other_liabilities,1,1,PEWNE,Echo Investment raport kwartalny I kw. 2026 + kolumna biznesradar.pl 2026/Q1,standard NIE ma klucza na zobowiazania grupy do zbycia - tak samo jak u JSW
ECH,ZOB_KR,Zobowiazania krotkoterminowe razem,POMIN,,1,PEWNE,Echo Investment raport kwartalny I kw. 2026 + kolumna biznesradar.pl 2026/Q1,suma BEZ grupy do zbycia
ECH,ZOB_KR,Zobowiazania krotkoterminowe z grupa do zbycia razem,current_liabilities,1,1,PEWNE,Echo Investment raport kwartalny I kw. 2026 + kolumna biznesradar.pl 2026/Q1,2 778 482 + 5 817 = 2 784 299 = BalanceCurrentLiabilities
ECH,ZOB_KR,Kapitał własny i zobowiązania razem,total_equity_liabilities,1,1,PEWNE,Echo Investment raport kwartalny I kw. 2026 + kolumna biznesradar.pl 2026/Q1,
ECH,CF,I. Zysk brutto,POMIN,,1,PEWNE,Echo Investment raport kwartalny I kw. 2026 + kolumna biznesradar.pl 2026/Q1,
ECH,CF,II. Korekty razem Udział w (zyskach) netto jednostek ujmowanych metodą praw własności,POMIN,,1,PEWNE,Echo Investment raport kwartalny I kw. 2026 + kolumna biznesradar.pl 2026/Q1,naglowek sklejony przez konwerter PDF
ECH,CF,Amortyzacja środków trwałych i wartości niematerialnych,amortization,1,1,PEWNE,Echo Investment raport kwartalny I kw. 2026 + kolumna biznesradar.pl 2026/Q1,POTWIERDZONE: CashflowAmortization = 4 628
ECH,CF,(Zyski) straty z tytułu różnic kursowych,POMIN,,1,PEWNE,Echo Investment raport kwartalny I kw. 2026 + kolumna biznesradar.pl 2026/Q1,
ECH,CF,Odsetki i udziały w zyskach (dywidendy),POMIN,,1,PEWNE,Echo Investment raport kwartalny I kw. 2026 + kolumna biznesradar.pl 2026/Q1,
ECH,CF,Zysk (strata) z nieruchomości inwestycyjnych,POMIN,,1,PEWNE,Echo Investment raport kwartalny I kw. 2026 + kolumna biznesradar.pl 2026/Q1,w przeplywach to korekta wyniku - wersja z RZiS idzie w other_operating_income
ECH,CF,Strata z działalności inwestycyjnej,POMIN,,1,PEWNE,Echo Investment raport kwartalny I kw. 2026 + kolumna biznesradar.pl 2026/Q1,
ECH,CF,Zmiana stanu rezerw,POMIN,,1,PEWNE,Echo Investment raport kwartalny I kw. 2026 + kolumna biznesradar.pl 2026/Q1,
ECH,CF,(Zysk) strata z tyt realizacji instrumentów finansowych,POMIN,,1,PEWNE,Echo Investment raport kwartalny I kw. 2026 + kolumna biznesradar.pl 2026/Q1,
ECH,CF,Korekty razem,POMIN,,1,PEWNE,Echo Investment raport kwartalny I kw. 2026 + kolumna biznesradar.pl 2026/Q1,goly wiersz sumy - konwerter nadaje mu nazwe
ECH,CF,III. Zmiany kapitału obrotowego: Zmiana stanu zapasów,POMIN,,1,PEWNE,Echo Investment raport kwartalny I kw. 2026 + kolumna biznesradar.pl 2026/Q1,kapital obrotowy liczymy z bilansu
ECH,CF,Zmiana stanu należności,POMIN,,1,PEWNE,Echo Investment raport kwartalny I kw. 2026 + kolumna biznesradar.pl 2026/Q1,
ECH,CF,"Zmiana stanu zobowiązań krótkoterminowych, z wyjątkiem pożyczek i kredytów",POMIN,,1,PEWNE,Echo Investment raport kwartalny I kw. 2026 + kolumna biznesradar.pl 2026/Q1,
ECH,CF,Zmiana stanu innych aktywów finansowych,POMIN,,1,PEWNE,Echo Investment raport kwartalny I kw. 2026 + kolumna biznesradar.pl 2026/Q1,
ECH,CF,Zmiany kapitalu obrotowego razem,POMIN,,1,PEWNE,Echo Investment raport kwartalny I kw. 2026 + kolumna biznesradar.pl 2026/Q1,
ECH,CF,IV. Środki pieniężne netto wygenerowane z działalności operacyjnej (I+II+III),POMIN,,1,PEWNE,Echo Investment raport kwartalny I kw. 2026 + kolumna biznesradar.pl 2026/Q1,suma PRZED podatkiem - standard bierze linie V
ECH,CF,Podatek dochodowy zapłacony,POMIN,,1,PEWNE,Echo Investment raport kwartalny I kw. 2026 + kolumna biznesradar.pl 2026/Q1,
ECH,CF,V. Przepływy pieniężne netto z działalności operacyjnej,operating_cashflow,1,1,PEWNE,Echo Investment raport kwartalny I kw. 2026 + kolumna biznesradar.pl 2026/Q1,
ECH,CF_INW,II. Wydatki Nabycie rzeczowych aktywów trwałych oraz wartości niematerialnych,capex,-1,1,PEWNE,Echo Investment raport kwartalny I kw. 2026 + kolumna biznesradar.pl 2026/Q1,"POTWIERDZONE: 1 337 + 39 598 = 40 935 = CashflowCapex. ""Inwestycje w nieruchomosci"" tez sa capexem"
ECH,CF_INW,Inwestycje w nieruchomości,capex,-1,1,PEWNE,Echo Investment raport kwartalny I kw. 2026 + kolumna biznesradar.pl 2026/Q1,
ECH,CF_INW,Z tytułu nabycia jednostek zależnych po potrąceniu o środki pieniężne i ich ekwiwalenty w nabytych jednost- kach,outflows_for_acquisitions,-1,1,WYSOKA,Echo Investment raport kwartalny I kw. 2026 + kolumna biznesradar.pl 2026/Q1,etykieta rozbita przez konwerter na dwie linie
ECH,CF_INW,Zbycie rzeczowych aktywów trwałych oraz wartości niematerialnych,POMIN,,1,PEWNE,Echo Investment raport kwartalny I kw. 2026 + kolumna biznesradar.pl 2026/Q1,
ECH,CF_INW,Zbycie inwestycji w nieruchomości,POMIN,,1,PEWNE,Echo Investment raport kwartalny I kw. 2026 + kolumna biznesradar.pl 2026/Q1,
ECH,CF_INW,Zwrot udzielonych pożyczek wraz z odsetkami,POMIN,,1,PEWNE,Echo Investment raport kwartalny I kw. 2026 + kolumna biznesradar.pl 2026/Q1,
ECH,CF_INW,Odsetki z tytułu leasingu,POMIN,,1,PEWNE,Echo Investment raport kwartalny I kw. 2026 + kolumna biznesradar.pl 2026/Q1,
ECH,CF_INW,Spłata należności z tytułu leasingu,POMIN,,1,PEWNE,Echo Investment raport kwartalny I kw. 2026 + kolumna biznesradar.pl 2026/Q1,
ECH,CF_INW,Przepływy z tytułu zbycia udziałów w jednostkach zależnych,POMIN,,1,PEWNE,Echo Investment raport kwartalny I kw. 2026 + kolumna biznesradar.pl 2026/Q1,
ECH,CF_INW,Udzielone pożyczki,POMIN,,1,PEWNE,Echo Investment raport kwartalny I kw. 2026 + kolumna biznesradar.pl 2026/Q1,
ECH,CF_INW,Wplywy inwestycyjne razem,POMIN,,1,PEWNE,Echo Investment raport kwartalny I kw. 2026 + kolumna biznesradar.pl 2026/Q1,
ECH,CF_INW,Wydatki inwestycyjne razem,POMIN,,1,PEWNE,Echo Investment raport kwartalny I kw. 2026 + kolumna biznesradar.pl 2026/Q1,
ECH,CF_INW,III. Przepływy pieniężne netto z działalności inwestycyjnej (I+II),investing_cashflow,1,1,PEWNE,Echo Investment raport kwartalny I kw. 2026 + kolumna biznesradar.pl 2026/Q1,
ECH,CF_FIN,Kredyty i pożyczki,POMIN,,1,PEWNE,Echo Investment raport kwartalny I kw. 2026 + kolumna biznesradar.pl 2026/Q1,standard nie ma klucza na wplywy z kredytow
ECH,CF_FIN,Emisja dłużnych papierów wartościowych,POMIN,,1,PEWNE,Echo Investment raport kwartalny I kw. 2026 + kolumna biznesradar.pl 2026/Q1,
ECH,CF_FIN,Wplywy finansowe razem,POMIN,,1,PEWNE,Echo Investment raport kwartalny I kw. 2026 + kolumna biznesradar.pl 2026/Q1,
ECH,CF_FIN,II. Wydatki Spłaty kredytów i pożyczek,POMIN,,1,PEWNE,Echo Investment raport kwartalny I kw. 2026 + kolumna biznesradar.pl 2026/Q1,
ECH,CF_FIN,Wykup dłużnych papierów wartościowych,POMIN,,1,PEWNE,Echo Investment raport kwartalny I kw. 2026 + kolumna biznesradar.pl 2026/Q1,
ECH,CF_FIN,Płatności zobowiązań z tytułu umów leasingu,lease_liab_payments,-1,1,PEWNE,Echo Investment raport kwartalny I kw. 2026 + kolumna biznesradar.pl 2026/Q1,POTWIERDZONE: CashflowLeasePayments = 15 839
ECH,CF_FIN,Odsetki zapłacone,repaid_bank_loans,-1,1,WYSOKA,Echo Investment raport kwartalny I kw. 2026 + kolumna biznesradar.pl 2026/Q1,
ECH,CF_FIN,Wydatki finansowe razem,POMIN,,1,PEWNE,Echo Investment raport kwartalny I kw. 2026 + kolumna biznesradar.pl 2026/Q1,
ECH,CF_FIN,III. Przepływy pieniężne netto z działalności finansowej (I+II),financing_cashflow,1,1,PEWNE,Echo Investment raport kwartalny I kw. 2026 + kolumna biznesradar.pl 2026/Q1,
ECH,CF_FIN,"D. Przepływy pieniężne netto, razem (A.V+B.III+C.III)",net_cashflow,1,1,PEWNE,Echo Investment raport kwartalny I kw. 2026 + kolumna biznesradar.pl 2026/Q1,
ECH,CF_FIN,E. Zmiana stanu środków pieniężnych w skonsolidowanym sprawozdaniu z sytuacji finansowej,POMIN,,1,PEWNE,Echo Investment raport kwartalny I kw. 2026 + kolumna biznesradar.pl 2026/Q1,
ECH,CF_FIN,F. Środki pieniężne i ich ekwiwalenty na początek okresu,POMIN,,1,PEWNE,Echo Investment raport kwartalny I kw. 2026 + kolumna biznesradar.pl 2026/Q1,
ECH,CF_FIN,G. Środki pieniężne i ich ekwiwalenty na koniec okresu (D+F),POMIN,,1,PEWNE,Echo Investment raport kwartalny I kw. 2026 + kolumna biznesradar.pl 2026/Q1,
PZU,RZIS,Przychody z ubezpieczeń,revenues,1,1,PEWNE,Grupa PZU SSF I polrocze 2026 + kolumny biznesradar.pl 2026/Q2 (bilans) i 2025/Q2 (RZiS),POTWIERDZONE na kolumnie 2025/Q2: 15 226 + 14 496 + 2 558 - 15 = 32 265 = IncomeRevenues
PZU,RZIS,Przychody odsetkowe wyliczone przy zastosowaniu efektywnej stopy procentowej i zrównane z nimi,revenues,1,1,PEWNE,Grupa PZU SSF I polrocze 2026 + kolumny biznesradar.pl 2026/Q2 (bilans) i 2025/Q2 (RZiS),
PZU,RZIS,Przychody z tytułu prowizji i opłat,revenues,1,1,PEWNE,Grupa PZU SSF I polrocze 2026 + kolumny biznesradar.pl 2026/Q2 (bilans) i 2025/Q2 (RZiS),
PZU,RZIS,Pozostałe przychody netto z inwestycji,revenues,1,1,PEWNE,Grupa PZU SSF I polrocze 2026 + kolumny biznesradar.pl 2026/Q2 (bilans) i 2025/Q2 (RZiS),pozycja moze byc UJEMNA (w 2025 bylo -15) - wchodzi do przychodow ze swoim znakiem
PZU,RZIS,Koszty usług ubezpieczenia,cost_of_sales,-1,1,PEWNE,Grupa PZU SSF I polrocze 2026 + kolumny biznesradar.pl 2026/Q2 (bilans) i 2025/Q2 (RZiS),POTWIERDZONE na 2025/Q2: 12 583 + 994 - 506 + 935 + 81 - 61 + 609 - 1 059 + 587 + 5 605 + 3 971 + 420 = 24 159 = IncomeCostOfSales
PZU,RZIS,Alokacja składek reasekuracyjnych,cost_of_sales,-1,1,PEWNE,Grupa PZU SSF I polrocze 2026 + kolumny biznesradar.pl 2026/Q2 (bilans) i 2025/Q2 (RZiS),
PZU,RZIS,Kwoty należne od reasekuratorów,cost_of_sales,-1,1,PEWNE,Grupa PZU SSF I polrocze 2026 + kolumny biznesradar.pl 2026/Q2 (bilans) i 2025/Q2 (RZiS),"wplyw od reasekuratorow POMNIEJSZA koszt - w raporcie dodatni, wiec znak -1"
PZU,RZIS,Przychody i koszty finansowe z ubezpieczeń,cost_of_sales,-1,1,PEWNE,Grupa PZU SSF I polrocze 2026 + kolumny biznesradar.pl 2026/Q2 (bilans) i 2025/Q2 (RZiS),
PZU,RZIS,Przychody i koszty finansowe z reasekuracji,cost_of_sales,-1,1,PEWNE,Grupa PZU SSF I polrocze 2026 + kolumny biznesradar.pl 2026/Q2 (bilans) i 2025/Q2 (RZiS),"w 2026 dodatnie (+98), w 2025 ujemne (-81) - znak -1 dziala w obie strony"
PZU,RZIS,Wynik z tytułu zaprzestania ujmowania instrumentów finansowych i inwestycji niewycenianych w wartości godziwej przez wynik finansowy,cost_of_sales,-1,1,PEWNE,Grupa PZU SSF I polrocze 2026 + kolumny biznesradar.pl 2026/Q2 (bilans) i 2025/Q2 (RZiS),
PZU,RZIS,Wynik z tytułu odpisów na oczekiwane straty kredytowe,cost_of_sales,-1,1,PEWNE,Grupa PZU SSF I polrocze 2026 + kolumny biznesradar.pl 2026/Q2 (bilans) i 2025/Q2 (RZiS),
PZU,RZIS,Zmiana netto wartości godziwej aktywów i zobowiązań wycenianych w wartości godziwej,cost_of_sales,-1,1,PEWNE,Grupa PZU SSF I polrocze 2026 + kolumny biznesradar.pl 2026/Q2 (bilans) i 2025/Q2 (RZiS),
PZU,RZIS,Koszty z tytułu prowizji i opłat,cost_of_sales,-1,1,PEWNE,Grupa PZU SSF I polrocze 2026 + kolumny biznesradar.pl 2026/Q2 (bilans) i 2025/Q2 (RZiS),
PZU,RZIS,Koszty działania Grupy PZU niedotyczące usług ubezpieczenia,cost_of_sales,-1,1,PEWNE,Grupa PZU SSF I polrocze 2026 + kolumny biznesradar.pl 2026/Q2 (bilans) i 2025/Q2 (RZiS),
PZU,RZIS,Koszty odsetkowe,cost_of_sales,-1,1,PEWNE,Grupa PZU SSF I polrocze 2026 + kolumny biznesradar.pl 2026/Q2 (bilans) i 2025/Q2 (RZiS),3 049 mln - to glownie koszt depozytow bankowych Pekao i Aliora
PZU,RZIS,Koszty ryzyka prawnego walutowych kredytów hipotecznych,cost_of_sales,-1,1,PEWNE,Grupa PZU SSF I polrocze 2026 + kolumny biznesradar.pl 2026/Q2 (bilans) i 2025/Q2 (RZiS),rezerwa frankowa - pozycja typowa dla grupy z bankami w srodku
PZU,RZIS,Wynik z usług ubezpieczenia przed reasekuracją,POMIN,,1,PEWNE,Grupa PZU SSF I polrocze 2026 + kolumny biznesradar.pl 2026/Q2 (bilans) i 2025/Q2 (RZiS),suma bloku - skladniki mapujemy osobno
PZU,RZIS,Przychody lub koszty z tytułu umów reasekuracji,POMIN,,1,PEWNE,Grupa PZU SSF I polrocze 2026 + kolumny biznesradar.pl 2026/Q2 (bilans) i 2025/Q2 (RZiS),suma bloku
PZU,RZIS,Wynik z usług ubezpieczenia,POMIN,,1,PEWNE,Grupa PZU SSF I polrocze 2026 + kolumny biznesradar.pl 2026/Q2 (bilans) i 2025/Q2 (RZiS),suma bloku
PZU,RZIS,Przychody odsetkowe wyliczone przy zastosowaniu efektywnej stopy procentowej,POMIN,,1,PEWNE,Grupa PZU SSF I polrocze 2026 + kolumny biznesradar.pl 2026/Q2 (bilans) i 2025/Q2 (RZiS),"pozycja ""w tym"""
PZU,RZIS,Przychody o charakterze zbliżonym do odsetek,POMIN,,1,PEWNE,Grupa PZU SSF I polrocze 2026 + kolumny biznesradar.pl 2026/Q2 (bilans) i 2025/Q2 (RZiS),"pozycja ""w tym"""
PZU,RZIS,Pozostałe przychody operacyjne,other_operating_income,1,1,PEWNE,Grupa PZU SSF I polrocze 2026 + kolumny biznesradar.pl 2026/Q2 (bilans) i 2025/Q2 (RZiS),
PZU,RZIS,Pozostałe koszty operacyjne,other_operating_costs,-1,1,PEWNE,Grupa PZU SSF I polrocze 2026 + kolumny biznesradar.pl 2026/Q2 (bilans) i 2025/Q2 (RZiS),
PZU,RZIS,Zysk z działalności operacyjnej,ebit,1,1,PEWNE,Grupa PZU SSF I polrocze 2026 + kolumny biznesradar.pl 2026/Q2 (bilans) i 2025/Q2 (RZiS),
PZU,RZIS,Udział w wynikach finansowych netto jednostek wycenianych metodą praw własności,other_income,1,1,PEWNE,Grupa PZU SSF I polrocze 2026 + kolumny biznesradar.pl 2026/Q2 (bilans) i 2025/Q2 (RZiS),
PZU,RZIS,Zysk brutto,before_tax_profit,1,1,PEWNE,Grupa PZU SSF I polrocze 2026 + kolumny biznesradar.pl 2026/Q2 (bilans) i 2025/Q2 (RZiS),
PZU,RZIS,Podatek dochodowy,POMIN,,1,PEWNE,Grupa PZU SSF I polrocze 2026 + kolumny biznesradar.pl 2026/Q2 (bilans) i 2025/Q2 (RZiS),standard nie ma klucza na podatek
PZU,RZIS,"Zysk netto, w tym:",net_profit,1,1,PEWNE,Grupa PZU SSF I polrocze 2026 + kolumny biznesradar.pl 2026/Q2 (bilans) i 2025/Q2 (RZiS),
PZU,RZIS,- zysk przypisywany właścicielom jednostki dominującej,shareholder_net_profit,1,1,PEWNE,Grupa PZU SSF I polrocze 2026 + kolumny biznesradar.pl 2026/Q2 (bilans) i 2025/Q2 (RZiS),
PZU,RZIS,- zyski przypisywane właścicielom udziałów niekontrolujących,POMIN,,1,PEWNE,Grupa PZU SSF I polrocze 2026 + kolumny biznesradar.pl 2026/Q2 (bilans) i 2025/Q2 (RZiS),"w RZiS to rozbicie wyniku, nie pozycja bilansu"
PZU,RZIS,Podstawowa i rozwodniona średnia ważona liczba akcji zwykłych,POMIN,,1,PEWNE,Grupa PZU SSF I polrocze 2026 + kolumny biznesradar.pl 2026/Q2 (bilans) i 2025/Q2 (RZiS),"srednia wazona, nie stan na dzien bilansowy"
PZU,RZIS,Podstawowy i rozwodniony zysk (strata) na jedną akcję zwykłą,POMIN,,1,PEWNE,Grupa PZU SSF I polrocze 2026 + kolumny biznesradar.pl 2026/Q2 (bilans) i 2025/Q2 (RZiS),
PZU,AKTYWA,Wartość firmy,goodwill,1,1,PEWNE,Grupa PZU SSF I polrocze 2026 + kolumny biznesradar.pl 2026/Q2 (bilans) i 2025/Q2 (RZiS),2 861 + 3 781 = 6 642 = BalanceIntangibleAssets
PZU,AKTYWA,Wartości niematerialne,other_intangible_assets,1,1,PEWNE,Grupa PZU SSF I polrocze 2026 + kolumny biznesradar.pl 2026/Q2 (bilans) i 2025/Q2 (RZiS),
PZU,AKTYWA,Rzeczowe aktywa trwałe,property,1,1,PEWNE,Grupa PZU SSF I polrocze 2026 + kolumny biznesradar.pl 2026/Q2 (bilans) i 2025/Q2 (RZiS),PZU nie pokazuje osobno prawa do uzytkowania - right_to_use_assets zostaje puste
PZU,AKTYWA,Nieruchomości inwestycyjne,noncurrent_investments,1,1,PEWNE,Grupa PZU SSF I polrocze 2026 + kolumny biznesradar.pl 2026/Q2 (bilans) i 2025/Q2 (RZiS),2 943 + 62 = 3 005 = BalanceNoncurrInvestments
PZU,AKTYWA,Jednostki wyceniane metodą praw własności,noncurrent_investments,1,1,PEWNE,Grupa PZU SSF I polrocze 2026 + kolumny biznesradar.pl 2026/Q2 (bilans) i 2025/Q2 (RZiS),
PZU,AKTYWA,Aktywa z tytułu umów ubezpieczenia,other_noncurrent_assets,1,1,PEWNE,Grupa PZU SSF I polrocze 2026 + kolumny biznesradar.pl 2026/Q2 (bilans) i 2025/Q2 (RZiS),121 + 4 389 + 2 725 + 2 009 + 766 = 10 010 = BalanceOtherNoncurrentAssets
PZU,AKTYWA,Aktywa z tytułu umów reasekuracji,other_noncurrent_assets,1,1,PEWNE,Grupa PZU SSF I polrocze 2026 + kolumny biznesradar.pl 2026/Q2 (bilans) i 2025/Q2 (RZiS),
PZU,AKTYWA,Aktywa stanowiące zabezpieczenie zobowiązań,other_noncurrent_assets,1,1,PEWNE,Grupa PZU SSF I polrocze 2026 + kolumny biznesradar.pl 2026/Q2 (bilans) i 2025/Q2 (RZiS),
PZU,AKTYWA,Aktywa z tytułu odroczonego podatku dochodowego,other_noncurrent_assets,1,1,PEWNE,Grupa PZU SSF I polrocze 2026 + kolumny biznesradar.pl 2026/Q2 (bilans) i 2025/Q2 (RZiS),
PZU,AKTYWA,Inne aktywa,other_noncurrent_assets,1,1,PEWNE,Grupa PZU SSF I polrocze 2026 + kolumny biznesradar.pl 2026/Q2 (bilans) i 2025/Q2 (RZiS),
PZU,AKTYWA,Aktywa przeznaczone do sprzedaży,assets_for_sale,1,1,PEWNE,Grupa PZU SSF I polrocze 2026 + kolumny biznesradar.pl 2026/Q2 (bilans) i 2025/Q2 (RZiS),
PZU,AKTYWA,Należności od klientów z tytułu kredytów (w tym należności z tytułu leasingu finansowego),current_receivables,1,1,PEWNE,Grupa PZU SSF I polrocze 2026 + kolumny biznesradar.pl 2026/Q2 (bilans) i 2025/Q2 (RZiS),"PORTFEL KREDYTOWY Pekao i Aliora - 259 961 mln, 46% sumy bilansowej. 259 961 + 57 + 4 855 = 264 873 = BalanceCurrentReceivables"
PZU,AKTYWA,Należności z tytułu bieżącego podatku dochodowego,current_receivables,1,1,PEWNE,Grupa PZU SSF I polrocze 2026 + kolumny biznesradar.pl 2026/Q2 (bilans) i 2025/Q2 (RZiS),
PZU,AKTYWA,Inne należności,current_receivables,1,1,PEWNE,Grupa PZU SSF I polrocze 2026 + kolumny biznesradar.pl 2026/Q2 (bilans) i 2025/Q2 (RZiS),
PZU,AKTYWA,Pochodne instrumenty finansowe,current_investments,1,1,PEWNE,Grupa PZU SSF I polrocze 2026 + kolumny biznesradar.pl 2026/Q2 (bilans) i 2025/Q2 (RZiS),6 420 + 240 764 + 23 978 = 271 162 = BalanceCurrentInvestments
PZU,AKTYWA,Inwestycyjne (lokacyjne) aktywa finansowe,current_investments,1,1,PEWNE,Grupa PZU SSF I polrocze 2026 + kolumny biznesradar.pl 2026/Q2 (bilans) i 2025/Q2 (RZiS),
PZU,AKTYWA,Wyceniane w zamortyzowanym koszcie,POMIN,,1,PEWNE,Grupa PZU SSF I polrocze 2026 + kolumny biznesradar.pl 2026/Q2 (bilans) i 2025/Q2 (RZiS),"rozbicie ""w tym"" aktywow lokacyjnych"
PZU,AKTYWA,Wyceniane w wartości godziwej przez inne całkowite dochody,POMIN,,1,PEWNE,Grupa PZU SSF I polrocze 2026 + kolumny biznesradar.pl 2026/Q2 (bilans) i 2025/Q2 (RZiS),
PZU,AKTYWA,Wyceniane w wartości godziwej przez wynik finansowy,POMIN,,1,PEWNE,Grupa PZU SSF I polrocze 2026 + kolumny biznesradar.pl 2026/Q2 (bilans) i 2025/Q2 (RZiS),
PZU,AKTYWA,Środki pieniężne i ekwiwalenty środków pieniężnych,cash,1,1,PEWNE,Grupa PZU SSF I polrocze 2026 + kolumny biznesradar.pl 2026/Q2 (bilans) i 2025/Q2 (RZiS),
PZU,AKTYWA,Środki pieniężne i ekwiwalenty środków pieniężnych,current_investments,1,1,PEWNE,Grupa PZU SSF I polrocze 2026 + kolumny biznesradar.pl 2026/Q2 (bilans) i 2025/Q2 (RZiS),w standardzie inwestycje krotkoterminowe ZAWIERAJA srodki pieniezne
PZU,AKTYWA,"Aktywa, razem",total_assets,1,1,PEWNE,Grupa PZU SSF I polrocze 2026 + kolumny biznesradar.pl 2026/Q2 (bilans) i 2025/Q2 (RZiS),
PZU,KAPITAL,Kapitały przypadające właścicielom jednostki dominującej,POMIN,,1,PEWNE,Grupa PZU SSF I polrocze 2026 + kolumny biznesradar.pl 2026/Q2 (bilans) i 2025/Q2 (RZiS),"strona www pokazuje te liczbe, ale wzorzec trzyma w capital CALY kapital wlasny"
PZU,KAPITAL,Kapitał podstawowy,share_capital,1,1,PEWNE,Grupa PZU SSF I polrocze 2026 + kolumny biznesradar.pl 2026/Q2 (bilans) i 2025/Q2 (RZiS),
PZU,KAPITAL,Pozostałe kapitały,reserve,1,1,PEWNE,Grupa PZU SSF I polrocze 2026 + kolumny biznesradar.pl 2026/Q2 (bilans) i 2025/Q2 (RZiS),"CALY blok ""Pozostale kapitaly"" (29 565) idzie w reserve, a NIE sam ""Kapital zapasowy"" (20 973) - POTWIERDZONE: BalanceReserve = 29 565 000"
PZU,KAPITAL,Akcje własne,POMIN,,1,PEWNE,Grupa PZU SSF I polrocze 2026 + kolumny biznesradar.pl 2026/Q2 (bilans) i 2025/Q2 (RZiS),"skladnik ""Pozostalych kapitalow"" - biznesradar ma own_share = 0"
PZU,KAPITAL,Kapitał zapasowy,POMIN,,1,PEWNE,Grupa PZU SSF I polrocze 2026 + kolumny biznesradar.pl 2026/Q2 (bilans) i 2025/Q2 (RZiS),"skladnik ""Pozostalych kapitalow"""
PZU,KAPITAL,Pozostałe kapitały rezerwowe,POMIN,,1,PEWNE,Grupa PZU SSF I polrocze 2026 + kolumny biznesradar.pl 2026/Q2 (bilans) i 2025/Q2 (RZiS),"skladnik ""Pozostalych kapitalow"""
PZU,KAPITAL,Skumulowane inne dochody całkowite,POMIN,,1,PEWNE,Grupa PZU SSF I polrocze 2026 + kolumny biznesradar.pl 2026/Q2 (bilans) i 2025/Q2 (RZiS),"skladnik ""Pozostalych kapitalow"""
PZU,KAPITAL,Niepodzielony wynik,POMIN,,1,PEWNE,Grupa PZU SSF I polrocze 2026 + kolumny biznesradar.pl 2026/Q2 (bilans) i 2025/Q2 (RZiS),suma wyniku z lat ubieglych i zysku netto
PZU,KAPITAL,Wynik z lat ubiegłych,retained_earnings,1,1,PEWNE,Grupa PZU SSF I polrocze 2026 + kolumny biznesradar.pl 2026/Q2 (bilans) i 2025/Q2 (RZiS),
PZU,KAPITAL,Zysk netto,year_profit,1,1,PEWNE,Grupa PZU SSF I polrocze 2026 + kolumny biznesradar.pl 2026/Q2 (bilans) i 2025/Q2 (RZiS),"PIERWSZA spolka w slowniku, ktora pokazuje wynik okresu OSOBNO w bilansie - year_profit przestaje byc pusty"
PZU,KAPITAL,Udziały niekontrolujące,nonshare_capital,1,1,PEWNE,Grupa PZU SSF I polrocze 2026 + kolumny biznesradar.pl 2026/Q2 (bilans) i 2025/Q2 (RZiS),
PZU,KAPITAL,"Kapitał własny, razem",capital,1,1,PEWNE,Grupa PZU SSF I polrocze 2026 + kolumny biznesradar.pl 2026/Q2 (bilans) i 2025/Q2 (RZiS),
PZU,ZOB_KR,Zobowiązania wobec banków,current_borrowings,1,1,PEWNE,Grupa PZU SSF I polrocze 2026 + kolumny biznesradar.pl 2026/Q2 (bilans) i 2025/Q2 (RZiS),
PZU,ZOB_KR,Zobowiązania z tytułu własnych dłużnych papierów wartościowych,current_obligations,1,1,PEWNE,Grupa PZU SSF I polrocze 2026 + kolumny biznesradar.pl 2026/Q2 (bilans) i 2025/Q2 (RZiS),
PZU,ZOB_KR,Zobowiązania wobec klientów z tytułu depozytów,current_other_liabilities,1,1,PEWNE,Grupa PZU SSF I polrocze 2026 + kolumny biznesradar.pl 2026/Q2 (bilans) i 2025/Q2 (RZiS),"DEPOZYTY bankowe - 367 198 mln, 65% sumy bilansowej. 47 149 + 21 + 7 251 + 367 198 + 5 285 + 405 + 23 805 + 3 088 + 3 798 + 1 = 458 001 = BalanceCurrentOtherLiabilities"
PZU,ZOB_KR,Zobowiązania z tytułu umów ubezpieczenia,current_other_liabilities,1,1,PEWNE,Grupa PZU SSF I polrocze 2026 + kolumny biznesradar.pl 2026/Q2 (bilans) i 2025/Q2 (RZiS),
PZU,ZOB_KR,Zobowiązania z tytułu umów reasekuracji,current_other_liabilities,1,1,PEWNE,Grupa PZU SSF I polrocze 2026 + kolumny biznesradar.pl 2026/Q2 (bilans) i 2025/Q2 (RZiS),
PZU,ZOB_KR,Zobowiązania podporządkowane,current_other_liabilities,1,1,PEWNE,Grupa PZU SSF I polrocze 2026 + kolumny biznesradar.pl 2026/Q2 (bilans) i 2025/Q2 (RZiS),
PZU,ZOB_KR,Pochodne instrumenty finansowe,current_other_liabilities,1,1,PEWNE,Grupa PZU SSF I polrocze 2026 + kolumny biznesradar.pl 2026/Q2 (bilans) i 2025/Q2 (RZiS),ta sama nazwa wystepuje po stronie aktywow - rozroznia je sekcja
PZU,ZOB_KR,Zobowiązania z tytułu bieżącego podatku dochodowego,current_other_liabilities,1,1,PEWNE,Grupa PZU SSF I polrocze 2026 + kolumny biznesradar.pl 2026/Q2 (bilans) i 2025/Q2 (RZiS),
PZU,ZOB_KR,Inne zobowiązania,current_other_liabilities,1,1,PEWNE,Grupa PZU SSF I polrocze 2026 + kolumny biznesradar.pl 2026/Q2 (bilans) i 2025/Q2 (RZiS),
PZU,ZOB_KR,Rezerwy,current_other_liabilities,1,1,PEWNE,Grupa PZU SSF I polrocze 2026 + kolumny biznesradar.pl 2026/Q2 (bilans) i 2025/Q2 (RZiS),
PZU,ZOB_KR,Rezerwa z tytułu odroczonego podatku dochodowego,current_other_liabilities,1,1,PEWNE,Grupa PZU SSF I polrocze 2026 + kolumny biznesradar.pl 2026/Q2 (bilans) i 2025/Q2 (RZiS),
PZU,ZOB_KR,Zobowiązania bezpośrednio związane z aktywami zakwalifikowanymi jako przeznaczone do sprzedaży,current_other_liabilities,1,1,PEWNE,Grupa PZU SSF I polrocze 2026 + kolumny biznesradar.pl 2026/Q2 (bilans) i 2025/Q2 (RZiS),
PZU,ZOB_KR,"Zobowiązania, razem",current_liabilities,1,1,PEWNE,Grupa PZU SSF I polrocze 2026 + kolumny biznesradar.pl 2026/Q2 (bilans) i 2025/Q2 (RZiS),"CALOSC zobowiazan jest krotkoterminowa - noncurrent_liabilities = 0, POTWIERDZONE kolumna biznesradaru"
PZU,PASYWA,"Kapitał własny i zobowiązania, razem",total_equity_liabilities,1,1,PEWNE,Grupa PZU SSF I polrocze 2026 + kolumny biznesradar.pl 2026/Q2 (bilans) i 2025/Q2 (RZiS),
PZU,CF,Zysk brutto,POMIN,,1,PEWNE,Grupa PZU SSF I polrocze 2026 + kolumny biznesradar.pl 2026/Q2 (bilans) i 2025/Q2 (RZiS),
PZU,CF,Korekty,POMIN,,1,PEWNE,Grupa PZU SSF I polrocze 2026 + kolumny biznesradar.pl 2026/Q2 (bilans) i 2025/Q2 (RZiS),
PZU,CF,Amortyzacja wartości niematerialnych i rzeczowych aktywów trwałych,amortization,1,1,PEWNE,Grupa PZU SSF I polrocze 2026 + kolumny biznesradar.pl 2026/Q2 (bilans) i 2025/Q2 (RZiS),
PZU,CF,Zmiana netto wartości godziwej aktywów i zobowiązań wycenianych w wartości godziwej,POMIN,,1,PEWNE,Grupa PZU SSF I polrocze 2026 + kolumny biznesradar.pl 2026/Q2 (bilans) i 2025/Q2 (RZiS),w przeplywach to korekta wyniku - wersja z RZiS idzie w cost_of_sales
PZU,CF,Zrealizowane zyski/straty z działalności lokacyjnej i wynik z tytułu odpisów na oczekiwane straty kredytowe,POMIN,,1,PEWNE,Grupa PZU SSF I polrocze 2026 + kolumny biznesradar.pl 2026/Q2 (bilans) i 2025/Q2 (RZiS),
PZU,CF,Wynik z tytułu różnic kursowych,POMIN,,1,PEWNE,Grupa PZU SSF I polrocze 2026 + kolumny biznesradar.pl 2026/Q2 (bilans) i 2025/Q2 (RZiS),
PZU,CF,Przychody i koszty odsetkowe,POMIN,,1,PEWNE,Grupa PZU SSF I polrocze 2026 + kolumny biznesradar.pl 2026/Q2 (bilans) i 2025/Q2 (RZiS),
PZU,CF,Zmiana stanu,POMIN,,1,PEWNE,Grupa PZU SSF I polrocze 2026 + kolumny biznesradar.pl 2026/Q2 (bilans) i 2025/Q2 (RZiS),kapital obrotowy liczymy z bilansu
PZU,CF,Zmiana stanu należności od klientów z tytułu kredytów (w tym należności z tytułu leasingu finansowego),POMIN,,1,PEWNE,Grupa PZU SSF I polrocze 2026 + kolumny biznesradar.pl 2026/Q2 (bilans) i 2025/Q2 (RZiS),
PZU,CF,Zmiana stanu zobowiązań z tytułu depozytów,POMIN,,1,PEWNE,Grupa PZU SSF I polrocze 2026 + kolumny biznesradar.pl 2026/Q2 (bilans) i 2025/Q2 (RZiS),
PZU,CF,Zmiana stanu aktywów i zobowiązań z tytułu umów ubezpieczenia,POMIN,,1,PEWNE,Grupa PZU SSF I polrocze 2026 + kolumny biznesradar.pl 2026/Q2 (bilans) i 2025/Q2 (RZiS),
PZU,CF,Zmiana stanu aktywów i zobowiązań z tytułu umów reasekuracji,POMIN,,1,PEWNE,Grupa PZU SSF I polrocze 2026 + kolumny biznesradar.pl 2026/Q2 (bilans) i 2025/Q2 (RZiS),
PZU,CF,Zmiana stanu należności,POMIN,,1,PEWNE,Grupa PZU SSF I polrocze 2026 + kolumny biznesradar.pl 2026/Q2 (bilans) i 2025/Q2 (RZiS),
PZU,CF,Zmiana stanu zobowiązań,POMIN,,1,PEWNE,Grupa PZU SSF I polrocze 2026 + kolumny biznesradar.pl 2026/Q2 (bilans) i 2025/Q2 (RZiS),
PZU,CF,Zmiana stanu zobowiązań z tytułu kontraktów inwestycyjnych,POMIN,,1,PEWNE,Grupa PZU SSF I polrocze 2026 + kolumny biznesradar.pl 2026/Q2 (bilans) i 2025/Q2 (RZiS),
PZU,CF,Zmiana stanu jednostek uczestnictwa oraz certyfikatów inwestycyjnych funduszy inwestycyjnych,POMIN,,1,PEWNE,Grupa PZU SSF I polrocze 2026 + kolumny biznesradar.pl 2026/Q2 (bilans) i 2025/Q2 (RZiS),
PZU,CF,Pozostałe korekty,POMIN,,1,PEWNE,Grupa PZU SSF I polrocze 2026 + kolumny biznesradar.pl 2026/Q2 (bilans) i 2025/Q2 (RZiS),
PZU,CF,Podatek dochodowy zapłacony,POMIN,,1,PEWNE,Grupa PZU SSF I polrocze 2026 + kolumny biznesradar.pl 2026/Q2 (bilans) i 2025/Q2 (RZiS),
PZU,CF,Przepływy pieniężne netto z działalności operacyjnej,operating_cashflow,1,1,PEWNE,Grupa PZU SSF I polrocze 2026 + kolumny biznesradar.pl 2026/Q2 (bilans) i 2025/Q2 (RZiS),
PZU,CF_INW,Wpływy,POMIN,,1,PEWNE,Grupa PZU SSF I polrocze 2026 + kolumny biznesradar.pl 2026/Q2 (bilans) i 2025/Q2 (RZiS),suma bloku; ta sama nazwa jest w bloku finansowym - rozroznia je sekcja
PZU,CF_INW,Wydatki,POMIN,,1,PEWNE,Grupa PZU SSF I polrocze 2026 + kolumny biznesradar.pl 2026/Q2 (bilans) i 2025/Q2 (RZiS),suma bloku
PZU,CF_INW,- nabycie wartości niematerialnych oraz składników rzeczowych aktywów trwałych,capex,-1,1,WYSOKA,Grupa PZU SSF I polrocze 2026 + kolumny biznesradar.pl 2026/Q2 (bilans) i 2025/Q2 (RZiS),"etykieta klucza biznesradaru brzmi ""CAPEX (niematerialne i rzeczowe)"""
PZU,CF_INW,- nabycie udziałów i akcji w jednostkach zależnych,outflows_for_acquisitions,-1,1,WYSOKA,Grupa PZU SSF I polrocze 2026 + kolumny biznesradar.pl 2026/Q2 (bilans) i 2025/Q2 (RZiS),
PZU,CF_INW,- odsetki otrzymane,proceed_bank_loans,1,1,WYSOKA,Grupa PZU SSF I polrocze 2026 + kolumny biznesradar.pl 2026/Q2 (bilans) i 2025/Q2 (RZiS),
PZU,CF_INW,- zbycie nieruchomości inwestycyjnych,POMIN,,1,PEWNE,Grupa PZU SSF I polrocze 2026 + kolumny biznesradar.pl 2026/Q2 (bilans) i 2025/Q2 (RZiS),
PZU,CF_INW,- zbycie wartości niematerialnych oraz składników rzeczowych aktywów trwałych,POMIN,,1,PEWNE,Grupa PZU SSF I polrocze 2026 + kolumny biznesradar.pl 2026/Q2 (bilans) i 2025/Q2 (RZiS),
PZU,CF_INW,- zbycie udziałów i akcji,POMIN,,1,PEWNE,Grupa PZU SSF I polrocze 2026 + kolumny biznesradar.pl 2026/Q2 (bilans) i 2025/Q2 (RZiS),
PZU,CF_INW,- realizacja dłużnych papierów wartościowych,POMIN,,1,PEWNE,Grupa PZU SSF I polrocze 2026 + kolumny biznesradar.pl 2026/Q2 (bilans) i 2025/Q2 (RZiS),
PZU,CF_INW,- zamknięcie transakcji z przyrzeczeniem odsprzedaży,POMIN,,1,PEWNE,Grupa PZU SSF I polrocze 2026 + kolumny biznesradar.pl 2026/Q2 (bilans) i 2025/Q2 (RZiS),
PZU,CF_INW,- zamknięcie lokat terminowych w instytucjach kredytowych,POMIN,,1,PEWNE,Grupa PZU SSF I polrocze 2026 + kolumny biznesradar.pl 2026/Q2 (bilans) i 2025/Q2 (RZiS),
PZU,CF_INW,- realizacja pozostałych lokat,POMIN,,1,PEWNE,Grupa PZU SSF I polrocze 2026 + kolumny biznesradar.pl 2026/Q2 (bilans) i 2025/Q2 (RZiS),
PZU,CF_INW,- dywidendy otrzymane,POMIN,,1,PEWNE,Grupa PZU SSF I polrocze 2026 + kolumny biznesradar.pl 2026/Q2 (bilans) i 2025/Q2 (RZiS),
PZU,CF_INW,- zwiększenie stanu środków pieniężnych z tytułu nabycia jednostek i zmiany zakresu konsolidacji,POMIN,,1,PEWNE,Grupa PZU SSF I polrocze 2026 + kolumny biznesradar.pl 2026/Q2 (bilans) i 2025/Q2 (RZiS),
PZU,CF_INW,- pozostałe wpływy z lokat,POMIN,,1,PEWNE,Grupa PZU SSF I polrocze 2026 + kolumny biznesradar.pl 2026/Q2 (bilans) i 2025/Q2 (RZiS),
PZU,CF_INW,- nabycie nieruchomości inwestycyjnych,POMIN,,1,PEWNE,Grupa PZU SSF I polrocze 2026 + kolumny biznesradar.pl 2026/Q2 (bilans) i 2025/Q2 (RZiS),
PZU,CF_INW,- nabycie udziałów i akcji,POMIN,,1,PEWNE,Grupa PZU SSF I polrocze 2026 + kolumny biznesradar.pl 2026/Q2 (bilans) i 2025/Q2 (RZiS),
PZU,CF_INW,- zmniejszenie stanu środków pieniężnych z tytułu zmiany zakresu konsolidacji,POMIN,,1,PEWNE,Grupa PZU SSF I polrocze 2026 + kolumny biznesradar.pl 2026/Q2 (bilans) i 2025/Q2 (RZiS),
PZU,CF_INW,- nabycie dłużnych papierów wartościowych,POMIN,,1,PEWNE,Grupa PZU SSF I polrocze 2026 + kolumny biznesradar.pl 2026/Q2 (bilans) i 2025/Q2 (RZiS),
PZU,CF_INW,- otwarcie transakcji z przyrzeczeniem odsprzedaży,POMIN,,1,PEWNE,Grupa PZU SSF I polrocze 2026 + kolumny biznesradar.pl 2026/Q2 (bilans) i 2025/Q2 (RZiS),
PZU,CF_INW,- otwarcie lokat terminowych w instytucjach kredytowych,POMIN,,1,PEWNE,Grupa PZU SSF I polrocze 2026 + kolumny biznesradar.pl 2026/Q2 (bilans) i 2025/Q2 (RZiS),
PZU,CF_INW,- nabycie pozostałych lokat,POMIN,,1,PEWNE,Grupa PZU SSF I polrocze 2026 + kolumny biznesradar.pl 2026/Q2 (bilans) i 2025/Q2 (RZiS),
PZU,CF_INW,- pozostałe wydatki na lokaty,POMIN,,1,PEWNE,Grupa PZU SSF I polrocze 2026 + kolumny biznesradar.pl 2026/Q2 (bilans) i 2025/Q2 (RZiS),
PZU,CF_INW,Przepływy pieniężne netto z działalności inwestycyjnej,investing_cashflow,1,1,PEWNE,Grupa PZU SSF I polrocze 2026 + kolumny biznesradar.pl 2026/Q2 (bilans) i 2025/Q2 (RZiS),
PZU,CF_FIN,Wpływy,POMIN,,1,PEWNE,Grupa PZU SSF I polrocze 2026 + kolumny biznesradar.pl 2026/Q2 (bilans) i 2025/Q2 (RZiS),
PZU,CF_FIN,Wydatki,POMIN,,1,PEWNE,Grupa PZU SSF I polrocze 2026 + kolumny biznesradar.pl 2026/Q2 (bilans) i 2025/Q2 (RZiS),
PZU,CF_FIN,- wpływy z tytułu emisji własnych dłużnych papierów wartościowych,POMIN,,1,PEWNE,Grupa PZU SSF I polrocze 2026 + kolumny biznesradar.pl 2026/Q2 (bilans) i 2025/Q2 (RZiS),
PZU,CF_FIN,- otwarcie transakcji z przyrzeczeniem odkupu,POMIN,,1,PEWNE,Grupa PZU SSF I polrocze 2026 + kolumny biznesradar.pl 2026/Q2 (bilans) i 2025/Q2 (RZiS),
PZU,CF_FIN,- dywidendy wypłacone właścicielom udziałów niekontrolujących,dividend,-1,1,PEWNE,Grupa PZU SSF I polrocze 2026 + kolumny biznesradar.pl 2026/Q2 (bilans) i 2025/Q2 (RZiS),PZU wyplaca dywidende raz w roku; w przeplywach polrocznych widac tylko wyplate do mniejszosci (4 945)
PZU,CF_FIN,- spłata kredytów i pożyczek,POMIN,,1,PEWNE,Grupa PZU SSF I polrocze 2026 + kolumny biznesradar.pl 2026/Q2 (bilans) i 2025/Q2 (RZiS),
PZU,CF_FIN,- wykup własnych dłużnych papierów wartościowych,POMIN,,1,PEWNE,Grupa PZU SSF I polrocze 2026 + kolumny biznesradar.pl 2026/Q2 (bilans) i 2025/Q2 (RZiS),
PZU,CF_FIN,- zamknięcie transakcji z przyrzeczeniem odkupu,POMIN,,1,PEWNE,Grupa PZU SSF I polrocze 2026 + kolumny biznesradar.pl 2026/Q2 (bilans) i 2025/Q2 (RZiS),
PZU,CF_FIN,- odsetki od kredytów i pożyczek,repaid_bank_loans,-1,1,WYSOKA,Grupa PZU SSF I polrocze 2026 + kolumny biznesradar.pl 2026/Q2 (bilans) i 2025/Q2 (RZiS),
PZU,CF_FIN,- odsetki od wyemitowanych dłużnych papierów wartościowych,repaid_bank_loans,-1,1,WYSOKA,Grupa PZU SSF I polrocze 2026 + kolumny biznesradar.pl 2026/Q2 (bilans) i 2025/Q2 (RZiS),
PZU,CF_FIN,- wydatki z tytułu leasingu - część kapitałowa,lease_liab_payments,-1,1,WYSOKA,Grupa PZU SSF I polrocze 2026 + kolumny biznesradar.pl 2026/Q2 (bilans) i 2025/Q2 (RZiS),
PZU,CF_FIN,- wydatki z tytułu leasingu - część odsetkowa,repaid_bank_loans,-1,1,WYSOKA,Grupa PZU SSF I polrocze 2026 + kolumny biznesradar.pl 2026/Q2 (bilans) i 2025/Q2 (RZiS),
PZU,CF_FIN,Przepływy pieniężne netto z działalności finansowej,financing_cashflow,1,1,PEWNE,Grupa PZU SSF I polrocze 2026 + kolumny biznesradar.pl 2026/Q2 (bilans) i 2025/Q2 (RZiS),
PZU,CF_FIN,"Przepływy pieniężne netto, razem",net_cashflow,1,1,PEWNE,Grupa PZU SSF I polrocze 2026 + kolumny biznesradar.pl 2026/Q2 (bilans) i 2025/Q2 (RZiS),
PZU,CF_FIN,Środki pieniężne i ich ekwiwalenty na początek okresu,POMIN,,1,PEWNE,Grupa PZU SSF I polrocze 2026 + kolumny biznesradar.pl 2026/Q2 (bilans) i 2025/Q2 (RZiS),
PZU,CF_FIN,Zmiana stanu środków pieniężnych z tytułu różnic kursowych,POMIN,,1,PEWNE,Grupa PZU SSF I polrocze 2026 + kolumny biznesradar.pl 2026/Q2 (bilans) i 2025/Q2 (RZiS),
PZU,CF_FIN,"Środki pieniężne i ich ekwiwalenty na koniec okresu, w tym:",POMIN,,1,PEWNE,Grupa PZU SSF I polrocze 2026 + kolumny biznesradar.pl 2026/Q2 (bilans) i 2025/Q2 (RZiS),
PZU,CF_FIN,- o ograniczonej możliwości dysponowania,POMIN,,1,PEWNE,Grupa PZU SSF I polrocze 2026 + kolumny biznesradar.pl 2026/Q2 (bilans) i 2025/Q2 (RZiS),
F51,RZIS,PRZYCHODY ZE SPRZEDAŻY I ZRÓWNANE Z,revenues,1,1,PEWNE,The Farm 51 raport kwartalny II kw. 2026 + kolumna biznesradar.pl 2026/Q2,"etykieta urwana przez konwerter PDF (ciag dalszy ""NIMI"" trafil do nastepnego wiersza). Zawiera ""Zmiane stanu produktow"" 3 482 030,94 - to typowe dla wariantu porownawczego"
F51,RZIS,A. NIMI I. Przychody netto ze sprzedaży produktów,POMIN,,1,PEWNE,The Farm 51 raport kwartalny II kw. 2026 + kolumna biznesradar.pl 2026/Q2,skladnik przychodow; sklejony ogon naglowka
F51,RZIS,II. Zmiana stanu produktów,POMIN,,1,PEWNE,The Farm 51 raport kwartalny II kw. 2026 + kolumna biznesradar.pl 2026/Q2,skladnik przychodow - u producenta gier to aktywowane koszty produkcji
F51,RZIS,B. KOSZT DZIAŁALNOŚCI OPERACYJNEJ,cost_of_sales,1,1,PEWNE,The Farm 51 raport kwartalny II kw. 2026 + kolumna biznesradar.pl 2026/Q2,"WARIANT PORONAWCZY: caly blok kosztow rodzajowych idzie w cost_of_sales, a distribution_expenses i administrative_expenses zostaja PUSTE - POTWIERDZONE kolumna biznesradaru (oba 0)"
F51,RZIS,I. Amortyzacja,POMIN,,1,PEWNE,The Farm 51 raport kwartalny II kw. 2026 + kolumna biznesradar.pl 2026/Q2,skladnik kosztow rodzajowych; do klucza amortization wchodzi wersja z przeplywow
F51,RZIS,II. Zużycie materiałów i energii,POMIN,,1,PEWNE,The Farm 51 raport kwartalny II kw. 2026 + kolumna biznesradar.pl 2026/Q2,
F51,RZIS,III. Usługi obce,POMIN,,1,PEWNE,The Farm 51 raport kwartalny II kw. 2026 + kolumna biznesradar.pl 2026/Q2,
F51,RZIS,IV. Podatki i opłaty,POMIN,,1,PEWNE,The Farm 51 raport kwartalny II kw. 2026 + kolumna biznesradar.pl 2026/Q2,
F51,RZIS,V. Wynagrodzenia,POMIN,,1,PEWNE,The Farm 51 raport kwartalny II kw. 2026 + kolumna biznesradar.pl 2026/Q2,
F51,RZIS,VI. Ubezpieczenia społeczne i inne świadczenia,POMIN,,1,PEWNE,The Farm 51 raport kwartalny II kw. 2026 + kolumna biznesradar.pl 2026/Q2,
F51,RZIS,VII. Pozostałe koszty rodzajowe,POMIN,,1,PEWNE,The Farm 51 raport kwartalny II kw. 2026 + kolumna biznesradar.pl 2026/Q2,
F51,RZIS,VIII. Wartość sprzedanych towarów i materiałów,POMIN,,1,PEWNE,The Farm 51 raport kwartalny II kw. 2026 + kolumna biznesradar.pl 2026/Q2,
F51,RZIS,C. ZYSK / STRATA ZE SPRZEDAŻY,POMIN,,1,PEWNE,The Farm 51 raport kwartalny II kw. 2026 + kolumna biznesradar.pl 2026/Q2,"gross_profit liczy regula: 5 179 604,97 - 5 663 602,11 = -483 997,14, czyli tyle samo"
F51,RZIS,D. POZOSTAŁE PRZYCHODY OPERACYJNE,other_operating_income,1,1,PEWNE,The Farm 51 raport kwartalny II kw. 2026 + kolumna biznesradar.pl 2026/Q2,
F51,RZIS,II. Dotacje,POMIN,,1,PEWNE,The Farm 51 raport kwartalny II kw. 2026 + kolumna biznesradar.pl 2026/Q2,skladnik pozostalych przychodow operacyjnych - dotacje to 95% tej pozycji
F51,RZIS,Aktualizacja wartości aktywów,POMIN,,1,PEWNE,The Farm 51 raport kwartalny II kw. 2026 + kolumna biznesradar.pl 2026/Q2,
F51,RZIS,III. niefinansowych IV. Inne przychody operacyjne,POMIN,,1,PEWNE,The Farm 51 raport kwartalny II kw. 2026 + kolumna biznesradar.pl 2026/Q2,etykieta rozbita przez konwerter PDF
F51,RZIS,E. POZOSTAŁE KOSZTY OPERACYJNE,other_operating_costs,1,1,PEWNE,The Farm 51 raport kwartalny II kw. 2026 + kolumna biznesradar.pl 2026/Q2,
F51,RZIS,III. Inne koszty operacyjne,POMIN,,1,PEWNE,The Farm 51 raport kwartalny II kw. 2026 + kolumna biznesradar.pl 2026/Q2,
F51,RZIS,ZYSK / STRATA NA DZIAŁALNOŚCI,ebit,1,1,PEWNE,The Farm 51 raport kwartalny II kw. 2026 + kolumna biznesradar.pl 2026/Q2,"etykieta urwana - ciag dalszy ""OPERACYJNEJ"" trafil do nastepnego wiersza"
F51,RZIS,F. OPERACYJNEJ G. PRZYCHODY FINANSOWE,finance_income,1,1,PEWNE,The Farm 51 raport kwartalny II kw. 2026 + kolumna biznesradar.pl 2026/Q2,sklejony ogon poprzedniej etykiety z naglowkiem przychodow finansowych
F51,RZIS,II. Odsetki uzyskane,POMIN,,1,PEWNE,The Farm 51 raport kwartalny II kw. 2026 + kolumna biznesradar.pl 2026/Q2,
F51,RZIS,V. Inne,POMIN,,1,PEWNE,The Farm 51 raport kwartalny II kw. 2026 + kolumna biznesradar.pl 2026/Q2,skladnik przychodow finansowych
F51,RZIS,H. KOSZTY FINANSOWE,finance_costs,1,1,PEWNE,The Farm 51 raport kwartalny II kw. 2026 + kolumna biznesradar.pl 2026/Q2,
F51,RZIS,I. Odsetki zapłacone,POMIN,,1,PEWNE,The Farm 51 raport kwartalny II kw. 2026 + kolumna biznesradar.pl 2026/Q2,
F51,RZIS,IV. Inne,POMIN,,1,PEWNE,The Farm 51 raport kwartalny II kw. 2026 + kolumna biznesradar.pl 2026/Q2,skladnik kosztow finansowych
F51,RZIS,I. ZYSK / STRATA BRUTTO,before_tax_profit,1,1,PEWNE,The Farm 51 raport kwartalny II kw. 2026 + kolumna biznesradar.pl 2026/Q2,
F51,RZIS,J. PODATEK DOCHODOWY,POMIN,,1,PEWNE,The Farm 51 raport kwartalny II kw. 2026 + kolumna biznesradar.pl 2026/Q2,standard nie ma klucza na podatek; u F51 i tak zerowy
F51,RZIS,L. ZYSK / STRATA NETTO,net_profit,1,1,PEWNE,The Farm 51 raport kwartalny II kw. 2026 + kolumna biznesradar.pl 2026/Q2,"shareholder_net_profit wychodzi z reguly - spolka jednostkowa, bez mniejszosci"
F51,AKTYWA,A. AKTYWA TRWAŁE,noncurrent_assets,1,1,PEWNE,The Farm 51 raport kwartalny II kw. 2026 + kolumna biznesradar.pl 2026/Q2,
F51,AKTYWA,I. Wartości niematerialne i prawne,other_intangible_assets,1,1,PEWNE,The Farm 51 raport kwartalny II kw. 2026 + kolumna biznesradar.pl 2026/Q2,KOSZTY PRAC ROZWOJOWYCH to 3 430 702 z 3 431 469 - u producenta gier caly majatek trwaly to skapitalizowane gry
F51,AKTYWA,1.Koszty zakończonych prac rozwojowych,POMIN,,1,PEWNE,The Farm 51 raport kwartalny II kw. 2026 + kolumna biznesradar.pl 2026/Q2,"pozycja ""w tym"""
F51,AKTYWA,II. Rzeczowe aktywa trwałe,property,1,1,PEWNE,The Farm 51 raport kwartalny II kw. 2026 + kolumna biznesradar.pl 2026/Q2,
F51,AKTYWA,1.Środki trwałe,POMIN,,1,PEWNE,The Farm 51 raport kwartalny II kw. 2026 + kolumna biznesradar.pl 2026/Q2,"pozycja ""w tym"""
F51,AKTYWA,B. AKTYWA OBROTOWE,current_assets,1,1,PEWNE,The Farm 51 raport kwartalny II kw. 2026 + kolumna biznesradar.pl 2026/Q2,
F51,AKTYWA,I. Zapasy,inventory,1,1,PEWNE,The Farm 51 raport kwartalny II kw. 2026 + kolumna biznesradar.pl 2026/Q2,"PRODUKCJA W TOKU 29,6 mln - gry w produkcji, 86% sumy bilansowej"
F51,AKTYWA,1. Materiały,POMIN,,1,PEWNE,The Farm 51 raport kwartalny II kw. 2026 + kolumna biznesradar.pl 2026/Q2,
F51,AKTYWA,2. Półprodukty i produkcja w toku,POMIN,,1,PEWNE,The Farm 51 raport kwartalny II kw. 2026 + kolumna biznesradar.pl 2026/Q2,
F51,AKTYWA,II. Należności krótkoterminowe,current_receivables,1,1,PEWNE,The Farm 51 raport kwartalny II kw. 2026 + kolumna biznesradar.pl 2026/Q2,
F51,AKTYWA,2. Należności od pozostałych jednostek,POMIN,,1,PEWNE,The Farm 51 raport kwartalny II kw. 2026 + kolumna biznesradar.pl 2026/Q2,
F51,AKTYWA,III. Inwestycje krótkoterminowe,current_investments,1,1,PEWNE,The Farm 51 raport kwartalny II kw. 2026 + kolumna biznesradar.pl 2026/Q2,
F51,AKTYWA,1. Krótkoterminowe aktywa finansowe,cash,1,1,PEWNE,The Farm 51 raport kwartalny II kw. 2026 + kolumna biznesradar.pl 2026/Q2,u F51 cala pozycja to srodki pieniezne - POTWIERDZONE: BalanceCash = BalanceCurrentInvestments = 280
F51,AKTYWA,IV. Krótkoterminowe rozliczenia międzyokres.,other_current_assets,1,1,PEWNE,The Farm 51 raport kwartalny II kw. 2026 + kolumna biznesradar.pl 2026/Q2,
F51,AKTYWA,AKTYWA R A Z E M,total_assets,1,1,PEWNE,The Farm 51 raport kwartalny II kw. 2026 + kolumna biznesradar.pl 2026/Q2,
F51,PASYWA,A. KAPITAŁ (FUNDUSZ) WŁASNY,capital,1,1,PEWNE,The Farm 51 raport kwartalny II kw. 2026 + kolumna biznesradar.pl 2026/Q2,
F51,PASYWA,I. Kapitał podstawowy,share_capital,1,1,PEWNE,The Farm 51 raport kwartalny II kw. 2026 + kolumna biznesradar.pl 2026/Q2,
F51,PASYWA,II. Kapitał (fundusz) zapasowy,reserve,1,1,PEWNE,The Farm 51 raport kwartalny II kw. 2026 + kolumna biznesradar.pl 2026/Q2,
F51,PASYWA,V. Zysk (strata) z lat ubiegłych,retained_earnings,1,1,PEWNE,The Farm 51 raport kwartalny II kw. 2026 + kolumna biznesradar.pl 2026/Q2,
F51,PASYWA,VI. Zysk (strata) netto,year_profit,1,1,PEWNE,The Farm 51 raport kwartalny II kw. 2026 + kolumna biznesradar.pl 2026/Q2,ustawa o rachunkowosci ZAWSZE pokazuje wynik okresu osobno w bilansie - drugi przypadek year_profit po PZU
F51,PASYWA,ZOBOWIĄZANIA I REZERWY NA,POMIN,,1,PEWNE,The Farm 51 raport kwartalny II kw. 2026 + kolumna biznesradar.pl 2026/Q2,"suma bloku B (etykieta urwana: ""ZOBOWIAZANIA"" w nastepnej linii)"
F51,PASYWA,I. Rezerwy na zobowiązania,reckoning,1,1,PEWNE,The Farm 51 raport kwartalny II kw. 2026 + kolumna biznesradar.pl 2026/Q2,"w ustawie o rachunkowosci reckoning = rezerwy + rozliczenia miedzyokresowe: 0 + 166 744,58 = 166 745 = BalanceReckoning 167"
F51,PASYWA,IV. Rozliczenia międzyokresowe,reckoning,1,1,PEWNE,The Farm 51 raport kwartalny II kw. 2026 + kolumna biznesradar.pl 2026/Q2,PIERWSZY niezerowy reckoning w slowniku
F51,PASYWA,II. Zobowiązania długoterminowe,noncurrent_liabilities,1,1,PEWNE,The Farm 51 raport kwartalny II kw. 2026 + kolumna biznesradar.pl 2026/Q2,
F51,PASYWA,III. Zobowiązania krótkoterminowe,current_liabilities,1,1,PEWNE,The Farm 51 raport kwartalny II kw. 2026 + kolumna biznesradar.pl 2026/Q2,
F51,PASYWA,3. Wobec pozostałych jednostek,current_other_liabilities,1,1,PEWNE,The Farm 51 raport kwartalny II kw. 2026 + kolumna biznesradar.pl 2026/Q2,ustawa nie rozbija zobowiazan na handlowe i kredyty na twarzy bilansu - calosc idzie w inne krotkoterminowe
F51,PASYWA,PASYWA R A Z E M,total_equity_liabilities,1,1,PEWNE,The Farm 51 raport kwartalny II kw. 2026 + kolumna biznesradar.pl 2026/Q2,
F51,CF,I. Zysk (strata) netto,POMIN,,1,PEWNE,The Farm 51 raport kwartalny II kw. 2026 + kolumna biznesradar.pl 2026/Q2,
F51,CF,II. Korekty razem,POMIN,,1,PEWNE,The Farm 51 raport kwartalny II kw. 2026 + kolumna biznesradar.pl 2026/Q2,
F51,CF,1. Amortyzacja,amortization,1,1,PEWNE,The Farm 51 raport kwartalny II kw. 2026 + kolumna biznesradar.pl 2026/Q2,
F51,CF,2. Zyski (straty) z tytułu różnic kursowych,POMIN,,1,PEWNE,The Farm 51 raport kwartalny II kw. 2026 + kolumna biznesradar.pl 2026/Q2,
F51,CF,5. Zmiana stanu rezerw,change_in_other_assets,1,1,PEWNE,The Farm 51 raport kwartalny II kw. 2026 + kolumna biznesradar.pl 2026/Q2,w ustawie o rachunkowosci change_in_other_assets = rezerwy + rozliczenia miedzyokresowe
F51,CF,9. Zmiana stanu rozliczeń międzyokresowych,change_in_other_assets,1,1,PEWNE,The Farm 51 raport kwartalny II kw. 2026 + kolumna biznesradar.pl 2026/Q2,
F51,CF,6. Zmiana stanu zapasów,change_in_inventories,1,1,PEWNE,The Farm 51 raport kwartalny II kw. 2026 + kolumna biznesradar.pl 2026/Q2,
F51,CF,7. Zmiana stanu należności,change_in_receivables,1,1,PEWNE,The Farm 51 raport kwartalny II kw. 2026 + kolumna biznesradar.pl 2026/Q2,
F51,CF,"8. Zmiana stanu zobowiązań krótkoterminowych, z wyjątkiem pożyczek i kredytów",change_in_payables,1,1,PEWNE,The Farm 51 raport kwartalny II kw. 2026 + kolumna biznesradar.pl 2026/Q2,
F51,CF,10 Inne korekty zysk z lat ubiegłych,POMIN,,1,PEWNE,The Farm 51 raport kwartalny II kw. 2026 + kolumna biznesradar.pl 2026/Q2,
F51,CF,Przepływy pieniężne netto z działalności III. operacyjnej (I+/–II),operating_cashflow,1,1,PEWNE,The Farm 51 raport kwartalny II kw. 2026 + kolumna biznesradar.pl 2026/Q2,"numer pozycji ""III."" wpadl w srodek etykiety"
F51,CF_INW,II. Wydatki,POMIN,,1,PEWNE,The Farm 51 raport kwartalny II kw. 2026 + kolumna biznesradar.pl 2026/Q2,ta sama nazwa jest w bloku finansowym - rozroznia je sekcja
F51,CF_INW,Nabycie wartości niematerialnych i prawnych 1. oraz rzeczowych aktywów trwałych,capex,1,1,PEWNE,The Farm 51 raport kwartalny II kw. 2026 + kolumna biznesradar.pl 2026/Q2,"u F51 zerowy - naklady ida przez zapasy, nie przez capex"
F51,CF_INW,Przepływy pieniężne netto z działalności III. inwestycyjnej (I–II),investing_cashflow,1,1,PEWNE,The Farm 51 raport kwartalny II kw. 2026 + kolumna biznesradar.pl 2026/Q2,
F51,CF_FIN,I. Wpływy,POMIN,,1,PEWNE,The Farm 51 raport kwartalny II kw. 2026 + kolumna biznesradar.pl 2026/Q2,
F51,CF_FIN,2. Kredyty i pożyczki,POMIN,,1,PEWNE,The Farm 51 raport kwartalny II kw. 2026 + kolumna biznesradar.pl 2026/Q2,wiersz ma w PDF tylko 2 wartosci zamiast 4 - konwerter dopelnia pustymi od LEWEJ
F51,CF_FIN,4. Inne wpływy finansowe,POMIN,,1,PEWNE,The Farm 51 raport kwartalny II kw. 2026 + kolumna biznesradar.pl 2026/Q2,
F51,CF_FIN,II. Wydatki,POMIN,,1,PEWNE,The Farm 51 raport kwartalny II kw. 2026 + kolumna biznesradar.pl 2026/Q2,
F51,CF_FIN,4. Spłaty kredytów i pożyczek,POMIN,,1,PEWNE,The Farm 51 raport kwartalny II kw. 2026 + kolumna biznesradar.pl 2026/Q2,
F51,CF_FIN,Przepływy pieniężne netto z działalności III. finansowej (I–II),financing_cashflow,1,1,PEWNE,The Farm 51 raport kwartalny II kw. 2026 + kolumna biznesradar.pl 2026/Q2,
F51,CF_FIN,"Przepływy pieniężne netto, razem (A.III+/– D.",net_cashflow,1,1,PEWNE,The Farm 51 raport kwartalny II kw. 2026 + kolumna biznesradar.pl 2026/Q2,etykieta rozbita miedzy trzy linie PDF
F51,CF_FIN,"B.III+/-C.III) Bilansowa zmiana stanu środków E. pieniężnych, w tym:",POMIN,,1,PEWNE,The Farm 51 raport kwartalny II kw. 2026 + kolumna biznesradar.pl 2026/Q2,
F51,CF_FIN,F. Środki pieniężne na początek okresu,POMIN,,1,PEWNE,The Farm 51 raport kwartalny II kw. 2026 + kolumna biznesradar.pl 2026/Q2,
F51,CF_FIN,"Środki pieniężne na koniec okresu (F+/–D), w G. tym:",POMIN,,1,PEWNE,The Farm 51 raport kwartalny II kw. 2026 + kolumna biznesradar.pl 2026/Q2,
MDK,RZIS,"Przychody netto ze sprzedaży i zrównane z nimi, w tym:",revenues,1,1,PEWNE,Grupa MADKOM raport kwartalny I kw. 2025 (strony-obrazki) + kolumna biznesradar.pl 2025/Q1,"4 897 821,38 + 15 950,00 + 1 335 122,88 + 15 119,00 = 6 264 013,26. Zawiera ""Koszt wytworzenia produktow na wlasne potrzeby jednostki"" 1 335 122,88 - typowe dla wariantu porownawczego"
MDK,RZIS,- od jednostek powiązanych,POMIN,,1,PEWNE,Grupa MADKOM raport kwartalny I kw. 2025 (strony-obrazki) + kolumna biznesradar.pl 2025/Q1,"pozycja ""w tym"""
MDK,RZIS,Przychody netto ze sprzedaży produktów,POMIN,,1,PEWNE,Grupa MADKOM raport kwartalny I kw. 2025 (strony-obrazki) + kolumna biznesradar.pl 2025/Q1,
MDK,RZIS,"Zmiana stanu produktów (zwiększenie - wartość dodatnia, zmniejszenie - wartość ujemna)",POMIN,,1,PEWNE,Grupa MADKOM raport kwartalny I kw. 2025 (strony-obrazki) + kolumna biznesradar.pl 2025/Q1,
MDK,RZIS,Koszt wytworzenia produktów na własne potrzeby jednostki,POMIN,,1,PEWNE,Grupa MADKOM raport kwartalny I kw. 2025 (strony-obrazki) + kolumna biznesradar.pl 2025/Q1,
MDK,RZIS,Przychody netto ze sprzedaży towarów i materiałów,POMIN,,1,PEWNE,Grupa MADKOM raport kwartalny I kw. 2025 (strony-obrazki) + kolumna biznesradar.pl 2025/Q1,
MDK,RZIS,Koszty działalności operacyjnej,cost_of_sales,1,1,PEWNE,Grupa MADKOM raport kwartalny I kw. 2025 (strony-obrazki) + kolumna biznesradar.pl 2025/Q1,"WARIANT PORONAWCZY: caly blok kosztow rodzajowych w cost_of_sales, distribution_expenses i administrative_expenses zostaja puste"
MDK,RZIS,Amortyzacja,POMIN,,1,PEWNE,Grupa MADKOM raport kwartalny I kw. 2025 (strony-obrazki) + kolumna biznesradar.pl 2025/Q1,skladnik kosztow; do klucza amortization wchodzi wersja z przeplywow
MDK,RZIS,Zużycie materiałów i energii,POMIN,,1,PEWNE,Grupa MADKOM raport kwartalny I kw. 2025 (strony-obrazki) + kolumna biznesradar.pl 2025/Q1,
MDK,RZIS,Usługi obce,POMIN,,1,PEWNE,Grupa MADKOM raport kwartalny I kw. 2025 (strony-obrazki) + kolumna biznesradar.pl 2025/Q1,
MDK,RZIS,"Podatki i opłaty, w tym:",POMIN,,1,PEWNE,Grupa MADKOM raport kwartalny I kw. 2025 (strony-obrazki) + kolumna biznesradar.pl 2025/Q1,
MDK,RZIS,Wynagrodzenia,POMIN,,1,PEWNE,Grupa MADKOM raport kwartalny I kw. 2025 (strony-obrazki) + kolumna biznesradar.pl 2025/Q1,
MDK,RZIS,"Ubezpieczenia społeczne i inne świadczenia, w tym:",POMIN,,1,PEWNE,Grupa MADKOM raport kwartalny I kw. 2025 (strony-obrazki) + kolumna biznesradar.pl 2025/Q1,
MDK,RZIS,- emerytalne,POMIN,,1,PEWNE,Grupa MADKOM raport kwartalny I kw. 2025 (strony-obrazki) + kolumna biznesradar.pl 2025/Q1,
MDK,RZIS,Pozostałe koszty rodzajowe,POMIN,,1,PEWNE,Grupa MADKOM raport kwartalny I kw. 2025 (strony-obrazki) + kolumna biznesradar.pl 2025/Q1,
MDK,RZIS,Wartość sprzedanych towarów i materiałów,POMIN,,1,PEWNE,Grupa MADKOM raport kwartalny I kw. 2025 (strony-obrazki) + kolumna biznesradar.pl 2025/Q1,
MDK,RZIS,Zysk (strata) ze sprzedaży (A-B),POMIN,,1,PEWNE,Grupa MADKOM raport kwartalny I kw. 2025 (strony-obrazki) + kolumna biznesradar.pl 2025/Q1,"gross_profit liczy regula: 6 264 013,26 - 5 969 508,29 = 294 504,97, czyli tyle samo"
MDK,RZIS,Pozostałe przychody operacyjne,other_operating_income,1,1,PEWNE,Grupa MADKOM raport kwartalny I kw. 2025 (strony-obrazki) + kolumna biznesradar.pl 2025/Q1,
MDK,RZIS,Zysk z tytułu rozchodu niefinansowych aktywów trwałych,POMIN,,1,PEWNE,Grupa MADKOM raport kwartalny I kw. 2025 (strony-obrazki) + kolumna biznesradar.pl 2025/Q1,
MDK,RZIS,Dotacje,POMIN,,1,PEWNE,Grupa MADKOM raport kwartalny I kw. 2025 (strony-obrazki) + kolumna biznesradar.pl 2025/Q1,
MDK,RZIS,Aktualizacja wartości aktywów niefinansowych,POMIN,,1,PEWNE,Grupa MADKOM raport kwartalny I kw. 2025 (strony-obrazki) + kolumna biznesradar.pl 2025/Q1,
MDK,RZIS,Inne przychody operacyjne,POMIN,,1,PEWNE,Grupa MADKOM raport kwartalny I kw. 2025 (strony-obrazki) + kolumna biznesradar.pl 2025/Q1,
MDK,RZIS,Pozostałe koszty operacyjne,other_operating_costs,1,1,PEWNE,Grupa MADKOM raport kwartalny I kw. 2025 (strony-obrazki) + kolumna biznesradar.pl 2025/Q1,
MDK,RZIS,Aktualizacja wartości aktywów niefinansowych (koszty),POMIN,,1,PEWNE,Grupa MADKOM raport kwartalny I kw. 2025 (strony-obrazki) + kolumna biznesradar.pl 2025/Q1,konwerter rozroznia dwie pozycje o tej samej nazwie po stronie przychodow i kosztow
MDK,RZIS,Inne koszty operacyjne,POMIN,,1,PEWNE,Grupa MADKOM raport kwartalny I kw. 2025 (strony-obrazki) + kolumna biznesradar.pl 2025/Q1,
MDK,RZIS,Zysk (strata) z działalności operacyjnej (CD-E),ebit,1,1,PEWNE,Grupa MADKOM raport kwartalny I kw. 2025 (strony-obrazki) + kolumna biznesradar.pl 2025/Q1,
MDK,RZIS,Przychody finansowe,finance_income,1,1,PEWNE,Grupa MADKOM raport kwartalny I kw. 2025 (strony-obrazki) + kolumna biznesradar.pl 2025/Q1,
MDK,RZIS,"Odsetki, w tym:",POMIN,,1,PEWNE,Grupa MADKOM raport kwartalny I kw. 2025 (strony-obrazki) + kolumna biznesradar.pl 2025/Q1,
MDK,RZIS,Koszty finansowe,finance_costs,1,1,PEWNE,Grupa MADKOM raport kwartalny I kw. 2025 (strony-obrazki) + kolumna biznesradar.pl 2025/Q1,
MDK,RZIS,"Odsetki, w tym: (koszty)",POMIN,,1,PEWNE,Grupa MADKOM raport kwartalny I kw. 2025 (strony-obrazki) + kolumna biznesradar.pl 2025/Q1,
MDK,RZIS,Inne,POMIN,,1,PEWNE,Grupa MADKOM raport kwartalny I kw. 2025 (strony-obrazki) + kolumna biznesradar.pl 2025/Q1,
MDK,RZIS,Zysk (strata) na sprzedaży całości lub części udziałów jednostek podporządkowanych,POMIN,,1,PEWNE,Grupa MADKOM raport kwartalny I kw. 2025 (strony-obrazki) + kolumna biznesradar.pl 2025/Q1,
MDK,RZIS,Zysk (strata) z działalności gospodarczej (IJ-K /-L),net_gross_profit,1,1,PEWNE,Grupa MADKOM raport kwartalny I kw. 2025 (strony-obrazki) + kolumna biznesradar.pl 2025/Q1,
MDK,RZIS,Odpis ujemnej wartości firmy,POMIN,,1,PEWNE,Grupa MADKOM raport kwartalny I kw. 2025 (strony-obrazki) + kolumna biznesradar.pl 2025/Q1,
MDK,RZIS,Odpis ujemnej wartości firmy – jednostki zależne,POMIN,,1,PEWNE,Grupa MADKOM raport kwartalny I kw. 2025 (strony-obrazki) + kolumna biznesradar.pl 2025/Q1,
MDK,RZIS,Zysk (strata) brutto (M – N O /– P),before_tax_profit,1,1,PEWNE,Grupa MADKOM raport kwartalny I kw. 2025 (strony-obrazki) + kolumna biznesradar.pl 2025/Q1,
MDK,RZIS,Podatek dochodowy,POMIN,,1,PEWNE,Grupa MADKOM raport kwartalny I kw. 2025 (strony-obrazki) + kolumna biznesradar.pl 2025/Q1,standard nie ma klucza na podatek
MDK,RZIS,Zyski (straty) mniejszości,POMIN,,1,PEWNE,Grupa MADKOM raport kwartalny I kw. 2025 (strony-obrazki) + kolumna biznesradar.pl 2025/Q1,"UWAGA: w ukladzie ustawowym wynik mniejszosci jest ODEJMOWANY od zysku grupy. 276 873,00 - 65 208,00 = 211 665,00 (grupa), a po odjeciu straty mniejszosci -12 302,52 wychodzi 223 967,52 (jednostka dominujaca)"
MDK,RZIS,Zysk (strata) netto (R–S–T/– U),net_profit,1,1,PEWNE,Grupa MADKOM raport kwartalny I kw. 2025 (strony-obrazki) + kolumna biznesradar.pl 2025/Q1,to juz wynik PRZYPADAJACY AKCJONARIUSZOM jednostki dominujacej - shareholder_net_profit wychodzi z reguly
MDK,AKTYWA,Aktywa,total_assets,1,1,PEWNE,Grupa MADKOM raport kwartalny I kw. 2025 (strony-obrazki) + kolumna biznesradar.pl 2025/Q1,"w ustawie suma stoi NA POCZATKU bloku, nie na koncu"
MDK,AKTYWA,Aktywa trwałe,noncurrent_assets,1,1,PEWNE,Grupa MADKOM raport kwartalny I kw. 2025 (strony-obrazki) + kolumna biznesradar.pl 2025/Q1,
MDK,AKTYWA,Wartości niematerialne i prawne,other_intangible_assets,1,1,PEWNE,Grupa MADKOM raport kwartalny I kw. 2025 (strony-obrazki) + kolumna biznesradar.pl 2025/Q1,KOSZTY PRAC ROZWOJOWYCH to calosc WNiP - producent oprogramowania dla administracji
MDK,AKTYWA,Koszty zakończonych prac rozwojowych,POMIN,,1,PEWNE,Grupa MADKOM raport kwartalny I kw. 2025 (strony-obrazki) + kolumna biznesradar.pl 2025/Q1,"pozycja ""w tym"""
MDK,AKTYWA,Rzeczowe aktywa trwałe,property,1,1,PEWNE,Grupa MADKOM raport kwartalny I kw. 2025 (strony-obrazki) + kolumna biznesradar.pl 2025/Q1,
MDK,AKTYWA,Środki trwałe,POMIN,,1,PEWNE,Grupa MADKOM raport kwartalny I kw. 2025 (strony-obrazki) + kolumna biznesradar.pl 2025/Q1,
MDK,AKTYWA,urządzenia techniczne i maszyny,POMIN,,1,PEWNE,Grupa MADKOM raport kwartalny I kw. 2025 (strony-obrazki) + kolumna biznesradar.pl 2025/Q1,
MDK,AKTYWA,środki transportu,POMIN,,1,PEWNE,Grupa MADKOM raport kwartalny I kw. 2025 (strony-obrazki) + kolumna biznesradar.pl 2025/Q1,
MDK,AKTYWA,Należności długoterminowe,noncurrent_receivables,1,1,PEWNE,Grupa MADKOM raport kwartalny I kw. 2025 (strony-obrazki) + kolumna biznesradar.pl 2025/Q1,
MDK,AKTYWA,Od pozostałych jednostek,POMIN,,1,PEWNE,Grupa MADKOM raport kwartalny I kw. 2025 (strony-obrazki) + kolumna biznesradar.pl 2025/Q1,
MDK,AKTYWA,Inwestycje długoterminowe,noncurrent_investments,1,1,PEWNE,Grupa MADKOM raport kwartalny I kw. 2025 (strony-obrazki) + kolumna biznesradar.pl 2025/Q1,
MDK,AKTYWA,Długoterminowe aktywa finansowe,POMIN,,1,PEWNE,Grupa MADKOM raport kwartalny I kw. 2025 (strony-obrazki) + kolumna biznesradar.pl 2025/Q1,
MDK,AKTYWA,w pozostałych jednostkach,POMIN,,1,PEWNE,Grupa MADKOM raport kwartalny I kw. 2025 (strony-obrazki) + kolumna biznesradar.pl 2025/Q1,
MDK,AKTYWA,- udzielone pożyczki,POMIN,,1,PEWNE,Grupa MADKOM raport kwartalny I kw. 2025 (strony-obrazki) + kolumna biznesradar.pl 2025/Q1,
MDK,AKTYWA,Inne inwestycje długoterminowe,POMIN,,1,PEWNE,Grupa MADKOM raport kwartalny I kw. 2025 (strony-obrazki) + kolumna biznesradar.pl 2025/Q1,
MDK,AKTYWA,Długoterminowe rozliczenia międzyokresowe,other_noncurrent_assets,1,1,PEWNE,Grupa MADKOM raport kwartalny I kw. 2025 (strony-obrazki) + kolumna biznesradar.pl 2025/Q1,w ustawie DLUGOTERMINOWE ROZLICZENIA MIEDZYOKRESOWE (z aktywem na podatek odroczony) ida w pozostale aktywa trwale
MDK,AKTYWA,Aktywa z tytułu odroczonego podatku dochodowego,POMIN,,1,PEWNE,Grupa MADKOM raport kwartalny I kw. 2025 (strony-obrazki) + kolumna biznesradar.pl 2025/Q1,
MDK,AKTYWA,Inne rozliczenia międzyokresowe,POMIN,,1,PEWNE,Grupa MADKOM raport kwartalny I kw. 2025 (strony-obrazki) + kolumna biznesradar.pl 2025/Q1,
MDK,AKTYWA,Aktywa obrotowe,current_assets,1,1,PEWNE,Grupa MADKOM raport kwartalny I kw. 2025 (strony-obrazki) + kolumna biznesradar.pl 2025/Q1,
MDK,AKTYWA,Zapasy,inventory,1,1,PEWNE,Grupa MADKOM raport kwartalny I kw. 2025 (strony-obrazki) + kolumna biznesradar.pl 2025/Q1,
MDK,AKTYWA,Półprodukty i produkty w toku,POMIN,,1,PEWNE,Grupa MADKOM raport kwartalny I kw. 2025 (strony-obrazki) + kolumna biznesradar.pl 2025/Q1,
MDK,AKTYWA,Towary,POMIN,,1,PEWNE,Grupa MADKOM raport kwartalny I kw. 2025 (strony-obrazki) + kolumna biznesradar.pl 2025/Q1,
MDK,AKTYWA,Zaliczki na dostawy i usługi,POMIN,,1,PEWNE,Grupa MADKOM raport kwartalny I kw. 2025 (strony-obrazki) + kolumna biznesradar.pl 2025/Q1,
MDK,AKTYWA,Należności krótkoterminowe,current_receivables,1,1,PEWNE,Grupa MADKOM raport kwartalny I kw. 2025 (strony-obrazki) + kolumna biznesradar.pl 2025/Q1,
MDK,AKTYWA,Należności od jednostek powiązanych,POMIN,,1,PEWNE,Grupa MADKOM raport kwartalny I kw. 2025 (strony-obrazki) + kolumna biznesradar.pl 2025/Q1,
MDK,AKTYWA,Należności od pozostałych jednostek,POMIN,,1,PEWNE,Grupa MADKOM raport kwartalny I kw. 2025 (strony-obrazki) + kolumna biznesradar.pl 2025/Q1,
MDK,AKTYWA,"z tytułu dostaw i usług, o okresie spłaty:",POMIN,,1,PEWNE,Grupa MADKOM raport kwartalny I kw. 2025 (strony-obrazki) + kolumna biznesradar.pl 2025/Q1,
MDK,AKTYWA,"z tytułu podatków, dotacji, ceł, ubezpieczeń społecznych i zdrowotnych oraz innych tytułów publicznoprawnych",POMIN,,1,PEWNE,Grupa MADKOM raport kwartalny I kw. 2025 (strony-obrazki) + kolumna biznesradar.pl 2025/Q1,
MDK,AKTYWA,inne,POMIN,,1,PEWNE,Grupa MADKOM raport kwartalny I kw. 2025 (strony-obrazki) + kolumna biznesradar.pl 2025/Q1,
MDK,AKTYWA,Inwestycje krótkoterminowe,current_investments,1,1,PEWNE,Grupa MADKOM raport kwartalny I kw. 2025 (strony-obrazki) + kolumna biznesradar.pl 2025/Q1,
MDK,AKTYWA,Krótkoterminowe aktywa finansowe,POMIN,,1,PEWNE,Grupa MADKOM raport kwartalny I kw. 2025 (strony-obrazki) + kolumna biznesradar.pl 2025/Q1,
MDK,AKTYWA,w pozostałych jednostkach (krótkoterminowe),POMIN,,1,PEWNE,Grupa MADKOM raport kwartalny I kw. 2025 (strony-obrazki) + kolumna biznesradar.pl 2025/Q1,
MDK,AKTYWA,- udzielone pożyczki (krótkoterminowe),POMIN,,1,PEWNE,Grupa MADKOM raport kwartalny I kw. 2025 (strony-obrazki) + kolumna biznesradar.pl 2025/Q1,
MDK,AKTYWA,środki pieniężne i inne aktywa pieniężne,cash,1,1,PEWNE,Grupa MADKOM raport kwartalny I kw. 2025 (strony-obrazki) + kolumna biznesradar.pl 2025/Q1,
MDK,AKTYWA,- środki pieniężne w kasie i na rachunkach,POMIN,,1,PEWNE,Grupa MADKOM raport kwartalny I kw. 2025 (strony-obrazki) + kolumna biznesradar.pl 2025/Q1,
MDK,AKTYWA,Krótkoterminowe rozliczenia międzyokresowe,other_current_assets,1,1,PEWNE,Grupa MADKOM raport kwartalny I kw. 2025 (strony-obrazki) + kolumna biznesradar.pl 2025/Q1,
MDK,AKTYWA,Udziały (akcje) własne,POMIN,,1,WYSOKA,Grupa MADKOM raport kwartalny I kw. 2025 (strony-obrazki) + kolumna biznesradar.pl 2025/Q1,"W USTAWIE udzialy wlasne stoja po stronie AKTYWOW, jako trzeci blok obok trwalych i obrotowych. Standard ma own_share tylko po stronie pasywow, wiec suma kontrolna ""aktywa trwale + obrotowe = suma"" pokazuje roznice 122 500 - biznesradar ma DOKLADNIE TEN SAM rozjazd w kazdym okresie"
MDK,PASYWA,Pasywa,total_equity_liabilities,1,1,PEWNE,Grupa MADKOM raport kwartalny I kw. 2025 (strony-obrazki) + kolumna biznesradar.pl 2025/Q1,
MDK,PASYWA,Kapitał (fundusz) własny,POMIN,,1,PEWNE,Grupa MADKOM raport kwartalny I kw. 2025 (strony-obrazki) + kolumna biznesradar.pl 2025/Q1,to kapital BEZ udzialow niekontrolujacych; wzorzec trzyma w capital caly kapital (POTWIERDZONE KGH.xlsx)
MDK,PASYWA,Kapitał własny ogółem z udziałami niekontrolującymi (wyliczony),capital,1,1,WYSOKA,Grupa MADKOM raport kwartalny I kw. 2025 (strony-obrazki) + kolumna biznesradar.pl 2025/Q1,"8 823 522,44 + 95 637,95 = 8 919 160,39 - wiersz dopisany przez konwerter, w tabeli raportu go nie ma"
MDK,PASYWA,Zobowiązania krótkoterminowe - pozycja nieujawniona w tabeli (wyliczona),current_other_liabilities,1,1,WYSOKA,Grupa MADKOM raport kwartalny I kw. 2025 (strony-obrazki) + kolumna biznesradar.pl 2025/Q1,"Zobowiazania krotkoterminowe 4 063 109,03 minus wykazane skladniki 3 622 146,68 = 440 962,35. W ukladzie ustawowym to zwykle ""fundusze specjalne""; w tabeli raportu tej linii nie ma. W 2024 reszta wynosi 0"
MDK,PASYWA,Kapitał (fundusz) podstawowy,share_capital,1,1,PEWNE,Grupa MADKOM raport kwartalny I kw. 2025 (strony-obrazki) + kolumna biznesradar.pl 2025/Q1,
MDK,PASYWA,"Kapitał (fundusz) zapasowy, w tym:",reserve,1,1,PEWNE,Grupa MADKOM raport kwartalny I kw. 2025 (strony-obrazki) + kolumna biznesradar.pl 2025/Q1,
MDK,PASYWA,Zysk (strata) z lat ubiegłych,retained_earnings,1,1,PEWNE,Grupa MADKOM raport kwartalny I kw. 2025 (strony-obrazki) + kolumna biznesradar.pl 2025/Q1,
MDK,PASYWA,Zysk (strata) netto,year_profit,1,1,PEWNE,Grupa MADKOM raport kwartalny I kw. 2025 (strony-obrazki) + kolumna biznesradar.pl 2025/Q1,"trzeci przypadek year_profit - w ustawie o rachunkowosci to regula, nie wyjatek"
MDK,PASYWA,Udziały niekontrolujące (wyliczone jako roznica sumy bilansowej),nonshare_capital,1,1,WYSOKA,Grupa MADKOM raport kwartalny I kw. 2025 (strony-obrazki) + kolumna biznesradar.pl 2025/Q1,"W TABELI RAPORTU TEJ LINII NIE MA: 20 972 840,22 - 8 823 522,44 - 12 053 679,83 = 95 637,95. Konwerter dopisuje ja z wyliczenia, inaczej pasywa sie nie sumuja"
MDK,PASYWA,Zobowiązania i rezerwy na zobowiązania,POMIN,,1,PEWNE,Grupa MADKOM raport kwartalny I kw. 2025 (strony-obrazki) + kolumna biznesradar.pl 2025/Q1,suma bloku B
MDK,PASYWA,Rezerwy na zobowiązania,reckoning,1,1,PEWNE,Grupa MADKOM raport kwartalny I kw. 2025 (strony-obrazki) + kolumna biznesradar.pl 2025/Q1,"reckoning = rezerwy + rozliczenia miedzyokresowe: 2 296 295,13 + 4 432 505,16 = 6 728 800,29"
MDK,PASYWA,Rozliczenia międzyokresowe,reckoning,1,1,PEWNE,Grupa MADKOM raport kwartalny I kw. 2025 (strony-obrazki) + kolumna biznesradar.pl 2025/Q1,
MDK,PASYWA,Rezerwa z tytułu odroczonego podatku dochodowego,POMIN,,1,PEWNE,Grupa MADKOM raport kwartalny I kw. 2025 (strony-obrazki) + kolumna biznesradar.pl 2025/Q1,
MDK,PASYWA,Rezerwa na świadczenia emerytalne i podobne,POMIN,,1,PEWNE,Grupa MADKOM raport kwartalny I kw. 2025 (strony-obrazki) + kolumna biznesradar.pl 2025/Q1,
MDK,PASYWA,Pozostałe rezerwy,POMIN,,1,PEWNE,Grupa MADKOM raport kwartalny I kw. 2025 (strony-obrazki) + kolumna biznesradar.pl 2025/Q1,
MDK,PASYWA,Inne rozliczenia międzyokresowe,POMIN,,1,PEWNE,Grupa MADKOM raport kwartalny I kw. 2025 (strony-obrazki) + kolumna biznesradar.pl 2025/Q1,
MDK,PASYWA,Zobowiązania długoterminowe,noncurrent_liabilities,1,1,PEWNE,Grupa MADKOM raport kwartalny I kw. 2025 (strony-obrazki) + kolumna biznesradar.pl 2025/Q1,
MDK,PASYWA,Wobec pozostałych jednostek,POMIN,,1,PEWNE,Grupa MADKOM raport kwartalny I kw. 2025 (strony-obrazki) + kolumna biznesradar.pl 2025/Q1,
MDK,PASYWA,kredyty i pożyczki,noncurrent_borrowings,1,1,PEWNE,Grupa MADKOM raport kwartalny I kw. 2025 (strony-obrazki) + kolumna biznesradar.pl 2025/Q1,
MDK,PASYWA,inne zobowiązania finansowe,noncurrent_leasing,1,1,WYSOKA,Grupa MADKOM raport kwartalny I kw. 2025 (strony-obrazki) + kolumna biznesradar.pl 2025/Q1,leasing finansowy - biznesradar trzyma go w noncurrent_leasing
MDK,PASYWA,Zobowiązania krótkoterminowe,current_liabilities,1,1,PEWNE,Grupa MADKOM raport kwartalny I kw. 2025 (strony-obrazki) + kolumna biznesradar.pl 2025/Q1,
MDK,PASYWA,Zobowiązania wobec jednostek powiązanych,current_other_liabilities,1,1,PEWNE,Grupa MADKOM raport kwartalny I kw. 2025 (strony-obrazki) + kolumna biznesradar.pl 2025/Q1,
MDK,PASYWA,Zobowiązania wobec pozostałych jednostek,POMIN,,1,PEWNE,Grupa MADKOM raport kwartalny I kw. 2025 (strony-obrazki) + kolumna biznesradar.pl 2025/Q1,suma podbloku - skladniki mapujemy osobno
MDK,PASYWA,kredyty i pożyczki (krótkoterminowe),current_borrowings,1,1,PEWNE,Grupa MADKOM raport kwartalny I kw. 2025 (strony-obrazki) + kolumna biznesradar.pl 2025/Q1,
MDK,PASYWA,inne zobowiązania finansowe (krótkoterminowe),current_leasing,1,1,WYSOKA,Grupa MADKOM raport kwartalny I kw. 2025 (strony-obrazki) + kolumna biznesradar.pl 2025/Q1,
MDK,PASYWA,"z tytułu dostaw i usług, o okresie wymagalności:",current_trade_payables,1,1,PEWNE,Grupa MADKOM raport kwartalny I kw. 2025 (strony-obrazki) + kolumna biznesradar.pl 2025/Q1,
MDK,PASYWA,"z tytułu podatków, ceł, ubezpieczeń społecznych i zdrowotnych oraz innych tytułów publicznoprawnych",current_other_liabilities,1,1,PEWNE,Grupa MADKOM raport kwartalny I kw. 2025 (strony-obrazki) + kolumna biznesradar.pl 2025/Q1,
MDK,PASYWA,z tytułu wynagrodzeń,current_other_liabilities,1,1,PEWNE,Grupa MADKOM raport kwartalny I kw. 2025 (strony-obrazki) + kolumna biznesradar.pl 2025/Q1,
MDK,PASYWA,inne (zobowiązania),current_other_liabilities,1,1,PEWNE,Grupa MADKOM raport kwartalny I kw. 2025 (strony-obrazki) + kolumna biznesradar.pl 2025/Q1,
MDK,CF,Zysk (strata) netto (przeplywy),POMIN,,1,PEWNE,Grupa MADKOM raport kwartalny I kw. 2025 (strony-obrazki) + kolumna biznesradar.pl 2025/Q1,
MDK,CF,Korekty razem,POMIN,,1,PEWNE,Grupa MADKOM raport kwartalny I kw. 2025 (strony-obrazki) + kolumna biznesradar.pl 2025/Q1,
MDK,CF,Zyski (straty) mniejszości (korekta),POMIN,,1,PEWNE,Grupa MADKOM raport kwartalny I kw. 2025 (strony-obrazki) + kolumna biznesradar.pl 2025/Q1,
MDK,CF,Amortyzacja (przeplywy),amortization,1,1,PEWNE,Grupa MADKOM raport kwartalny I kw. 2025 (strony-obrazki) + kolumna biznesradar.pl 2025/Q1,
MDK,CF,Odsetki i udziały w zyskach (dywidendy),POMIN,,1,PEWNE,Grupa MADKOM raport kwartalny I kw. 2025 (strony-obrazki) + kolumna biznesradar.pl 2025/Q1,
MDK,CF,Zysk (strata) z działalności inwestycyjnej,POMIN,,1,PEWNE,Grupa MADKOM raport kwartalny I kw. 2025 (strony-obrazki) + kolumna biznesradar.pl 2025/Q1,
MDK,CF,Zmiana stanu rezerw,change_in_other_assets,1,1,PEWNE,Grupa MADKOM raport kwartalny I kw. 2025 (strony-obrazki) + kolumna biznesradar.pl 2025/Q1,w ustawie change_in_other_assets = rezerwy + rozliczenia miedzyokresowe
MDK,CF,Zmiana stanu rozliczeń międzyokresowych,change_in_other_assets,1,1,PEWNE,Grupa MADKOM raport kwartalny I kw. 2025 (strony-obrazki) + kolumna biznesradar.pl 2025/Q1,
MDK,CF,Zmiana stanu zapasów,change_in_inventories,1,1,PEWNE,Grupa MADKOM raport kwartalny I kw. 2025 (strony-obrazki) + kolumna biznesradar.pl 2025/Q1,
MDK,CF,Zmiana stanu należności,change_in_receivables,1,1,PEWNE,Grupa MADKOM raport kwartalny I kw. 2025 (strony-obrazki) + kolumna biznesradar.pl 2025/Q1,
MDK,CF,"Zmiana stanu zobowiązań krótkoterminowych, z wyjątkiem pożyczek i kredytów",change_in_payables,1,1,PEWNE,Grupa MADKOM raport kwartalny I kw. 2025 (strony-obrazki) + kolumna biznesradar.pl 2025/Q1,
MDK,CF,Przepływy pieniężne netto z działalności operacyjnej (I/-II),operating_cashflow,1,1,PEWNE,Grupa MADKOM raport kwartalny I kw. 2025 (strony-obrazki) + kolumna biznesradar.pl 2025/Q1,
MDK,CF_INW,Wpływy (inwestycyjne),POMIN,,1,PEWNE,Grupa MADKOM raport kwartalny I kw. 2025 (strony-obrazki) + kolumna biznesradar.pl 2025/Q1,
MDK,CF_INW,"Z aktywów finansowych, w tym:",POMIN,,1,PEWNE,Grupa MADKOM raport kwartalny I kw. 2025 (strony-obrazki) + kolumna biznesradar.pl 2025/Q1,
MDK,CF_INW,- spłata udzielonych pożyczek długoterminowych,POMIN,,1,PEWNE,Grupa MADKOM raport kwartalny I kw. 2025 (strony-obrazki) + kolumna biznesradar.pl 2025/Q1,
MDK,CF_INW,- odsetki (inwestycyjne),proceed_bank_loans,1,1,WYSOKA,Grupa MADKOM raport kwartalny I kw. 2025 (strony-obrazki) + kolumna biznesradar.pl 2025/Q1,
MDK,CF_INW,Wydatki (inwestycyjne),POMIN,,1,PEWNE,Grupa MADKOM raport kwartalny I kw. 2025 (strony-obrazki) + kolumna biznesradar.pl 2025/Q1,
MDK,CF_INW,Nabycie wartości niematerialnych i prawnych oraz rzeczowych aktywów trwałych,capex,1,1,PEWNE,Grupa MADKOM raport kwartalny I kw. 2025 (strony-obrazki) + kolumna biznesradar.pl 2025/Q1,
MDK,CF_INW,"Na aktywa finansowe, w tym:",POMIN,,1,PEWNE,Grupa MADKOM raport kwartalny I kw. 2025 (strony-obrazki) + kolumna biznesradar.pl 2025/Q1,
MDK,CF_INW,- udzielone pożyczki długoterminowe,POMIN,,1,PEWNE,Grupa MADKOM raport kwartalny I kw. 2025 (strony-obrazki) + kolumna biznesradar.pl 2025/Q1,
MDK,CF_INW,Przepływy pieniężne netto z działalności inwestycyjnej (I-II),investing_cashflow,1,1,PEWNE,Grupa MADKOM raport kwartalny I kw. 2025 (strony-obrazki) + kolumna biznesradar.pl 2025/Q1,
MDK,CF_FIN,Wydatki (finansowe),POMIN,,1,PEWNE,Grupa MADKOM raport kwartalny I kw. 2025 (strony-obrazki) + kolumna biznesradar.pl 2025/Q1,
MDK,CF_FIN,Spłaty kredytów i pożyczek,POMIN,,1,PEWNE,Grupa MADKOM raport kwartalny I kw. 2025 (strony-obrazki) + kolumna biznesradar.pl 2025/Q1,
MDK,CF_FIN,Płatności zobowiązań z tytułu umów leasingu finansowego,lease_liab_payments,1,1,PEWNE,Grupa MADKOM raport kwartalny I kw. 2025 (strony-obrazki) + kolumna biznesradar.pl 2025/Q1,
MDK,CF_FIN,Odsetki (finansowe),repaid_bank_loans,1,1,WYSOKA,Grupa MADKOM raport kwartalny I kw. 2025 (strony-obrazki) + kolumna biznesradar.pl 2025/Q1,
MDK,CF_FIN,Przepływy pieniężne netto z działalności finansowej (I-II),financing_cashflow,1,1,PEWNE,Grupa MADKOM raport kwartalny I kw. 2025 (strony-obrazki) + kolumna biznesradar.pl 2025/Q1,
MDK,CF_FIN,Przepływy pieniężne netto razem (A.III/-B.III/-C.III),net_cashflow,1,1,PEWNE,Grupa MADKOM raport kwartalny I kw. 2025 (strony-obrazki) + kolumna biznesradar.pl 2025/Q1,
MDK,CF_FIN,"Bilansowa zmiana stanu środków pieniężnych, w tym:",POMIN,,1,PEWNE,Grupa MADKOM raport kwartalny I kw. 2025 (strony-obrazki) + kolumna biznesradar.pl 2025/Q1,
MDK,CF_FIN,- zmiana stanu środków pieniężnych z tytułu różnic kursowych,POMIN,,1,PEWNE,Grupa MADKOM raport kwartalny I kw. 2025 (strony-obrazki) + kolumna biznesradar.pl 2025/Q1,
MDK,CF_FIN,Środki pieniężne na początek okresu,POMIN,,1,PEWNE,Grupa MADKOM raport kwartalny I kw. 2025 (strony-obrazki) + kolumna biznesradar.pl 2025/Q1,
MDK,CF_FIN,"Środki pieniężne na koniec okresu (F/-D), w tym:",POMIN,,1,PEWNE,Grupa MADKOM raport kwartalny I kw. 2025 (strony-obrazki) + kolumna biznesradar.pl 2025/Q1,
MDK,CF_FIN,- o ograniczonej możliwości dysponowania,POMIN,,1,PEWNE,Grupa MADKOM raport kwartalny I kw. 2025 (strony-obrazki) + kolumna biznesradar.pl 2025/Q1,
AGL,RZIS,Revenue,revenues,1,1,PEWNE,"AGROLIGA GROUP PLC raport roczny 2025 (strony-obrazki, OCR eng) + kolumna biznesradar.pl 2025 (gru 25)","42 213 tys. EUR x 4,2267 = 178 422 = IncomeRevenues biznesradaru"
AGL,RZIS,Cost of sales,cost_of_sales,-1,1,PEWNE,"AGROLIGA GROUP PLC raport roczny 2025 (strony-obrazki, OCR eng) + kolumna biznesradar.pl 2025 (gru 25)","UWAGA: na twarzy RZiS wydrukowano (38 235), ale nota 7.1 sumuje sie do (38 285) i to ta wartosc zgadza sie z wydrukowanym zyskiem brutto i z kolumna biznesradaru. Uzywamy 38 285."
AGL,RZIS,Income from change in fair value of biological assets and agricultural products,cost_of_sales,-1,1,PEWNE,"AGROLIGA GROUP PLC raport roczny 2025 (strony-obrazki, OCR eng) + kolumna biznesradar.pl 2025 (gru 25)","KLUCZOWA OBSERWACJA: zysk z przeszacowania aktywow biologicznych stoi w raporcie POWYZEJ kreski zysku brutto ze sprzedazy. Biznesradar NIE dokłada go do przychodow, tylko POMNIEJSZA nim koszt wlasny: 38 285 - 821 = 37 464; 37 464 x 4,2267 = 158 349 = IncomeCostOfSales. Stad znak -1 przy wartosci dodatniej."
AGL,RZIS,Gross profit (loss),POMIN,,1,PEWNE,"AGROLIGA GROUP PLC raport roczny 2025 (strony-obrazki, OCR eng) + kolumna biznesradar.pl 2025 (gru 25)",raportowane 4 749 to zysk brutto PO doliczeniu aktywow biologicznych; standard liczy gross_profit z reguly: 42 213 - 37 464 - 1 497 - 1 254 = 1 998 (= 8 445 PLN u biznesradaru)
AGL,RZIS,Administrative expenses,administrative_expenses,-1,1,PEWNE,"AGROLIGA GROUP PLC raport roczny 2025 (strony-obrazki, OCR eng) + kolumna biznesradar.pl 2025 (gru 25)","nota 7.2: amortyzacja, materialy, wynagrodzenia, uslugi, podatki - klasyczny koszt ogolnego zarzadu. BIZNESRADAR MA TE POZYCJE ZAMIENIONA Z KOSZTAMI SPRZEDAZY - patrz znaleziska."
AGL,RZIS,Distribution expenses,distribution_expenses,-1,1,PEWNE,"AGROLIGA GROUP PLC raport roczny 2025 (strony-obrazki, OCR eng) + kolumna biznesradar.pl 2025 (gru 25)",nota 7.3: uslugi transportowe 1 240 z 1 497 - klasyczny koszt sprzedazy. BIZNESRADAR MA TE POZYCJE ZAMIENIONA Z KOSZTAMI OGOLNEGO ZARZADU - patrz znaleziska.
AGL,RZIS,"Other operating income/(expenses), net",other_operating_income,1,1,PEWNE,"AGROLIGA GROUP PLC raport roczny 2025 (strony-obrazki, OCR eng) + kolumna biznesradar.pl 2025 (gru 25)","pozycja NETTO (1 398 = 5 909 PLN); other_operating_costs zostaje zerowe, tak samo jak u biznesradaru"
AGL,RZIS,"Financial income/(expenses), net",finance_costs,-1,1,PEWNE,"AGROLIGA GROUP PLC raport roczny 2025 (strony-obrazki, OCR eng) + kolumna biznesradar.pl 2025 (gru 25)",pozycja NETTO i UJEMNA (-306) -> finance_costs 306 (1 293 PLN); finance_income zostaje zerowe
AGL,RZIS,"Exchange rate differences, net",other_income,1,1,PEWNE,"AGROLIGA GROUP PLC raport roczny 2025 (strony-obrazki, OCR eng) + kolumna biznesradar.pl 2025 (gru 25)","roznice kursowe pokazane OSOBNO, ponizej wyniku finansowego -> other_income -1 274 (-5 385 PLN)"
AGL,RZIS,Profit (loss) from continuing operations,before_tax_profit,1,1,PEWNE,"AGROLIGA GROUP PLC raport roczny 2025 (strony-obrazki, OCR eng) + kolumna biznesradar.pl 2025 (gru 25)",to jest wynik PRZED opodatkowaniem (podatek stoi linie nizej); net_gross_profit wychodzi z reguly 7
AGL,RZIS,Income tax benefit/expense,POMIN,,1,PEWNE,"AGROLIGA GROUP PLC raport roczny 2025 (strony-obrazki, OCR eng) + kolumna biznesradar.pl 2025 (gru 25)",standard nie ma klucza na podatek; za 2025 podatek wyniosl zero (nota 9.1: 327 + 95 - 422 = 0)
AGL,RZIS,Profit (loss) for the year,net_profit,1,1,PEWNE,"AGROLIGA GROUP PLC raport roczny 2025 (strony-obrazki, OCR eng) + kolumna biznesradar.pl 2025 (gru 25)",
AGL,RZIS,Other comprehensive income,POMIN,,1,PEWNE,"AGROLIGA GROUP PLC raport roczny 2025 (strony-obrazki, OCR eng) + kolumna biznesradar.pl 2025 (gru 25)",naglowek bloku
AGL,RZIS,Items that will not be reclassified to profit or loss:,POMIN,,1,PEWNE,"AGROLIGA GROUP PLC raport roczny 2025 (strony-obrazki, OCR eng) + kolumna biznesradar.pl 2025 (gru 25)",naglowek bloku
AGL,RZIS,Exchange differences on translation of foreign operations,POMIN,,1,PEWNE,"AGROLIGA GROUP PLC raport roczny 2025 (strony-obrazki, OCR eng) + kolumna biznesradar.pl 2025 (gru 25)",inne calkowite dochody - poza rachunkiem wynikow
AGL,RZIS,Total comprehensive income for the year,POMIN,,1,PEWNE,"AGROLIGA GROUP PLC raport roczny 2025 (strony-obrazki, OCR eng) + kolumna biznesradar.pl 2025 (gru 25)",
AGL,RZIS,"EBITDA (earnings before interests, taxes, depreciation and amortization and exchange rate differences)",POMIN,,1,PEWNE,"AGROLIGA GROUP PLC raport roczny 2025 (strony-obrazki, OCR eng) + kolumna biznesradar.pl 2025 (gru 25)",spolka podaje EBITDA sama (6 468); biznesradar i tak liczy ja jako ebit + amortyzacja = 3 396 + 3 072 = 6 468 - wychodzi to samo
AGL,RZIS_ZYSK,Equity holders of the parent,shareholder_net_profit,1,1,PEWNE,"AGROLIGA GROUP PLC raport roczny 2025 (strony-obrazki, OCR eng) + kolumna biznesradar.pl 2025 (gru 25)","1 139 x 4,2267 = 4 814 = IncomeShareholderNetProfit"
AGL,RZIS_ZYSK,Non-controlling interests,POMIN,,1,PEWNE,"AGROLIGA GROUP PLC raport roczny 2025 (strony-obrazki, OCR eng) + kolumna biznesradar.pl 2025 (gru 25)",standard nie ma klucza na wynik mniejszosci
AGL,RZIS_ZYSK,Net profit for the year/period,POMIN,,1,PEWNE,"AGROLIGA GROUP PLC raport roczny 2025 (strony-obrazki, OCR eng) + kolumna biznesradar.pl 2025 (gru 25)","powtorzenie zysku netto - gdyby nie osobna sekcja, net_profit policzylby sie dwa razy"
AGL,RZIS_CD,Equity holders of the parent,POMIN,,1,PEWNE,"AGROLIGA GROUP PLC raport roczny 2025 (strony-obrazki, OCR eng) + kolumna biznesradar.pl 2025 (gru 25)",
AGL,RZIS_CD,Non-controlling interests,POMIN,,1,PEWNE,"AGROLIGA GROUP PLC raport roczny 2025 (strony-obrazki, OCR eng) + kolumna biznesradar.pl 2025 (gru 25)",
AGL,RZIS_CD,Total comprehensive income,POMIN,,1,PEWNE,"AGROLIGA GROUP PLC raport roczny 2025 (strony-obrazki, OCR eng) + kolumna biznesradar.pl 2025 (gru 25)",
AGL,AKT_TRW,"Property, plant and equipment",property,1,1,PEWNE,"AGROLIGA GROUP PLC raport roczny 2025 (strony-obrazki, OCR eng) + kolumna biznesradar.pl 2025 (gru 25)",
AGL,AKT_TRW,Right-of-use asset,property,1,1,PEWNE,"AGROLIGA GROUP PLC raport roczny 2025 (strony-obrazki, OCR eng) + kolumna biznesradar.pl 2025 (gru 25)","PRAWO DO UZYTKOWANIA jest tu OSOBNA linia bilansu (330), a nie pozycja ""w tym"". Biznesradar wlacza je do rzeczowych aktywow trwalych: (30 461 + 330) x 4,2267 = 130 144 = BalanceProperty. Ten sam wiersz idzie DRUGIM aliasem do right_to_use_assets jako pozycja informacyjna."
AGL,AKT_TRW,Right-of-use asset,right_to_use_assets,1,1,PEWNE,"AGROLIGA GROUP PLC raport roczny 2025 (strony-obrazki, OCR eng) + kolumna biznesradar.pl 2025 (gru 25)","pozycja informacyjna: 330 x 4,2267 = 1 395 = BalanceRightToUseAssets. NIE sumuje sie do aktywow trwalych - suma kontrolna skladnikow uzywa property, ktore juz to zawiera."
AGL,AKT_TRW,Biological assets,noncurrent_investments,1,1,WYSOKA,"AGROLIGA GROUP PLC raport roczny 2025 (strony-obrazki, OCR eng) + kolumna biznesradar.pl 2025 (gru 25)","w 2025 i 2024 pozycja jest pusta; gdyby sie pojawila, u spolki rolnej dlugoterminowe aktywa biologiczne (stado podstawowe) ida w inwestycje dlugoterminowe - DO POTWIERDZENIA na okresie z wartoscia"
AGL,AKT_TRW,Deferred tax assets,other_noncurrent_assets,1,1,PEWNE,"AGROLIGA GROUP PLC raport roczny 2025 (strony-obrazki, OCR eng) + kolumna biznesradar.pl 2025 (gru 25)","141 x 4,2267 = 596 = BalanceOtherNoncurrentAssets"
AGL,AKT_TRW,Total non-current assets,noncurrent_assets,1,1,PEWNE,"AGROLIGA GROUP PLC raport roczny 2025 (strony-obrazki, OCR eng) + kolumna biznesradar.pl 2025 (gru 25)",
AGL,AKT_OBR,Inventories and work in progress,inventory,1,1,PEWNE,"AGROLIGA GROUP PLC raport roczny 2025 (strony-obrazki, OCR eng) + kolumna biznesradar.pl 2025 (gru 25)",
AGL,AKT_OBR,Biological assets,inventory,1,1,WYSOKA,"AGROLIGA GROUP PLC raport roczny 2025 (strony-obrazki, OCR eng) + kolumna biznesradar.pl 2025 (gru 25)","w 2025 i 2024 pusta; krotkoterminowe aktywa biologiczne (zasiewy, plody rolne) to u biznesradaru zapasy - DO POTWIERDZENIA na okresie z wartoscia"
AGL,AKT_OBR,Trade and other receivables,current_receivables,1,1,PEWNE,"AGROLIGA GROUP PLC raport roczny 2025 (strony-obrazki, OCR eng) + kolumna biznesradar.pl 2025 (gru 25)",
AGL,AKT_OBR,Cash and cash equivalents,current_investments,1,1,PEWNE,"AGROLIGA GROUP PLC raport roczny 2025 (strony-obrazki, OCR eng) + kolumna biznesradar.pl 2025 (gru 25)",standardowa konwencja: srodki pieniezne sa skladnikiem inwestycji krotkoterminowych
AGL,AKT_OBR,Cash and cash equivalents,cash,1,1,PEWNE,"AGROLIGA GROUP PLC raport roczny 2025 (strony-obrazki, OCR eng) + kolumna biznesradar.pl 2025 (gru 25)",i dodatkowo wlasny klucz cash
AGL,AKT_OBR,Total current assets,current_assets,1,1,PEWNE,"AGROLIGA GROUP PLC raport roczny 2025 (strony-obrazki, OCR eng) + kolumna biznesradar.pl 2025 (gru 25)",
AGL,AKTYWA,TOTAL ASSETS,total_assets,1,1,PEWNE,"AGROLIGA GROUP PLC raport roczny 2025 (strony-obrazki, OCR eng) + kolumna biznesradar.pl 2025 (gru 25)",
AGL,KAPITAL,Share capital,share_capital,1,1,PEWNE,"AGROLIGA GROUP PLC raport roczny 2025 (strony-obrazki, OCR eng) + kolumna biznesradar.pl 2025 (gru 25)","31 x 4,2267 = 131 = BalanceShareCapital"
AGL,KAPITAL,Share premium,reserve,1,1,PEWNE,"AGROLIGA GROUP PLC raport roczny 2025 (strony-obrazki, OCR eng) + kolumna biznesradar.pl 2025 (gru 25)","AGIO -> kapital zapasowy, tak jak u JSW, Orange, Kruka i Asbisu. 953 x 4,2267 = 4 028 = BalanceReserve"
AGL,KAPITAL,Translation reserve,retained_earnings,1,1,WYSOKA,"AGROLIGA GROUP PLC raport roczny 2025 (strony-obrazki, OCR eng) + kolumna biznesradar.pl 2025 (gru 25)","standard nie ma klucza na kapital z przeliczenia. Nie moze isc do reserve, bo biznesradar pokazuje tam samo agio (4 028). Razem z zyskami zatrzymanymi: 46 060 - 22 985 = 23 075 i suma skladnikow kapitalu sie domyka."
AGL,KAPITAL,Retained earnings,retained_earnings,1,1,PEWNE,"AGROLIGA GROUP PLC raport roczny 2025 (strony-obrazki, OCR eng) + kolumna biznesradar.pl 2025 (gru 25)","saldo zamkniecia, juz z wynikiem roku - dlatego year_profit zostaje pusty"
AGL,KAPITAL,Equity attributable to equity holders of the parent,POMIN,,1,PEWNE,"AGROLIGA GROUP PLC raport roczny 2025 (strony-obrazki, OCR eng) + kolumna biznesradar.pl 2025 (gru 25)","STRONA biznesradaru pokazuje wlasnie te liczbe jako ""Kapital wlasny akcjonariuszy jednostki dominujacej"" (24 059 x 4,2267 = 101 690), ale WZORZEC ma w capital kapital LACZNY z mniejszosciami (dowod na KGH.xlsx). Ta linia idzie wiec w POMIN, a capital bierze ""Total equity""."
AGL,KAPITAL,Non-controlling interests,nonshare_capital,1,1,PEWNE,"AGROLIGA GROUP PLC raport roczny 2025 (strony-obrazki, OCR eng) + kolumna biznesradar.pl 2025 (gru 25)","2 596 x 4,2267 = 10 973 = BalanceNonshareCapital"
AGL,KAPITAL,Total equity,capital,1,1,PEWNE,"AGROLIGA GROUP PLC raport roczny 2025 (strony-obrazki, OCR eng) + kolumna biznesradar.pl 2025 (gru 25)","kapital LACZNY z udzialami niekontrolujacymi - tego wymaga suma kontrolna ""kapital + zobowiazania = pasywa"""
AGL,ZOB_DL,Borrowings,noncurrent_borrowings,1,1,PEWNE,"AGROLIGA GROUP PLC raport roczny 2025 (strony-obrazki, OCR eng) + kolumna biznesradar.pl 2025 (gru 25)","1 508 x 4,2267 = 6 374"
AGL,ZOB_DL,Long-term portion of lease liabilities,noncurrent_leasing,1,1,PEWNE,"AGROLIGA GROUP PLC raport roczny 2025 (strony-obrazki, OCR eng) + kolumna biznesradar.pl 2025 (gru 25)","401 x 4,2267 = 1 695"
AGL,ZOB_DL,Deferred tax liabilities,noncurrent_other_liabilities,1,1,PEWNE,"AGROLIGA GROUP PLC raport roczny 2025 (strony-obrazki, OCR eng) + kolumna biznesradar.pl 2025 (gru 25)","rezerwa na podatek odroczony -> inne zobowiazania dlugoterminowe; 2 666 x 4,2267 = 11 268"
AGL,ZOB_DL,Total non-current liabilities,noncurrent_liabilities,1,1,PEWNE,"AGROLIGA GROUP PLC raport roczny 2025 (strony-obrazki, OCR eng) + kolumna biznesradar.pl 2025 (gru 25)",
AGL,ZOB_KR,Trade and other payables,current_trade_payables,1,1,PEWNE,"AGROLIGA GROUP PLC raport roczny 2025 (strony-obrazki, OCR eng) + kolumna biznesradar.pl 2025 (gru 25)","10 894 x 4,2267 = 46 046"
AGL,ZOB_KR,Current portion of lease liabilities,current_leasing,1,1,PEWNE,"AGROLIGA GROUP PLC raport roczny 2025 (strony-obrazki, OCR eng) + kolumna biznesradar.pl 2025 (gru 25)","107 x 4,2267 = 452"
AGL,ZOB_KR,Borrowings,current_borrowings,1,1,PEWNE,"AGROLIGA GROUP PLC raport roczny 2025 (strony-obrazki, OCR eng) + kolumna biznesradar.pl 2025 (gru 25)","12 392 x 4,2267 = 52 377"
AGL,ZOB_KR,Provision,current_other_liabilities,1,1,PEWNE,"AGROLIGA GROUP PLC raport roczny 2025 (strony-obrazki, OCR eng) + kolumna biznesradar.pl 2025 (gru 25)","rezerwy krotkoterminowe -> inne zobowiazania krotkoterminowe; 84 x 4,2267 = 355"
AGL,ZOB_KR,Total Current liabilities,current_liabilities,1,1,PEWNE,"AGROLIGA GROUP PLC raport roczny 2025 (strony-obrazki, OCR eng) + kolumna biznesradar.pl 2025 (gru 25)",
AGL,PASYWA,TOTAL EQUITY AND LIABILITIES,total_equity_liabilities,1,1,PEWNE,"AGROLIGA GROUP PLC raport roczny 2025 (strony-obrazki, OCR eng) + kolumna biznesradar.pl 2025 (gru 25)",
AGL,CF,Profit before tax,POMIN,,1,PEWNE,"AGROLIGA GROUP PLC raport roczny 2025 (strony-obrazki, OCR eng) + kolumna biznesradar.pl 2025 (gru 25)",punkt wyjscia metody posredniej
AGL,CF,"Depreciation of property, plant and equipment",amortization,1,1,PEWNE,"AGROLIGA GROUP PLC raport roczny 2025 (strony-obrazki, OCR eng) + kolumna biznesradar.pl 2025 (gru 25)","3 072 x 4,2267 = 12 984 = CashflowAmortization"
AGL,CF,Changes in the reserve of doubtful debts,POMIN,,1,PEWNE,"AGROLIGA GROUP PLC raport roczny 2025 (strony-obrazki, OCR eng) + kolumna biznesradar.pl 2025 (gru 25)",korekta
AGL,CF,(Losses)/gain on current assets sold,POMIN,,1,PEWNE,"AGROLIGA GROUP PLC raport roczny 2025 (strony-obrazki, OCR eng) + kolumna biznesradar.pl 2025 (gru 25)",korekta
AGL,CF,"Exchange rate differences, net",POMIN,,1,PEWNE,"AGROLIGA GROUP PLC raport roczny 2025 (strony-obrazki, OCR eng) + kolumna biznesradar.pl 2025 (gru 25)","korekta (ta sama nazwa co w RZiS, inna sekcja)"
AGL,CF,Income from previously written off assets (reverse),POMIN,,1,PEWNE,"AGROLIGA GROUP PLC raport roczny 2025 (strony-obrazki, OCR eng) + kolumna biznesradar.pl 2025 (gru 25)",korekta
AGL,CF,Changes in deferred taxes,POMIN,,1,PEWNE,"AGROLIGA GROUP PLC raport roczny 2025 (strony-obrazki, OCR eng) + kolumna biznesradar.pl 2025 (gru 25)",korekta
AGL,CF,Income from change in fair value of biological assets,POMIN,,1,PEWNE,"AGROLIGA GROUP PLC raport roczny 2025 (strony-obrazki, OCR eng) + kolumna biznesradar.pl 2025 (gru 25)",korekta
AGL,CF,Interest income,POMIN,,1,PEWNE,"AGROLIGA GROUP PLC raport roczny 2025 (strony-obrazki, OCR eng) + kolumna biznesradar.pl 2025 (gru 25)",korekta; odsetki otrzymane sa w sekcji inwestycyjnej
AGL,CF,Interest expense,POMIN,,1,PEWNE,"AGROLIGA GROUP PLC raport roczny 2025 (strony-obrazki, OCR eng) + kolumna biznesradar.pl 2025 (gru 25)",korekta; odsetki zaplacone sa w sekcji finansowej
AGL,CF,Cash flows from operations before working capital changes,POMIN,,1,PEWNE,"AGROLIGA GROUP PLC raport roczny 2025 (strony-obrazki, OCR eng) + kolumna biznesradar.pl 2025 (gru 25)",suma posrednia
AGL,CF,Decrease/(increase) in inventories and work in progress,change_in_inventories,1,1,PEWNE,"AGROLIGA GROUP PLC raport roczny 2025 (strony-obrazki, OCR eng) + kolumna biznesradar.pl 2025 (gru 25)",przy fladze kapital_obrotowy_z_bilansu = TAK i tak nadpisywane wyliczeniem z bilansu
AGL,CF,Decrease/(increase) in trade and other receivables,change_in_receivables,1,1,PEWNE,"AGROLIGA GROUP PLC raport roczny 2025 (strony-obrazki, OCR eng) + kolumna biznesradar.pl 2025 (gru 25)",
AGL,CF,Decrease/(increase) in biological assets,change_in_other_assets,1,1,PEWNE,"AGROLIGA GROUP PLC raport roczny 2025 (strony-obrazki, OCR eng) + kolumna biznesradar.pl 2025 (gru 25)",
AGL,CF,(Decrease)/increase in trade and other payables,change_in_payables,1,1,PEWNE,"AGROLIGA GROUP PLC raport roczny 2025 (strony-obrazki, OCR eng) + kolumna biznesradar.pl 2025 (gru 25)",
AGL,CF,Cash flows from operations,POMIN,,1,PEWNE,"AGROLIGA GROUP PLC raport roczny 2025 (strony-obrazki, OCR eng) + kolumna biznesradar.pl 2025 (gru 25)",suma posrednia PRZED podatkiem zaplaconym
AGL,CF,Income tax paid,POMIN,,1,PEWNE,"AGROLIGA GROUP PLC raport roczny 2025 (strony-obrazki, OCR eng) + kolumna biznesradar.pl 2025 (gru 25)",
AGL,CF,Net cash flows from operating activities,operating_cashflow,1,1,PEWNE,"AGROLIGA GROUP PLC raport roczny 2025 (strony-obrazki, OCR eng) + kolumna biznesradar.pl 2025 (gru 25)","-7 062 x 4,2267 = -29 849 = CashflowOperatingCashflow"
AGL,CF_INW,"Payment for purchase of property, plant and equipment",capex,-1,1,PEWNE,"AGROLIGA GROUP PLC raport roczny 2025 (strony-obrazki, OCR eng) + kolumna biznesradar.pl 2025 (gru 25)","2 835 x 4,2267 = 11 983 = CashflowCapex"
AGL,CF_INW,"Proceeds from disposal of property, plant and equipment",POMIN,,1,PEWNE,"AGROLIGA GROUP PLC raport roczny 2025 (strony-obrazki, OCR eng) + kolumna biznesradar.pl 2025 (gru 25)",pusta w obu okresach
AGL,CF_INW,Loans granted,POMIN,,1,PEWNE,"AGROLIGA GROUP PLC raport roczny 2025 (strony-obrazki, OCR eng) + kolumna biznesradar.pl 2025 (gru 25)",pusta w obu okresach
AGL,CF_INW,Interest received,proceed_bank_loans,1,1,WYSOKA,"AGROLIGA GROUP PLC raport roczny 2025 (strony-obrazki, OCR eng) + kolumna biznesradar.pl 2025 (gru 25)","klucz proceed_bank_loans ma w standardzie etykiete ""Odsetki otrzymane"". Biznesradar tego wiersza na stronie nie wyswietla, wiec bez potwierdzenia z kolumny."
AGL,CF_INW,Net cash (loss) generated by investing activities,investing_cashflow,1,1,PEWNE,"AGROLIGA GROUP PLC raport roczny 2025 (strony-obrazki, OCR eng) + kolumna biznesradar.pl 2025 (gru 25)","-2 814 x 4,2267 = -11 894 = CashflowInvestingCashflow"
AGL,CF_FIN,Proceeds from borrowings,POMIN,,1,PEWNE,"AGROLIGA GROUP PLC raport roczny 2025 (strony-obrazki, OCR eng) + kolumna biznesradar.pl 2025 (gru 25)",standard nie ma klucza na wplywy z kredytow (change_in_bank_loans to mimo nazwy SKUP AKCJI WLASNYCH)
AGL,CF_FIN,Repayment of borrowings,POMIN,,1,PEWNE,"AGROLIGA GROUP PLC raport roczny 2025 (strony-obrazki, OCR eng) + kolumna biznesradar.pl 2025 (gru 25)",j.w.
AGL,CF_FIN,Dividends paid to equity holders of the parent,dividend,-1,1,PEWNE,"AGROLIGA GROUP PLC raport roczny 2025 (strony-obrazki, OCR eng) + kolumna biznesradar.pl 2025 (gru 25)",pusta w obu okresach - spolka nie placila dywidendy; biznesradar ma 0
AGL,CF_FIN,Dividends paid to non-controlling interests,dividend,-1,1,PEWNE,"AGROLIGA GROUP PLC raport roczny 2025 (strony-obrazki, OCR eng) + kolumna biznesradar.pl 2025 (gru 25)",j.w.
AGL,CF_FIN,Interest paid,repaid_bank_loans,-1,1,PEWNE,"AGROLIGA GROUP PLC raport roczny 2025 (strony-obrazki, OCR eng) + kolumna biznesradar.pl 2025 (gru 25)","klucz repaid_bank_loans ma w standardzie etykiete ""Odsetki zaplacone"""
AGL,CF_FIN,Net cash (loss) generated by financing activities,financing_cashflow,1,1,PEWNE,"AGROLIGA GROUP PLC raport roczny 2025 (strony-obrazki, OCR eng) + kolumna biznesradar.pl 2025 (gru 25)","8 311 x 4,2267 = 35 128 = CashflowFinancingCashflow"
AGL,CF_FIN,Net increase (decrease) in cash,net_cashflow,1,1,PEWNE,"AGROLIGA GROUP PLC raport roczny 2025 (strony-obrazki, OCR eng) + kolumna biznesradar.pl 2025 (gru 25)","-1 565 x 4,2267 = -6 615 = CashflowNetCashflow"
AGL,CF_FIN,Cash at the beginning of the year,POMIN,,1,PEWNE,"AGROLIGA GROUP PLC raport roczny 2025 (strony-obrazki, OCR eng) + kolumna biznesradar.pl 2025 (gru 25)",
AGL,CF_FIN,Effect of exchange rates fluctuations on cash and cash equivalents,POMIN,,1,PEWNE,"AGROLIGA GROUP PLC raport roczny 2025 (strony-obrazki, OCR eng) + kolumna biznesradar.pl 2025 (gru 25)",roznice kursowe od srodkow pienieznych - poza suma przeplywow
AGL,CF_FIN,Cash at the end of the year,POMIN,,1,PEWNE,"AGROLIGA GROUP PLC raport roczny 2025 (strony-obrazki, OCR eng) + kolumna biznesradar.pl 2025 (gru 25)",
JSW,RZIS,"Koszt sprzedanych produktów, materiałów i towarów",cost_of_sales,-1,1,PEWNE,JSW Q1 2026 + kolumna biznesradar.pl 2026/Q1,
JSW,RZIS,Koszty sprzedaży,distribution_expenses,-1,1,PEWNE,JSW Q1 2026 + kolumna biznesradar.pl 2026/Q1,
JSW,RZIS,Koszty administracyjne,administrative_expenses,-1,1,PEWNE,JSW Q1 2026 + kolumna biznesradar.pl 2026/Q1,"JSW mowi ""administracyjne"", nie ""ogolnego zarzadu"""
JSW,RZIS,(STRATA) BRUTTO ZE SPRZEDAŻY,gross_profit,1,1,PEWNE,JSW Q1 2026 + kolumna biznesradar.pl 2026/Q1,"zbiezne: standardowy gross_profit = revenues - KWS - sprzedazy - administracyjne, ale JSW liczy zysk brutto ze sprzedazy PRZED tymi kosztami -> regula obliczana i tak nadpisze"
JSW,RZIS,Pozostałe przychody,other_operating_income,1,1,PEWNE,JSW Q1 2026 + kolumna biznesradar.pl 2026/Q1,
JSW,RZIS,Utrata wartości niefinansowych aktywów trwałych,other_operating_income,1,1,PEWNE,JSW Q1 2026 + kolumna biznesradar.pl 2026/Q1,"POTWIERDZONE: 17,6 - 39,9 - 0,8 = -23,1 = other_operating_income u biznesradaru. Odpis jest w raporcie UJEMNY, wiec znak +1"
JSW,RZIS,Pozostałe zyski/(straty) – netto,other_operating_income,1,1,PEWNE,JSW Q1 2026 + kolumna biznesradar.pl 2026/Q1,pozycja juz ma znak
JSW,RZIS,Pozostałe koszty,other_operating_costs,-1,1,PEWNE,JSW Q1 2026 + kolumna biznesradar.pl 2026/Q1,"globalny alias ciagnie ""Pozostale koszty"" do cost_of_sales (uklad rodzajowy) - u JSW to pozostale koszty operacyjne"
JSW,RZIS,(STRATA) OPERACYJNA,ebit,1,1,PEWNE,JSW Q1 2026 + kolumna biznesradar.pl 2026/Q1,
JSW,RZIS,Koszty finansowe,finance_costs,-1,1,PEWNE,JSW Q1 2026 + kolumna biznesradar.pl 2026/Q1,
JSW,RZIS,Udział w zyskach jednostek stowarzyszonych,other_income,1,1,PEWNE,JSW Q1 2026 + kolumna biznesradar.pl 2026/Q1,
JSW,RZIS,(STRATA) PRZED OPODATKOWANIEM,before_tax_profit,1,1,PEWNE,JSW Q1 2026 + kolumna biznesradar.pl 2026/Q1,
JSW,RZIS,(STRATA) PRZED OPODATKOWANIEM,net_gross_profit,1,1,PEWNE,JSW Q1 2026 + kolumna biznesradar.pl 2026/Q1,standard nie ma reguly na net_gross_profit; biznesradar trzyma tu te sama liczbe co before_tax_profit
JSW,RZIS,(STRATA) NETTO Z DZIAŁALNOŚCI KONTYNUOWANEJ,POMIN,,1,PEWNE,JSW Q1 2026 + kolumna biznesradar.pl 2026/Q1,standard ma tylko net_profit (lacznie) i discontinued_profit
JSW,RZIS,ZYSK/(STRATA) NETTO Z DZIAŁALNOŚCI ZANIECHANEJ,discontinued_profit,1,1,PEWNE,JSW Q1 2026 + kolumna biznesradar.pl 2026/Q1,"UWAGA: biznesradar ma tu 0, choc jego net_profit -615 900 te strate juz zawiera"
JSW,RZIS,(STRATA) NETTO,net_profit,1,1,PEWNE,JSW Q1 2026 + kolumna biznesradar.pl 2026/Q1,
JSW,RZIS,Podatek dochodowy,POMIN,,1,PEWNE,JSW Q1 2026 + kolumna biznesradar.pl 2026/Q1,standard nie ma klucza na podatek - wynika z roznicy before_tax_profit - net_profit
JSW,RZIS,(Strata) netto przypadająca na: - akcjonariuszy Jednostki dominującej,shareholder_net_profit,1,1,PEWNE,JSW Q1 2026 + kolumna biznesradar.pl 2026/Q1,
JSW,RZIS,- udziały niekontrolujące,POMIN,,1,PEWNE,JSW Q1 2026 + kolumna biznesradar.pl 2026/Q1,"w RZiS to rozbicie wyniku, nie pozycja bilansu"
JSW,RZIS,"Inne całkowite dochody z działalności kontynuowanej, które będą podlegały przeklasyfikowaniu do wyniku netto: Zmiana wartości instrumentów zabezpieczających",POMIN,,1,PEWNE,JSW Q1 2026 + kolumna biznesradar.pl 2026/Q1,
JSW,RZIS,INNE CAŁKOWITE DOCHODY RAZEM Z DZIAŁALNOŚCI KONTYNUOWANEJ,POMIN,,1,PEWNE,JSW Q1 2026 + kolumna biznesradar.pl 2026/Q1,
JSW,RZIS,CAŁKOWITE DOCHODY RAZEM Z DZIAŁALNOŚCI KONTYNUOWANEJ,POMIN,,1,PEWNE,JSW Q1 2026 + kolumna biznesradar.pl 2026/Q1,
JSW,RZIS,CAŁKOWITE DOCHODY RAZEM Z DZIAŁALNOŚCI ZANIECHANEJ,POMIN,,1,PEWNE,JSW Q1 2026 + kolumna biznesradar.pl 2026/Q1,
JSW,RZIS,CAŁKOWITE DOCHODY RAZEM,POMIN,,1,PEWNE,JSW Q1 2026 + kolumna biznesradar.pl 2026/Q1,
JSW,RZIS,Całkowite dochody przypadające na: - akcjonariuszy Jednostki dominującej,POMIN,,1,PEWNE,JSW Q1 2026 + kolumna biznesradar.pl 2026/Q1,
JSW,RZIS,Podstawowa i rozwodniona (strata) netto na akcję przypadająca na akcjonariuszy Jednostki dominującej (wyrażona w PLN na jedną akcję),POMIN,,1,PEWNE,JSW Q1 2026 + kolumna biznesradar.pl 2026/Q1,
JSW,AKT_TRW,Prawo do użytkowania składnika aktywów,property,1,1,PEWNE,JSW Q1 2026 + kolumna biznesradar.pl 2026/Q1,"POTWIERDZONE: 7 646,6 + 350,5 = 7 997,1 = BalanceProperty"
JSW,AKT_TRW,Prawo do użytkowania składnika aktywów,right_to_use_assets,1,1,PEWNE,JSW Q1 2026 + kolumna biznesradar.pl 2026/Q1,"pozycja ""w tym"" - wchodzi rowniez do property"
JSW,AKT_TRW,Nieruchomości inwestycyjne,noncurrent_investments,1,1,PEWNE,JSW Q1 2026 + kolumna biznesradar.pl 2026/Q1,"POTWIERDZONE: 17,3+1,4+231,5+512,2 = 762,4 = BalanceNoncurrInvestments"
JSW,AKT_TRW,Inwestycje w portfel aktywów FIZ,noncurrent_investments,1,1,PEWNE,JSW Q1 2026 + kolumna biznesradar.pl 2026/Q1,fundusz inwestycyjny zamkniety powolany do finansowania wydobycia
JSW,AKT_OBR,Nadpłacony podatek dochodowy,current_receivables,1,1,PEWNE,JSW Q1 2026 + kolumna biznesradar.pl 2026/Q1,"POTWIERDZONE: 992,6 + 3,2 = 995,8 = BalanceCurrentReceivables"
JSW,AKT_OBR,Aktywa trwałe (grupa do zbycia) przeznaczone do sprzedaży,assets_for_sale,1,1,PEWNE,JSW Q1 2026 + kolumna biznesradar.pl 2026/Q1,"skladnik aktywow obrotowych, nie trzeci skladnik sumy bilansowej"
JSW,KAPITAL,Nadwyżka wartości emisyjnej akcji nad ich wartością nominalną,reserve,1,1,PEWNE,JSW Q1 2026 + kolumna biznesradar.pl 2026/Q1,POTWIERDZONE: BalanceReserve = 905 000
JSW,KAPITAL,RAZEM KAPITAŁ WŁASNY PRZYPADAJĄCY NA AKCJONARIUSZY JEDNOSTKI DOMINUJĄCEJ,POMIN,,1,PEWNE,JSW Q1 2026 + kolumna biznesradar.pl 2026/Q1,"strona www biznesradaru pokazuje te liczbe jako ""Kapital wlasny akcjonariuszy jednostki dominujacej"", ale WZORZEC trzyma w capital caly kapital wlasny (POTWIERDZONE KGH.xlsx: capital 37 011 000 = 36 941 + 70 mniejszosci)"
JSW,KAPITAL,RAZEM KAPITAŁ WŁASNY,capital,1,1,PEWNE,JSW Q1 2026 + kolumna biznesradar.pl 2026/Q1,"caly kapital wlasny, z udzialami niekontrolujacymi - nonshare_capital jest skladnikiem ""w tym"""
JSW,ZOB_DL,Zobowiązania handlowe oraz pozostałe zobowiązania,noncurrent_trade_payables,1,1,PEWNE,JSW Q1 2026 + kolumna biznesradar.pl 2026/Q1,
JSW,ZOB_DL,Rezerwy,noncurrent_other_liabilities,1,1,PEWNE,JSW Q1 2026 + kolumna biznesradar.pl 2026/Q1,"POTWIERDZONE: 3,7+788,8+1504,9 = 2 297,4 = BalanceNoncurrentOtherLiabilities"
JSW,ZOB_KR,Zobowiązania handlowe oraz pozostałe zobowiązania,current_trade_payables,1,1,PEWNE,JSW Q1 2026 + kolumna biznesradar.pl 2026/Q1,
JSW,ZOB_KR,Zobowiązania FIZ,current_other_liabilities,1,1,PEWNE,JSW Q1 2026 + kolumna biznesradar.pl 2026/Q1,
JSW,ZOB_KR,Zobowiązania związane z aktywami przeznaczonymi do sprzedaży,current_other_liabilities,1,1,PEWNE,JSW Q1 2026 + kolumna biznesradar.pl 2026/Q1,"POTWIERDZONE: 10+159,7+283,6+340+129,5+134,3 = 1 057,1. Standard NIE ma klucza na zobowiazania grupy do zbycia"
JSW,ZOB_KR,RAZEM ZOBOWIĄZANIA,POMIN,,1,PEWNE,JSW Q1 2026 + kolumna biznesradar.pl 2026/Q1,
JSW,PASYWA,RAZEM KAPITAŁ WŁASNY I ZOBOWIĄZANIA,total_equity_liabilities,1,1,PEWNE,JSW Q1 2026 + kolumna biznesradar.pl 2026/Q1,
JSW,CF,Wpływy pieniężne z działalności operacyjnej,POMIN,,1,PEWNE,JSW Q1 2026 + kolumna biznesradar.pl 2026/Q1,agregat; rozbicie siedzi w nocie 8.1
JSW,CF,Podatek dochodowy zapłacony,POMIN,,1,PEWNE,JSW Q1 2026 + kolumna biznesradar.pl 2026/Q1,standard nie ma klucza na podatek zaplacony
JSW,CF_INW,PRZEPŁYWY PIENIĘŻNE NETTO Z DZIAŁALNOŚCI INWESTYCYJNEJ,investing_cashflow,1,1,PEWNE,JSW Q1 2026 + kolumna biznesradar.pl 2026/Q1,
JSW,CF_INW,w tym: odsetki i prowizje zapłacone stanowiące aktywowane koszty finansowania zewnętrznego,POMIN,,1,PEWNE,JSW Q1 2026 + kolumna biznesradar.pl 2026/Q1,"pozycja ""w tym"" wewnatrz nabycia rzeczowych aktywow trwalych"
JSW,CF_INW,Nabycie aktywów finansowych,POMIN,,1,PEWNE,JSW Q1 2026 + kolumna biznesradar.pl 2026/Q1,
JSW,CF_INW,Sprzedaż aktywów finansowych,POMIN,,1,PEWNE,JSW Q1 2026 + kolumna biznesradar.pl 2026/Q1,
JSW,CF_INW,Przepływy netto z inwestycji FIZ,POMIN,,1,PEWNE,JSW Q1 2026 + kolumna biznesradar.pl 2026/Q1,
JSW,CF_INW,Zaliczka otrzymana z tytułu sprzedaży akcji PBSz i udziałów JZR,POMIN,,1,PEWNE,JSW Q1 2026 + kolumna biznesradar.pl 2026/Q1,"wplyw, nie wydatek - outflows_for_acquisitions zostaje puste"
JSW,CF_FIN,Płatności związane z leasingiem,lease_liab_payments,-1,1,PEWNE,JSW Q1 2026 + kolumna biznesradar.pl 2026/Q1,POTWIERDZONE: CashflowLeasePayments = 48 900
JSW,CF_FIN,Odsetki i prowizje zapłacone z działalności finansowej,repaid_bank_loans,-1,1,PEWNE,JSW Q1 2026 + kolumna biznesradar.pl 2026/Q1,
JSW,CF_FIN,Pozostałe przepływy netto z działalności finansowej,POMIN,,1,PEWNE,JSW Q1 2026 + kolumna biznesradar.pl 2026/Q1,
JSW,NOTY,Amortyzacja,amortization,1,1,PEWNE,JSW Q1 2026 + kolumna biznesradar.pl 2026/Q1,POTWIERDZONE: CashflowAmortization = 416 400
JSW,NOTY,(Strata) przed opodatkowaniem,POMIN,,1,PEWNE,JSW Q1 2026 + kolumna biznesradar.pl 2026/Q1,
JSW,NOTY,(Zysk) z tytułu zbycia/likwidacji rzeczowych aktywów trwałych,POMIN,,1,PEWNE,JSW Q1 2026 + kolumna biznesradar.pl 2026/Q1,
JSW,NOTY,Odsetki i udziały w zyskach,POMIN,,1,PEWNE,JSW Q1 2026 + kolumna biznesradar.pl 2026/Q1,
JSW,NOTY,Zmiana stanu zobowiązań z tytułu świadczeń pracowniczych,POMIN,,1,PEWNE,JSW Q1 2026 + kolumna biznesradar.pl 2026/Q1,kapital obrotowy liczony z bilansu
JSW,NOTY,Zmiana stanu rezerw,POMIN,,1,PEWNE,JSW Q1 2026 + kolumna biznesradar.pl 2026/Q1,
JSW,NOTY,Zmiana stanu zapasów,POMIN,,1,PEWNE,JSW Q1 2026 + kolumna biznesradar.pl 2026/Q1,
JSW,NOTY,Zmiana stanu należności handlowych oraz pozostałych należności,POMIN,,1,PEWNE,JSW Q1 2026 + kolumna biznesradar.pl 2026/Q1,
JSW,NOTY,Zmiana stanu zobowiązań handlowych oraz pozostałych zobowiązań,POMIN,,1,PEWNE,JSW Q1 2026 + kolumna biznesradar.pl 2026/Q1,
JSW,NOTY,Zmiana stanu pochodnych instrumentów finansowych,POMIN,,1,PEWNE,JSW Q1 2026 + kolumna biznesradar.pl 2026/Q1,
JSW,NOTY,"Odpisy aktualizujące rzeczowe aktywa trwałe, wartości niematerialne oraz prawo do użytkowania składnika aktywów",POMIN,,1,PEWNE,JSW Q1 2026 + kolumna biznesradar.pl 2026/Q1,
JSW,NOTY,Środki pieniężne przeklasyfikowane do grupy do zbycia przeznaczonej do sprzedaży,POMIN,,1,PEWNE,JSW Q1 2026 + kolumna biznesradar.pl 2026/Q1,
JSW,NOTY,Pozostałe przepływy,POMIN,,1,PEWNE,JSW Q1 2026 + kolumna biznesradar.pl 2026/Q1,
JSW,NOTY,WPŁYWY PIENIĘŻNE Z DZIAŁALNOŚCI OPERACYJNEJ,POMIN,,1,PEWNE,JSW Q1 2026 + kolumna biznesradar.pl 2026/Q1,
